Seqsample,Seqorder,Microtiter_plate_well,Sample,Experiment,Plate_name,Strain,DNA_construct,Replicate,Transfer,Isolate,Transformation_library,verA,verB,Candidate,Count
TFMN4.exp2.ACN3788.concX_largeLib_EcorI.1.T3.P,SeqCenter_2026-05-26_QUO1022807,B3,TFMN4.exp2.ACN3788.concX_largeLib_EcorI.1,TFMN4,exp2,ACN3788,concX_largeLib_EcorI,1,3,P,verABLib_large,A78,B3,A78-B3,1
TFMN4.exp2.ACN3788.concX_largeLib_EcorI.1.T3.P,SeqCenter_2026-05-26_QUO1022807,B3,TFMN4.exp2.ACN3788.concX_largeLib_EcorI.1,TFMN4,exp2,ACN3788,concX_largeLib_EcorI,1,3,P,verABLib_large,A83,B151,A83-B151,38
TFMN4.exp2.ACN3788.concX_largeLib_PCR_DpnI_cleanup.1.T3.P,SeqCenter_2026-05-26_QUO1022807,B8,TFMN4.exp2.ACN3788.concX_largeLib_PCR_DpnI_cleanup.1,TFMN4,exp2,ACN3788,concX_largeLib_PCR_DpnI_cleanup,1,3,P,verABLib_large,A145,B151,A145-B151,1
TFMN4.exp2.ACN3788.concX_largeLib_PCR_DpnI_cleanup.1.T3.P,SeqCenter_2026-05-26_QUO1022807,B8,TFMN4.exp2.ACN3788.concX_largeLib_PCR_DpnI_cleanup.1,TFMN4,exp2,ACN3788,concX_largeLib_PCR_DpnI_cleanup,1,3,P,verABLib_large,A153,B151,A153-B151,10
TFMN4.exp2.ACN3788.concX_largeLib_PCR_DpnI_cleanup.1.T3.P,SeqCenter_2026-05-26_QUO1022807,B8,TFMN4.exp2.ACN3788.concX_largeLib_PCR_DpnI_cleanup.1,TFMN4,exp2,ACN3788,concX_largeLib_PCR_DpnI_cleanup,1,3,P,verABLib_large,A153,B168,A153-B168,2
TFMN4.exp2.ACN3788.concX_largeLib_PCR_DpnI_cleanup.1.T4.P,SeqCenter_2026-05-26_QUO1022807,B8,TFMN4.exp2.ACN3788.concX_largeLib_PCR_DpnI_cleanup.1,TFMN4,exp2,ACN3788,concX_largeLib_PCR_DpnI_cleanup,1,4,P,verABLib_large,A153,B151,A153-B151,230
TFMN4.exp2.ACN3788.concX_largeLib_PCR_DpnI_cleanup.1.T4.P,SeqCenter_2026-05-26_QUO1022807,B8,TFMN4.exp2.ACN3788.concX_largeLib_PCR_DpnI_cleanup.1,TFMN4,exp2,ACN3788,concX_largeLib_PCR_DpnI_cleanup,1,4,P,verABLib_large,A153,B168,A153-B168,16
TFMN4.exp2.ACN3788.concX_largeLib_PCR_DpnI_cleanup.1.T4.P,SeqCenter_2026-05-26_QUO1022807,B8,TFMN4.exp2.ACN3788.concX_largeLib_PCR_DpnI_cleanup.1,TFMN4,exp2,ACN3788,concX_largeLib_PCR_DpnI_cleanup,1,4,P,verABLib_large,A155,B151,A155-B151,1
TFMN4.exp2.ACN3788.concX_largeLib_PCR_DpnI_cleanup.3.T3.P,SeqCenter_2026-05-26_QUO1022807,D8,TFMN4.exp2.ACN3788.concX_largeLib_PCR_DpnI_cleanup.3,TFMN4,exp2,ACN3788,concX_largeLib_PCR_DpnI_cleanup,3,3,P,verABLib_large,A78,B117,A78-B117,1
TFMN4.exp2.ACN3788.concX_largeLib_PCR_DpnI_cleanup.3.T4.P,SeqCenter_2026-05-26_QUO1022807,D8,TFMN4.exp2.ACN3788.concX_largeLib_PCR_DpnI_cleanup.3,TFMN4,exp2,ACN3788,concX_largeLib_PCR_DpnI_cleanup,3,4,P,verABLib_large,A78,B117,A78-B117,24
TFMN4.exp2.ACN3788.concX_largeLib_SpeI.1.T13.P,SeqCenter_2026-05-26_QUO1022807,B4,TFMN4.exp2.ACN3788.concX_largeLib_SpeI.1,TFMN4,exp2,ACN3788,concX_largeLib_SpeI,1,13,P,verABLib_large,A138,B79,A138-B79,1
TFMN4.exp2.ACN3788.concX_largeLib_SpeI.1.T13.P,SeqCenter_2026-05-26_QUO1022807,B4,TFMN4.exp2.ACN3788.concX_largeLib_SpeI.1,TFMN4,exp2,ACN3788,concX_largeLib_SpeI,1,13,P,verABLib_large,A143,B84,A143-B84,3
TFMN4.exp2.ACN3788.concX_largeLib_SpeI.1.T13.P,SeqCenter_2026-05-26_QUO1022807,B4,TFMN4.exp2.ACN3788.concX_largeLib_SpeI.1,TFMN4,exp2,ACN3788,concX_largeLib_SpeI,1,13,P,verABLib_large,A186,B78,A186-B78,1
TFMN4.exp2.ACN3788.concX_largeLib_SpeI.1.T13.P,SeqCenter_2026-05-26_QUO1022807,B4,TFMN4.exp2.ACN3788.concX_largeLib_SpeI.1,TFMN4,exp2,ACN3788,concX_largeLib_SpeI,1,13,P,verABLib_large,A186,B79,A186-B79,7
TFMN4.exp2.ACN3788.concX_largeLib_SpeI.1.T13.P,SeqCenter_2026-05-26_QUO1022807,B4,TFMN4.exp2.ACN3788.concX_largeLib_SpeI.1,TFMN4,exp2,ACN3788,concX_largeLib_SpeI,1,13,P,verABLib_large,A196,B87,A196-B87,1
TFMN4.exp2.ACN3788.concX_largeLib_SpeI.1.T13.P,SeqCenter_2026-05-26_QUO1022807,B4,TFMN4.exp2.ACN3788.concX_largeLib_SpeI.1,TFMN4,exp2,ACN3788,concX_largeLib_SpeI,1,13,P,verABLib_large,A78,B151,A78-B151,1
TFMN4.exp2.ACN3788.concX_largeLib_SpeI.1.T13.P,SeqCenter_2026-05-26_QUO1022807,B4,TFMN4.exp2.ACN3788.concX_largeLib_SpeI.1,TFMN4,exp2,ACN3788,concX_largeLib_SpeI,1,13,P,verABLib_large,A78,B77,A78-B77,2
TFMN4.exp2.ACN3788.concX_largeLib_SpeI.1.T13.P,SeqCenter_2026-05-26_QUO1022807,B4,TFMN4.exp2.ACN3788.concX_largeLib_SpeI.1,TFMN4,exp2,ACN3788,concX_largeLib_SpeI,1,13,P,verABLib_large,A81,B132,A81-B132,2
TFMN4.exp2.ACN3788.concX_largeLib_SpeI.1.T13.P,SeqCenter_2026-05-26_QUO1022807,B4,TFMN4.exp2.ACN3788.concX_largeLib_SpeI.1,TFMN4,exp2,ACN3788,concX_largeLib_SpeI,1,13,P,verABLib_large,A81,B8,A81-B8,181
TFMN4.exp2.ACN3788.concX_largeLib_SpeI.1.T3.P,SeqCenter_2026-05-26_QUO1022807,B4,TFMN4.exp2.ACN3788.concX_largeLib_SpeI.1,TFMN4,exp2,ACN3788,concX_largeLib_SpeI,1,3,P,verABLib_large,A143,B84,A143-B84,3
TFMN4.exp2.ACN3788.concX_largeLib_SpeI.1.T3.P,SeqCenter_2026-05-26_QUO1022807,B4,TFMN4.exp2.ACN3788.concX_largeLib_SpeI.1,TFMN4,exp2,ACN3788,concX_largeLib_SpeI,1,3,P,verABLib_large,A152,B110,A152-B110,3
TFMN4.exp2.ACN3788.concX_largeLib_SpeI.1.T3.P,SeqCenter_2026-05-26_QUO1022807,B4,TFMN4.exp2.ACN3788.concX_largeLib_SpeI.1,TFMN4,exp2,ACN3788,concX_largeLib_SpeI,1,3,P,verABLib_large,A152,B151,A152-B151,3
TFMN4.exp2.ACN3788.concX_largeLib_SpeI.1.T3.P,SeqCenter_2026-05-26_QUO1022807,B4,TFMN4.exp2.ACN3788.concX_largeLib_SpeI.1,TFMN4,exp2,ACN3788,concX_largeLib_SpeI,1,3,P,verABLib_large,A153,B30,A153-B30,2
TFMN4.exp2.ACN3788.concX_largeLib_SpeI.1.T3.P,SeqCenter_2026-05-26_QUO1022807,B4,TFMN4.exp2.ACN3788.concX_largeLib_SpeI.1,TFMN4,exp2,ACN3788,concX_largeLib_SpeI,1,3,P,verABLib_large,A153,B6,A153-B6,2
TFMN4.exp2.ACN3788.concX_largeLib_SpeI.1.T3.P,SeqCenter_2026-05-26_QUO1022807,B4,TFMN4.exp2.ACN3788.concX_largeLib_SpeI.1,TFMN4,exp2,ACN3788,concX_largeLib_SpeI,1,3,P,verABLib_large,A176,B120,A176-B120,3
TFMN4.exp2.ACN3788.concX_largeLib_SpeI.1.T3.P,SeqCenter_2026-05-26_QUO1022807,B4,TFMN4.exp2.ACN3788.concX_largeLib_SpeI.1,TFMN4,exp2,ACN3788,concX_largeLib_SpeI,1,3,P,verABLib_large,A186,B79,A186-B79,4
TFMN4.exp2.ACN3788.concX_largeLib_SpeI.1.T3.P,SeqCenter_2026-05-26_QUO1022807,B4,TFMN4.exp2.ACN3788.concX_largeLib_SpeI.1,TFMN4,exp2,ACN3788,concX_largeLib_SpeI,1,3,P,verABLib_large,A196,B117,A196-B117,13
TFMN4.exp2.ACN3788.concX_largeLib_SpeI.1.T3.P,SeqCenter_2026-05-26_QUO1022807,B4,TFMN4.exp2.ACN3788.concX_largeLib_SpeI.1,TFMN4,exp2,ACN3788,concX_largeLib_SpeI,1,3,P,verABLib_large,A196,B122,A196-B122,4
TFMN4.exp2.ACN3788.concX_largeLib_SpeI.1.T3.P,SeqCenter_2026-05-26_QUO1022807,B4,TFMN4.exp2.ACN3788.concX_largeLib_SpeI.1,TFMN4,exp2,ACN3788,concX_largeLib_SpeI,1,3,P,verABLib_large,A196,B123,A196-B123,2
TFMN4.exp2.ACN3788.concX_largeLib_SpeI.1.T3.P,SeqCenter_2026-05-26_QUO1022807,B4,TFMN4.exp2.ACN3788.concX_largeLib_SpeI.1,TFMN4,exp2,ACN3788,concX_largeLib_SpeI,1,3,P,verABLib_large,A196,B150,A196-B150,1
TFMN4.exp2.ACN3788.concX_largeLib_SpeI.1.T3.P,SeqCenter_2026-05-26_QUO1022807,B4,TFMN4.exp2.ACN3788.concX_largeLib_SpeI.1,TFMN4,exp2,ACN3788,concX_largeLib_SpeI,1,3,P,verABLib_large,A196,B171,A196-B171,4
TFMN4.exp2.ACN3788.concX_largeLib_SpeI.1.T3.P,SeqCenter_2026-05-26_QUO1022807,B4,TFMN4.exp2.ACN3788.concX_largeLib_SpeI.1,TFMN4,exp2,ACN3788,concX_largeLib_SpeI,1,3,P,verABLib_large,A196,B2,A196-B2,2
TFMN4.exp2.ACN3788.concX_largeLib_SpeI.1.T3.P,SeqCenter_2026-05-26_QUO1022807,B4,TFMN4.exp2.ACN3788.concX_largeLib_SpeI.1,TFMN4,exp2,ACN3788,concX_largeLib_SpeI,1,3,P,verABLib_large,A196,B27,A196-B27,3
TFMN4.exp2.ACN3788.concX_largeLib_SpeI.1.T3.P,SeqCenter_2026-05-26_QUO1022807,B4,TFMN4.exp2.ACN3788.concX_largeLib_SpeI.1,TFMN4,exp2,ACN3788,concX_largeLib_SpeI,1,3,P,verABLib_large,A196,B30,A196-B30,2
TFMN4.exp2.ACN3788.concX_largeLib_SpeI.1.T3.P,SeqCenter_2026-05-26_QUO1022807,B4,TFMN4.exp2.ACN3788.concX_largeLib_SpeI.1,TFMN4,exp2,ACN3788,concX_largeLib_SpeI,1,3,P,verABLib_large,A196,B59,A196-B59,1
TFMN4.exp2.ACN3788.concX_largeLib_SpeI.1.T3.P,SeqCenter_2026-05-26_QUO1022807,B4,TFMN4.exp2.ACN3788.concX_largeLib_SpeI.1,TFMN4,exp2,ACN3788,concX_largeLib_SpeI,1,3,P,verABLib_large,A196,B87,A196-B87,10
TFMN4.exp2.ACN3788.concX_largeLib_SpeI.1.T3.P,SeqCenter_2026-05-26_QUO1022807,B4,TFMN4.exp2.ACN3788.concX_largeLib_SpeI.1,TFMN4,exp2,ACN3788,concX_largeLib_SpeI,1,3,P,verABLib_large,A20,B126,A20-B126,1
TFMN4.exp2.ACN3788.concX_largeLib_SpeI.1.T3.P,SeqCenter_2026-05-26_QUO1022807,B4,TFMN4.exp2.ACN3788.concX_largeLib_SpeI.1,TFMN4,exp2,ACN3788,concX_largeLib_SpeI,1,3,P,verABLib_large,A20,B60,A20-B60,1
TFMN4.exp2.ACN3788.concX_largeLib_SpeI.1.T3.P,SeqCenter_2026-05-26_QUO1022807,B4,TFMN4.exp2.ACN3788.concX_largeLib_SpeI.1,TFMN4,exp2,ACN3788,concX_largeLib_SpeI,1,3,P,verABLib_large,A63,B117,A63-B117,2
TFMN4.exp2.ACN3788.concX_largeLib_SpeI.1.T3.P,SeqCenter_2026-05-26_QUO1022807,B4,TFMN4.exp2.ACN3788.concX_largeLib_SpeI.1,TFMN4,exp2,ACN3788,concX_largeLib_SpeI,1,3,P,verABLib_large,A63,B147,A63-B147,2
TFMN4.exp2.ACN3788.concX_largeLib_SpeI.1.T3.P,SeqCenter_2026-05-26_QUO1022807,B4,TFMN4.exp2.ACN3788.concX_largeLib_SpeI.1,TFMN4,exp2,ACN3788,concX_largeLib_SpeI,1,3,P,verABLib_large,A63,B151,A63-B151,2
TFMN4.exp2.ACN3788.concX_largeLib_SpeI.1.T3.P,SeqCenter_2026-05-26_QUO1022807,B4,TFMN4.exp2.ACN3788.concX_largeLib_SpeI.1,TFMN4,exp2,ACN3788,concX_largeLib_SpeI,1,3,P,verABLib_large,A63,B75,A63-B75,1
TFMN4.exp2.ACN3788.concX_largeLib_SpeI.1.T3.P,SeqCenter_2026-05-26_QUO1022807,B4,TFMN4.exp2.ACN3788.concX_largeLib_SpeI.1,TFMN4,exp2,ACN3788,concX_largeLib_SpeI,1,3,P,verABLib_large,A78,B103,A78-B103,2
TFMN4.exp2.ACN3788.concX_largeLib_SpeI.1.T3.P,SeqCenter_2026-05-26_QUO1022807,B4,TFMN4.exp2.ACN3788.concX_largeLib_SpeI.1,TFMN4,exp2,ACN3788,concX_largeLib_SpeI,1,3,P,verABLib_large,A78,B137,A78-B137,8
TFMN4.exp2.ACN3788.concX_largeLib_SpeI.1.T3.P,SeqCenter_2026-05-26_QUO1022807,B4,TFMN4.exp2.ACN3788.concX_largeLib_SpeI.1,TFMN4,exp2,ACN3788,concX_largeLib_SpeI,1,3,P,verABLib_large,A78,B150,A78-B150,1
TFMN4.exp2.ACN3788.concX_largeLib_SpeI.1.T3.P,SeqCenter_2026-05-26_QUO1022807,B4,TFMN4.exp2.ACN3788.concX_largeLib_SpeI.1,TFMN4,exp2,ACN3788,concX_largeLib_SpeI,1,3,P,verABLib_large,A78,B151,A78-B151,11
TFMN4.exp2.ACN3788.concX_largeLib_SpeI.1.T3.P,SeqCenter_2026-05-26_QUO1022807,B4,TFMN4.exp2.ACN3788.concX_largeLib_SpeI.1,TFMN4,exp2,ACN3788,concX_largeLib_SpeI,1,3,P,verABLib_large,A78,B171,A78-B171,5
TFMN4.exp2.ACN3788.concX_largeLib_SpeI.1.T3.P,SeqCenter_2026-05-26_QUO1022807,B4,TFMN4.exp2.ACN3788.concX_largeLib_SpeI.1,TFMN4,exp2,ACN3788,concX_largeLib_SpeI,1,3,P,verABLib_large,A78,B70,A78-B70,3
TFMN4.exp2.ACN3788.concX_largeLib_SpeI.1.T3.P,SeqCenter_2026-05-26_QUO1022807,B4,TFMN4.exp2.ACN3788.concX_largeLib_SpeI.1,TFMN4,exp2,ACN3788,concX_largeLib_SpeI,1,3,P,verABLib_large,A78,B77,A78-B77,7
TFMN4.exp2.ACN3788.concX_largeLib_SpeI.1.T3.P,SeqCenter_2026-05-26_QUO1022807,B4,TFMN4.exp2.ACN3788.concX_largeLib_SpeI.1,TFMN4,exp2,ACN3788,concX_largeLib_SpeI,1,3,P,verABLib_large,A78,B84,A78-B84,7
TFMN4.exp2.ACN3788.concX_largeLib_SpeI.1.T3.P,SeqCenter_2026-05-26_QUO1022807,B4,TFMN4.exp2.ACN3788.concX_largeLib_SpeI.1,TFMN4,exp2,ACN3788,concX_largeLib_SpeI,1,3,P,verABLib_large,A81,B132,A81-B132,5
TFMN4.exp2.ACN3788.concX_largeLib_SpeI.1.T3.P,SeqCenter_2026-05-26_QUO1022807,B4,TFMN4.exp2.ACN3788.concX_largeLib_SpeI.1,TFMN4,exp2,ACN3788,concX_largeLib_SpeI,1,3,P,verABLib_large,A81,B140,A81-B140,2
TFMN4.exp2.ACN3788.concX_largeLib_SpeI.1.T3.P,SeqCenter_2026-05-26_QUO1022807,B4,TFMN4.exp2.ACN3788.concX_largeLib_SpeI.1,TFMN4,exp2,ACN3788,concX_largeLib_SpeI,1,3,P,verABLib_large,A81,B171,A81-B171,6
TFMN4.exp2.ACN3788.concX_largeLib_SpeI.1.T3.P,SeqCenter_2026-05-26_QUO1022807,B4,TFMN4.exp2.ACN3788.concX_largeLib_SpeI.1,TFMN4,exp2,ACN3788,concX_largeLib_SpeI,1,3,P,verABLib_large,A81,B18,A81-B18,2
TFMN4.exp2.ACN3788.concX_largeLib_SpeI.1.T3.P,SeqCenter_2026-05-26_QUO1022807,B4,TFMN4.exp2.ACN3788.concX_largeLib_SpeI.1,TFMN4,exp2,ACN3788,concX_largeLib_SpeI,1,3,P,verABLib_large,A81,B27,A81-B27,4
TFMN4.exp2.ACN3788.concX_largeLib_SpeI.1.T3.P,SeqCenter_2026-05-26_QUO1022807,B4,TFMN4.exp2.ACN3788.concX_largeLib_SpeI.1,TFMN4,exp2,ACN3788,concX_largeLib_SpeI,1,3,P,verABLib_large,A81,B3,A81-B3,1
TFMN4.exp2.ACN3788.concX_largeLib_SpeI.1.T3.P,SeqCenter_2026-05-26_QUO1022807,B4,TFMN4.exp2.ACN3788.concX_largeLib_SpeI.1,TFMN4,exp2,ACN3788,concX_largeLib_SpeI,1,3,P,verABLib_large,A81,B40,A81-B40,3
TFMN4.exp2.ACN3788.concX_largeLib_SpeI.1.T3.P,SeqCenter_2026-05-26_QUO1022807,B4,TFMN4.exp2.ACN3788.concX_largeLib_SpeI.1,TFMN4,exp2,ACN3788,concX_largeLib_SpeI,1,3,P,verABLib_large,A81,B75,A81-B75,8
TFMN4.exp2.ACN3788.concX_largeLib_SpeI.1.T3.P,SeqCenter_2026-05-26_QUO1022807,B4,TFMN4.exp2.ACN3788.concX_largeLib_SpeI.1,TFMN4,exp2,ACN3788,concX_largeLib_SpeI,1,3,P,verABLib_large,A81,B8,A81-B8,24
TFMN4.exp2.ACN3788.concX_largeLib_SpeI.1.T3.P,SeqCenter_2026-05-26_QUO1022807,B4,TFMN4.exp2.ACN3788.concX_largeLib_SpeI.1,TFMN4,exp2,ACN3788,concX_largeLib_SpeI,1,3,P,verABLib_large,A81,B84,A81-B84,1
TFMN4.exp2.ACN3788.concX_largeLib_SpeI.1.T3.P,SeqCenter_2026-05-26_QUO1022807,B4,TFMN4.exp2.ACN3788.concX_largeLib_SpeI.1,TFMN4,exp2,ACN3788,concX_largeLib_SpeI,1,3,P,verABLib_large,A83,B50,A83-B50,1
TFMN4.exp2.ACN3788.concX_largeLib_SpeI.1.T3.P,SeqCenter_2026-05-26_QUO1022807,B4,TFMN4.exp2.ACN3788.concX_largeLib_SpeI.1,TFMN4,exp2,ACN3788,concX_largeLib_SpeI,1,3,P,verABLib_large,A90,B120,A90-B120,5
TFMN4.exp2.ACN3788.concX_largeLib_SpeI.1.T3.P,SeqCenter_2026-05-26_QUO1022807,B4,TFMN4.exp2.ACN3788.concX_largeLib_SpeI.1,TFMN4,exp2,ACN3788,concX_largeLib_SpeI,1,3,P,verABLib_large,A90,B151,A90-B151,5
TFMN4.exp2.ACN3788.concX_largeLib_SpeI.1.T3.P,SeqCenter_2026-05-26_QUO1022807,B4,TFMN4.exp2.ACN3788.concX_largeLib_SpeI.1,TFMN4,exp2,ACN3788,concX_largeLib_SpeI,1,3,P,verABLib_large,A90,B155,A90-B155,2
TFMN4.exp2.ACN3788.concX_largeLib_SpeI.1.T3.P,SeqCenter_2026-05-26_QUO1022807,B4,TFMN4.exp2.ACN3788.concX_largeLib_SpeI.1,TFMN4,exp2,ACN3788,concX_largeLib_SpeI,1,3,P,verABLib_large,A90,B59,A90-B59,1
TFMN4.exp2.ACN3788.concX_largeLib_SpeI.1.T3.P,SeqCenter_2026-05-26_QUO1022807,B4,TFMN4.exp2.ACN3788.concX_largeLib_SpeI.1,TFMN4,exp2,ACN3788,concX_largeLib_SpeI,1,3,P,verABLib_large,A96,B79,A96-B79,2
TFMN4.exp2.ACN3788.concX_largeLib_SpeI.1.T3.P,SeqCenter_2026-05-26_QUO1022807,B4,TFMN4.exp2.ACN3788.concX_largeLib_SpeI.1,TFMN4,exp2,ACN3788,concX_largeLib_SpeI,1,3,P,verABLib_large,A96,B87,A96-B87,3
TFMN4.exp2.ACN3788.concX_largeLib_SpeI.1.T4.P,SeqCenter_2026-05-26_QUO1022807,B4,TFMN4.exp2.ACN3788.concX_largeLib_SpeI.1,TFMN4,exp2,ACN3788,concX_largeLib_SpeI,1,4,P,verABLib_large,A143,B84,A143-B84,10
TFMN4.exp2.ACN3788.concX_largeLib_SpeI.1.T4.P,SeqCenter_2026-05-26_QUO1022807,B4,TFMN4.exp2.ACN3788.concX_largeLib_SpeI.1,TFMN4,exp2,ACN3788,concX_largeLib_SpeI,1,4,P,verABLib_large,A153,B30,A153-B30,1
TFMN4.exp2.ACN3788.concX_largeLib_SpeI.1.T4.P,SeqCenter_2026-05-26_QUO1022807,B4,TFMN4.exp2.ACN3788.concX_largeLib_SpeI.1,TFMN4,exp2,ACN3788,concX_largeLib_SpeI,1,4,P,verABLib_large,A153,B6,A153-B6,4
TFMN4.exp2.ACN3788.concX_largeLib_SpeI.1.T4.P,SeqCenter_2026-05-26_QUO1022807,B4,TFMN4.exp2.ACN3788.concX_largeLib_SpeI.1,TFMN4,exp2,ACN3788,concX_largeLib_SpeI,1,4,P,verABLib_large,A186,B78,A186-B78,1
TFMN4.exp2.ACN3788.concX_largeLib_SpeI.1.T4.P,SeqCenter_2026-05-26_QUO1022807,B4,TFMN4.exp2.ACN3788.concX_largeLib_SpeI.1,TFMN4,exp2,ACN3788,concX_largeLib_SpeI,1,4,P,verABLib_large,A186,B79,A186-B79,1
TFMN4.exp2.ACN3788.concX_largeLib_SpeI.1.T4.P,SeqCenter_2026-05-26_QUO1022807,B4,TFMN4.exp2.ACN3788.concX_largeLib_SpeI.1,TFMN4,exp2,ACN3788,concX_largeLib_SpeI,1,4,P,verABLib_large,A196,B117,A196-B117,9
TFMN4.exp2.ACN3788.concX_largeLib_SpeI.1.T4.P,SeqCenter_2026-05-26_QUO1022807,B4,TFMN4.exp2.ACN3788.concX_largeLib_SpeI.1,TFMN4,exp2,ACN3788,concX_largeLib_SpeI,1,4,P,verABLib_large,A196,B151,A196-B151,1
TFMN4.exp2.ACN3788.concX_largeLib_SpeI.1.T4.P,SeqCenter_2026-05-26_QUO1022807,B4,TFMN4.exp2.ACN3788.concX_largeLib_SpeI.1,TFMN4,exp2,ACN3788,concX_largeLib_SpeI,1,4,P,verABLib_large,A196,B171,A196-B171,2
TFMN4.exp2.ACN3788.concX_largeLib_SpeI.1.T4.P,SeqCenter_2026-05-26_QUO1022807,B4,TFMN4.exp2.ACN3788.concX_largeLib_SpeI.1,TFMN4,exp2,ACN3788,concX_largeLib_SpeI,1,4,P,verABLib_large,A196,B2,A196-B2,1
TFMN4.exp2.ACN3788.concX_largeLib_SpeI.1.T4.P,SeqCenter_2026-05-26_QUO1022807,B4,TFMN4.exp2.ACN3788.concX_largeLib_SpeI.1,TFMN4,exp2,ACN3788,concX_largeLib_SpeI,1,4,P,verABLib_large,A196,B27,A196-B27,3
TFMN4.exp2.ACN3788.concX_largeLib_SpeI.1.T4.P,SeqCenter_2026-05-26_QUO1022807,B4,TFMN4.exp2.ACN3788.concX_largeLib_SpeI.1,TFMN4,exp2,ACN3788,concX_largeLib_SpeI,1,4,P,verABLib_large,A196,B59,A196-B59,6
TFMN4.exp2.ACN3788.concX_largeLib_SpeI.1.T4.P,SeqCenter_2026-05-26_QUO1022807,B4,TFMN4.exp2.ACN3788.concX_largeLib_SpeI.1,TFMN4,exp2,ACN3788,concX_largeLib_SpeI,1,4,P,verABLib_large,A196,B8,A196-B8,2
TFMN4.exp2.ACN3788.concX_largeLib_SpeI.1.T4.P,SeqCenter_2026-05-26_QUO1022807,B4,TFMN4.exp2.ACN3788.concX_largeLib_SpeI.1,TFMN4,exp2,ACN3788,concX_largeLib_SpeI,1,4,P,verABLib_large,A196,B87,A196-B87,3
TFMN4.exp2.ACN3788.concX_largeLib_SpeI.1.T4.P,SeqCenter_2026-05-26_QUO1022807,B4,TFMN4.exp2.ACN3788.concX_largeLib_SpeI.1,TFMN4,exp2,ACN3788,concX_largeLib_SpeI,1,4,P,verABLib_large,A78,B137,A78-B137,3
TFMN4.exp2.ACN3788.concX_largeLib_SpeI.1.T4.P,SeqCenter_2026-05-26_QUO1022807,B4,TFMN4.exp2.ACN3788.concX_largeLib_SpeI.1,TFMN4,exp2,ACN3788,concX_largeLib_SpeI,1,4,P,verABLib_large,A78,B151,A78-B151,9
TFMN4.exp2.ACN3788.concX_largeLib_SpeI.1.T4.P,SeqCenter_2026-05-26_QUO1022807,B4,TFMN4.exp2.ACN3788.concX_largeLib_SpeI.1,TFMN4,exp2,ACN3788,concX_largeLib_SpeI,1,4,P,verABLib_large,A78,B171,A78-B171,1
TFMN4.exp2.ACN3788.concX_largeLib_SpeI.1.T4.P,SeqCenter_2026-05-26_QUO1022807,B4,TFMN4.exp2.ACN3788.concX_largeLib_SpeI.1,TFMN4,exp2,ACN3788,concX_largeLib_SpeI,1,4,P,verABLib_large,A78,B70,A78-B70,2
TFMN4.exp2.ACN3788.concX_largeLib_SpeI.1.T4.P,SeqCenter_2026-05-26_QUO1022807,B4,TFMN4.exp2.ACN3788.concX_largeLib_SpeI.1,TFMN4,exp2,ACN3788,concX_largeLib_SpeI,1,4,P,verABLib_large,A78,B77,A78-B77,15
TFMN4.exp2.ACN3788.concX_largeLib_SpeI.1.T4.P,SeqCenter_2026-05-26_QUO1022807,B4,TFMN4.exp2.ACN3788.concX_largeLib_SpeI.1,TFMN4,exp2,ACN3788,concX_largeLib_SpeI,1,4,P,verABLib_large,A81,B132,A81-B132,3
TFMN4.exp2.ACN3788.concX_largeLib_SpeI.1.T4.P,SeqCenter_2026-05-26_QUO1022807,B4,TFMN4.exp2.ACN3788.concX_largeLib_SpeI.1,TFMN4,exp2,ACN3788,concX_largeLib_SpeI,1,4,P,verABLib_large,A81,B137,A81-B137,1
TFMN4.exp2.ACN3788.concX_largeLib_SpeI.1.T4.P,SeqCenter_2026-05-26_QUO1022807,B4,TFMN4.exp2.ACN3788.concX_largeLib_SpeI.1,TFMN4,exp2,ACN3788,concX_largeLib_SpeI,1,4,P,verABLib_large,A81,B171,A81-B171,1
TFMN4.exp2.ACN3788.concX_largeLib_SpeI.1.T4.P,SeqCenter_2026-05-26_QUO1022807,B4,TFMN4.exp2.ACN3788.concX_largeLib_SpeI.1,TFMN4,exp2,ACN3788,concX_largeLib_SpeI,1,4,P,verABLib_large,A81,B18,A81-B18,2
TFMN4.exp2.ACN3788.concX_largeLib_SpeI.1.T4.P,SeqCenter_2026-05-26_QUO1022807,B4,TFMN4.exp2.ACN3788.concX_largeLib_SpeI.1,TFMN4,exp2,ACN3788,concX_largeLib_SpeI,1,4,P,verABLib_large,A81,B51,A81-B51,3
TFMN4.exp2.ACN3788.concX_largeLib_SpeI.1.T4.P,SeqCenter_2026-05-26_QUO1022807,B4,TFMN4.exp2.ACN3788.concX_largeLib_SpeI.1,TFMN4,exp2,ACN3788,concX_largeLib_SpeI,1,4,P,verABLib_large,A81,B8,A81-B8,29
TFMN4.exp2.ACN3788.concX_largeLib_SpeI.1.T4.P,SeqCenter_2026-05-26_QUO1022807,B4,TFMN4.exp2.ACN3788.concX_largeLib_SpeI.1,TFMN4,exp2,ACN3788,concX_largeLib_SpeI,1,4,P,verABLib_large,A81,B84,A81-B84,1
TFMN4.exp2.ACN3788.concX_largeLib_SpeI.1.T4.P,SeqCenter_2026-05-26_QUO1022807,B4,TFMN4.exp2.ACN3788.concX_largeLib_SpeI.1,TFMN4,exp2,ACN3788,concX_largeLib_SpeI,1,4,P,verABLib_large,A90,B155,A90-B155,2
TFMN4.exp2.ACN3788.concX_largeLib_SpeI.1.T4.P,SeqCenter_2026-05-26_QUO1022807,B4,TFMN4.exp2.ACN3788.concX_largeLib_SpeI.1,TFMN4,exp2,ACN3788,concX_largeLib_SpeI,1,4,P,verABLib_large,A96,B47,A96-B47,1
TFMN4.exp2.ACN3788.concX_largeLib_SpeI.1.T6.P,SeqCenter_2026-05-26_QUO1022807,B4,TFMN4.exp2.ACN3788.concX_largeLib_SpeI.1,TFMN4,exp2,ACN3788,concX_largeLib_SpeI,1,6,P,verABLib_large,A143,B84,A143-B84,16
TFMN4.exp2.ACN3788.concX_largeLib_SpeI.1.T6.P,SeqCenter_2026-05-26_QUO1022807,B4,TFMN4.exp2.ACN3788.concX_largeLib_SpeI.1,TFMN4,exp2,ACN3788,concX_largeLib_SpeI,1,6,P,verABLib_large,A196,B117,A196-B117,11
TFMN4.exp2.ACN3788.concX_largeLib_SpeI.1.T6.P,SeqCenter_2026-05-26_QUO1022807,B4,TFMN4.exp2.ACN3788.concX_largeLib_SpeI.1,TFMN4,exp2,ACN3788,concX_largeLib_SpeI,1,6,P,verABLib_large,A196,B171,A196-B171,4
TFMN4.exp2.ACN3788.concX_largeLib_SpeI.1.T6.P,SeqCenter_2026-05-26_QUO1022807,B4,TFMN4.exp2.ACN3788.concX_largeLib_SpeI.1,TFMN4,exp2,ACN3788,concX_largeLib_SpeI,1,6,P,verABLib_large,A196,B2,A196-B2,8
TFMN4.exp2.ACN3788.concX_largeLib_SpeI.1.T6.P,SeqCenter_2026-05-26_QUO1022807,B4,TFMN4.exp2.ACN3788.concX_largeLib_SpeI.1,TFMN4,exp2,ACN3788,concX_largeLib_SpeI,1,6,P,verABLib_large,A196,B27,A196-B27,2
TFMN4.exp2.ACN3788.concX_largeLib_SpeI.1.T6.P,SeqCenter_2026-05-26_QUO1022807,B4,TFMN4.exp2.ACN3788.concX_largeLib_SpeI.1,TFMN4,exp2,ACN3788,concX_largeLib_SpeI,1,6,P,verABLib_large,A196,B59,A196-B59,3
TFMN4.exp2.ACN3788.concX_largeLib_SpeI.1.T6.P,SeqCenter_2026-05-26_QUO1022807,B4,TFMN4.exp2.ACN3788.concX_largeLib_SpeI.1,TFMN4,exp2,ACN3788,concX_largeLib_SpeI,1,6,P,verABLib_large,A196,B87,A196-B87,9
TFMN4.exp2.ACN3788.concX_largeLib_SpeI.1.T6.P,SeqCenter_2026-05-26_QUO1022807,B4,TFMN4.exp2.ACN3788.concX_largeLib_SpeI.1,TFMN4,exp2,ACN3788,concX_largeLib_SpeI,1,6,P,verABLib_large,A63,B145,A63-B145,1
TFMN4.exp2.ACN3788.concX_largeLib_SpeI.1.T6.P,SeqCenter_2026-05-26_QUO1022807,B4,TFMN4.exp2.ACN3788.concX_largeLib_SpeI.1,TFMN4,exp2,ACN3788,concX_largeLib_SpeI,1,6,P,verABLib_large,A78,B137,A78-B137,1
TFMN4.exp2.ACN3788.concX_largeLib_SpeI.1.T6.P,SeqCenter_2026-05-26_QUO1022807,B4,TFMN4.exp2.ACN3788.concX_largeLib_SpeI.1,TFMN4,exp2,ACN3788,concX_largeLib_SpeI,1,6,P,verABLib_large,A78,B151,A78-B151,3
TFMN4.exp2.ACN3788.concX_largeLib_SpeI.1.T6.P,SeqCenter_2026-05-26_QUO1022807,B4,TFMN4.exp2.ACN3788.concX_largeLib_SpeI.1,TFMN4,exp2,ACN3788,concX_largeLib_SpeI,1,6,P,verABLib_large,A78,B77,A78-B77,13
TFMN4.exp2.ACN3788.concX_largeLib_SpeI.1.T6.P,SeqCenter_2026-05-26_QUO1022807,B4,TFMN4.exp2.ACN3788.concX_largeLib_SpeI.1,TFMN4,exp2,ACN3788,concX_largeLib_SpeI,1,6,P,verABLib_large,A79,B77,A79-B77,1
TFMN4.exp2.ACN3788.concX_largeLib_SpeI.1.T6.P,SeqCenter_2026-05-26_QUO1022807,B4,TFMN4.exp2.ACN3788.concX_largeLib_SpeI.1,TFMN4,exp2,ACN3788,concX_largeLib_SpeI,1,6,P,verABLib_large,A81,B132,A81-B132,2
TFMN4.exp2.ACN3788.concX_largeLib_SpeI.1.T6.P,SeqCenter_2026-05-26_QUO1022807,B4,TFMN4.exp2.ACN3788.concX_largeLib_SpeI.1,TFMN4,exp2,ACN3788,concX_largeLib_SpeI,1,6,P,verABLib_large,A81,B27,A81-B27,1
TFMN4.exp2.ACN3788.concX_largeLib_SpeI.1.T6.P,SeqCenter_2026-05-26_QUO1022807,B4,TFMN4.exp2.ACN3788.concX_largeLib_SpeI.1,TFMN4,exp2,ACN3788,concX_largeLib_SpeI,1,6,P,verABLib_large,A81,B8,A81-B8,114
TFMN4.exp2.ACN3788.concX_largeLib_SpeI.1.T6.P,SeqCenter_2026-05-26_QUO1022807,B4,TFMN4.exp2.ACN3788.concX_largeLib_SpeI.1,TFMN4,exp2,ACN3788,concX_largeLib_SpeI,1,6,P,verABLib_large,A90,B151,A90-B151,1
TFMN4.exp2.ACN3788.concX_largeLib_SpeI.1.T6.P,SeqCenter_2026-05-26_QUO1022807,B4,TFMN4.exp2.ACN3788.concX_largeLib_SpeI.1,TFMN4,exp2,ACN3788,concX_largeLib_SpeI,1,6,P,verABLib_large,A90,B155,A90-B155,1
TFMN4.exp2.ACN3788.concX_largeLib_SpeI.2.T13.P,SeqCenter_2026-05-26_QUO1022807,C4,TFMN4.exp2.ACN3788.concX_largeLib_SpeI.2,TFMN4,exp2,ACN3788,concX_largeLib_SpeI,2,13,P,verABLib_large,A153,B30,A153-B30,10
TFMN4.exp2.ACN3788.concX_largeLib_SpeI.2.T13.P,SeqCenter_2026-05-26_QUO1022807,C4,TFMN4.exp2.ACN3788.concX_largeLib_SpeI.2,TFMN4,exp2,ACN3788,concX_largeLib_SpeI,2,13,P,verABLib_large,A196,B11,A196-B11,2
TFMN4.exp2.ACN3788.concX_largeLib_SpeI.2.T13.P,SeqCenter_2026-05-26_QUO1022807,C4,TFMN4.exp2.ACN3788.concX_largeLib_SpeI.2,TFMN4,exp2,ACN3788,concX_largeLib_SpeI,2,13,P,verABLib_large,A20,B66,A20-B66,4
TFMN4.exp2.ACN3788.concX_largeLib_SpeI.2.T13.P,SeqCenter_2026-05-26_QUO1022807,C4,TFMN4.exp2.ACN3788.concX_largeLib_SpeI.2,TFMN4,exp2,ACN3788,concX_largeLib_SpeI,2,13,P,verABLib_large,A78,B26,A78-B26,25
TFMN4.exp2.ACN3788.concX_largeLib_SpeI.2.T13.P,SeqCenter_2026-05-26_QUO1022807,C4,TFMN4.exp2.ACN3788.concX_largeLib_SpeI.2,TFMN4,exp2,ACN3788,concX_largeLib_SpeI,2,13,P,verABLib_large,A81,B174,A81-B174,197
TFMN4.exp2.ACN3788.concX_largeLib_SpeI.2.T13.P,SeqCenter_2026-05-26_QUO1022807,C4,TFMN4.exp2.ACN3788.concX_largeLib_SpeI.2,TFMN4,exp2,ACN3788,concX_largeLib_SpeI,2,13,P,verABLib_large,A84,B174,A84-B174,1
TFMN4.exp2.ACN3788.concX_largeLib_SpeI.2.T13.P,SeqCenter_2026-05-26_QUO1022807,C4,TFMN4.exp2.ACN3788.concX_largeLib_SpeI.2,TFMN4,exp2,ACN3788,concX_largeLib_SpeI,2,13,P,verABLib_large,A89,B174,A89-B174,1
TFMN4.exp2.ACN3788.concX_largeLib_SpeI.2.T3.P,SeqCenter_2026-05-26_QUO1022807,C4,TFMN4.exp2.ACN3788.concX_largeLib_SpeI.2,TFMN4,exp2,ACN3788,concX_largeLib_SpeI,2,3,P,verABLib_large,A143,B123,A143-B123,2
TFMN4.exp2.ACN3788.concX_largeLib_SpeI.2.T3.P,SeqCenter_2026-05-26_QUO1022807,C4,TFMN4.exp2.ACN3788.concX_largeLib_SpeI.2,TFMN4,exp2,ACN3788,concX_largeLib_SpeI,2,3,P,verABLib_large,A153,B151,A153-B151,4
TFMN4.exp2.ACN3788.concX_largeLib_SpeI.2.T3.P,SeqCenter_2026-05-26_QUO1022807,C4,TFMN4.exp2.ACN3788.concX_largeLib_SpeI.2,TFMN4,exp2,ACN3788,concX_largeLib_SpeI,2,3,P,verABLib_large,A153,B27,A153-B27,1
TFMN4.exp2.ACN3788.concX_largeLib_SpeI.2.T3.P,SeqCenter_2026-05-26_QUO1022807,C4,TFMN4.exp2.ACN3788.concX_largeLib_SpeI.2,TFMN4,exp2,ACN3788,concX_largeLib_SpeI,2,3,P,verABLib_large,A153,B30,A153-B30,12
TFMN4.exp2.ACN3788.concX_largeLib_SpeI.2.T3.P,SeqCenter_2026-05-26_QUO1022807,C4,TFMN4.exp2.ACN3788.concX_largeLib_SpeI.2,TFMN4,exp2,ACN3788,concX_largeLib_SpeI,2,3,P,verABLib_large,A153,B84,A153-B84,4
TFMN4.exp2.ACN3788.concX_largeLib_SpeI.2.T3.P,SeqCenter_2026-05-26_QUO1022807,C4,TFMN4.exp2.ACN3788.concX_largeLib_SpeI.2,TFMN4,exp2,ACN3788,concX_largeLib_SpeI,2,3,P,verABLib_large,A169,B27,A169-B27,1
TFMN4.exp2.ACN3788.concX_largeLib_SpeI.2.T3.P,SeqCenter_2026-05-26_QUO1022807,C4,TFMN4.exp2.ACN3788.concX_largeLib_SpeI.2,TFMN4,exp2,ACN3788,concX_largeLib_SpeI,2,3,P,verABLib_large,A196,B11,A196-B11,38
TFMN4.exp2.ACN3788.concX_largeLib_SpeI.2.T3.P,SeqCenter_2026-05-26_QUO1022807,C4,TFMN4.exp2.ACN3788.concX_largeLib_SpeI.2,TFMN4,exp2,ACN3788,concX_largeLib_SpeI,2,3,P,verABLib_large,A196,B123,A196-B123,15
TFMN4.exp2.ACN3788.concX_largeLib_SpeI.2.T3.P,SeqCenter_2026-05-26_QUO1022807,C4,TFMN4.exp2.ACN3788.concX_largeLib_SpeI.2,TFMN4,exp2,ACN3788,concX_largeLib_SpeI,2,3,P,verABLib_large,A196,B132,A196-B132,5
TFMN4.exp2.ACN3788.concX_largeLib_SpeI.2.T3.P,SeqCenter_2026-05-26_QUO1022807,C4,TFMN4.exp2.ACN3788.concX_largeLib_SpeI.2,TFMN4,exp2,ACN3788,concX_largeLib_SpeI,2,3,P,verABLib_large,A196,B15,A196-B15,1
TFMN4.exp2.ACN3788.concX_largeLib_SpeI.2.T3.P,SeqCenter_2026-05-26_QUO1022807,C4,TFMN4.exp2.ACN3788.concX_largeLib_SpeI.2,TFMN4,exp2,ACN3788,concX_largeLib_SpeI,2,3,P,verABLib_large,A196,B18,A196-B18,2
TFMN4.exp2.ACN3788.concX_largeLib_SpeI.2.T3.P,SeqCenter_2026-05-26_QUO1022807,C4,TFMN4.exp2.ACN3788.concX_largeLib_SpeI.2,TFMN4,exp2,ACN3788,concX_largeLib_SpeI,2,3,P,verABLib_large,A20,B66,A20-B66,4
TFMN4.exp2.ACN3788.concX_largeLib_SpeI.2.T3.P,SeqCenter_2026-05-26_QUO1022807,C4,TFMN4.exp2.ACN3788.concX_largeLib_SpeI.2,TFMN4,exp2,ACN3788,concX_largeLib_SpeI,2,3,P,verABLib_large,A78,B137,A78-B137,3
TFMN4.exp2.ACN3788.concX_largeLib_SpeI.2.T3.P,SeqCenter_2026-05-26_QUO1022807,C4,TFMN4.exp2.ACN3788.concX_largeLib_SpeI.2,TFMN4,exp2,ACN3788,concX_largeLib_SpeI,2,3,P,verABLib_large,A78,B26,A78-B26,4
TFMN4.exp2.ACN3788.concX_largeLib_SpeI.2.T3.P,SeqCenter_2026-05-26_QUO1022807,C4,TFMN4.exp2.ACN3788.concX_largeLib_SpeI.2,TFMN4,exp2,ACN3788,concX_largeLib_SpeI,2,3,P,verABLib_large,A78,B75,A78-B75,5
TFMN4.exp2.ACN3788.concX_largeLib_SpeI.2.T3.P,SeqCenter_2026-05-26_QUO1022807,C4,TFMN4.exp2.ACN3788.concX_largeLib_SpeI.2,TFMN4,exp2,ACN3788,concX_largeLib_SpeI,2,3,P,verABLib_large,A78,B84,A78-B84,2
TFMN4.exp2.ACN3788.concX_largeLib_SpeI.2.T3.P,SeqCenter_2026-05-26_QUO1022807,C4,TFMN4.exp2.ACN3788.concX_largeLib_SpeI.2,TFMN4,exp2,ACN3788,concX_largeLib_SpeI,2,3,P,verABLib_large,A81,B100,A81-B100,5
TFMN4.exp2.ACN3788.concX_largeLib_SpeI.2.T3.P,SeqCenter_2026-05-26_QUO1022807,C4,TFMN4.exp2.ACN3788.concX_largeLib_SpeI.2,TFMN4,exp2,ACN3788,concX_largeLib_SpeI,2,3,P,verABLib_large,A81,B127,A81-B127,7
TFMN4.exp2.ACN3788.concX_largeLib_SpeI.2.T3.P,SeqCenter_2026-05-26_QUO1022807,C4,TFMN4.exp2.ACN3788.concX_largeLib_SpeI.2,TFMN4,exp2,ACN3788,concX_largeLib_SpeI,2,3,P,verABLib_large,A81,B132,A81-B132,1
TFMN4.exp2.ACN3788.concX_largeLib_SpeI.2.T3.P,SeqCenter_2026-05-26_QUO1022807,C4,TFMN4.exp2.ACN3788.concX_largeLib_SpeI.2,TFMN4,exp2,ACN3788,concX_largeLib_SpeI,2,3,P,verABLib_large,A81,B174,A81-B174,1
TFMN4.exp2.ACN3788.concX_largeLib_SpeI.2.T3.P,SeqCenter_2026-05-26_QUO1022807,C4,TFMN4.exp2.ACN3788.concX_largeLib_SpeI.2,TFMN4,exp2,ACN3788,concX_largeLib_SpeI,2,3,P,verABLib_large,A81,B40,A81-B40,3
TFMN4.exp2.ACN3788.concX_largeLib_SpeI.2.T3.P,SeqCenter_2026-05-26_QUO1022807,C4,TFMN4.exp2.ACN3788.concX_largeLib_SpeI.2,TFMN4,exp2,ACN3788,concX_largeLib_SpeI,2,3,P,verABLib_large,A81,B66,A81-B66,2
TFMN4.exp2.ACN3788.concX_largeLib_SpeI.2.T3.P,SeqCenter_2026-05-26_QUO1022807,C4,TFMN4.exp2.ACN3788.concX_largeLib_SpeI.2,TFMN4,exp2,ACN3788,concX_largeLib_SpeI,2,3,P,verABLib_large,A83,B103,A83-B103,2
TFMN4.exp2.ACN3788.concX_largeLib_SpeI.2.T3.P,SeqCenter_2026-05-26_QUO1022807,C4,TFMN4.exp2.ACN3788.concX_largeLib_SpeI.2,TFMN4,exp2,ACN3788,concX_largeLib_SpeI,2,3,P,verABLib_large,A83,B151,A83-B151,1
TFMN4.exp2.ACN3788.concX_largeLib_SpeI.2.T3.P,SeqCenter_2026-05-26_QUO1022807,C4,TFMN4.exp2.ACN3788.concX_largeLib_SpeI.2,TFMN4,exp2,ACN3788,concX_largeLib_SpeI,2,3,P,verABLib_large,A83,B84,A83-B84,1
TFMN4.exp2.ACN3788.concX_largeLib_SpeI.2.T3.P,SeqCenter_2026-05-26_QUO1022807,C4,TFMN4.exp2.ACN3788.concX_largeLib_SpeI.2,TFMN4,exp2,ACN3788,concX_largeLib_SpeI,2,3,P,verABLib_large,A89,B27,A89-B27,1
TFMN4.exp2.ACN3788.concX_largeLib_SpeI.2.T3.P,SeqCenter_2026-05-26_QUO1022807,C4,TFMN4.exp2.ACN3788.concX_largeLib_SpeI.2,TFMN4,exp2,ACN3788,concX_largeLib_SpeI,2,3,P,verABLib_large,A90,B154,A90-B154,3
TFMN4.exp2.ACN3788.concX_largeLib_SpeI.2.T3.P,SeqCenter_2026-05-26_QUO1022807,C4,TFMN4.exp2.ACN3788.concX_largeLib_SpeI.2,TFMN4,exp2,ACN3788,concX_largeLib_SpeI,2,3,P,verABLib_large,A90,B75,A90-B75,3
TFMN4.exp2.ACN3788.concX_largeLib_SpeI.2.T3.P,SeqCenter_2026-05-26_QUO1022807,C4,TFMN4.exp2.ACN3788.concX_largeLib_SpeI.2,TFMN4,exp2,ACN3788,concX_largeLib_SpeI,2,3,P,verABLib_large,A96,B140,A96-B140,1
TFMN4.exp2.ACN3788.concX_largeLib_SpeI.2.T3.P,SeqCenter_2026-05-26_QUO1022807,C4,TFMN4.exp2.ACN3788.concX_largeLib_SpeI.2,TFMN4,exp2,ACN3788,concX_largeLib_SpeI,2,3,P,verABLib_large,A96,B87,A96-B87,1
TFMN4.exp2.ACN3788.concX_largeLib_SpeI.2.T4.P,SeqCenter_2026-05-26_QUO1022807,C4,TFMN4.exp2.ACN3788.concX_largeLib_SpeI.2,TFMN4,exp2,ACN3788,concX_largeLib_SpeI,2,4,P,verABLib_large,A143,B123,A143-B123,1
TFMN4.exp2.ACN3788.concX_largeLib_SpeI.2.T4.P,SeqCenter_2026-05-26_QUO1022807,C4,TFMN4.exp2.ACN3788.concX_largeLib_SpeI.2,TFMN4,exp2,ACN3788,concX_largeLib_SpeI,2,4,P,verABLib_large,A143,B6,A143-B6,2
TFMN4.exp2.ACN3788.concX_largeLib_SpeI.2.T4.P,SeqCenter_2026-05-26_QUO1022807,C4,TFMN4.exp2.ACN3788.concX_largeLib_SpeI.2,TFMN4,exp2,ACN3788,concX_largeLib_SpeI,2,4,P,verABLib_large,A153,B101,A153-B101,1
TFMN4.exp2.ACN3788.concX_largeLib_SpeI.2.T4.P,SeqCenter_2026-05-26_QUO1022807,C4,TFMN4.exp2.ACN3788.concX_largeLib_SpeI.2,TFMN4,exp2,ACN3788,concX_largeLib_SpeI,2,4,P,verABLib_large,A153,B30,A153-B30,17
TFMN4.exp2.ACN3788.concX_largeLib_SpeI.2.T4.P,SeqCenter_2026-05-26_QUO1022807,C4,TFMN4.exp2.ACN3788.concX_largeLib_SpeI.2,TFMN4,exp2,ACN3788,concX_largeLib_SpeI,2,4,P,verABLib_large,A153,B84,A153-B84,1
TFMN4.exp2.ACN3788.concX_largeLib_SpeI.2.T4.P,SeqCenter_2026-05-26_QUO1022807,C4,TFMN4.exp2.ACN3788.concX_largeLib_SpeI.2,TFMN4,exp2,ACN3788,concX_largeLib_SpeI,2,4,P,verABLib_large,A193,B11,A193-B11,1
TFMN4.exp2.ACN3788.concX_largeLib_SpeI.2.T4.P,SeqCenter_2026-05-26_QUO1022807,C4,TFMN4.exp2.ACN3788.concX_largeLib_SpeI.2,TFMN4,exp2,ACN3788,concX_largeLib_SpeI,2,4,P,verABLib_large,A196,B11,A196-B11,65
TFMN4.exp2.ACN3788.concX_largeLib_SpeI.2.T4.P,SeqCenter_2026-05-26_QUO1022807,C4,TFMN4.exp2.ACN3788.concX_largeLib_SpeI.2,TFMN4,exp2,ACN3788,concX_largeLib_SpeI,2,4,P,verABLib_large,A196,B123,A196-B123,44
TFMN4.exp2.ACN3788.concX_largeLib_SpeI.2.T4.P,SeqCenter_2026-05-26_QUO1022807,C4,TFMN4.exp2.ACN3788.concX_largeLib_SpeI.2,TFMN4,exp2,ACN3788,concX_largeLib_SpeI,2,4,P,verABLib_large,A196,B132,A196-B132,4
TFMN4.exp2.ACN3788.concX_largeLib_SpeI.2.T4.P,SeqCenter_2026-05-26_QUO1022807,C4,TFMN4.exp2.ACN3788.concX_largeLib_SpeI.2,TFMN4,exp2,ACN3788,concX_largeLib_SpeI,2,4,P,verABLib_large,A196,B15,A196-B15,3
TFMN4.exp2.ACN3788.concX_largeLib_SpeI.2.T4.P,SeqCenter_2026-05-26_QUO1022807,C4,TFMN4.exp2.ACN3788.concX_largeLib_SpeI.2,TFMN4,exp2,ACN3788,concX_largeLib_SpeI,2,4,P,verABLib_large,A196,B18,A196-B18,1
TFMN4.exp2.ACN3788.concX_largeLib_SpeI.2.T4.P,SeqCenter_2026-05-26_QUO1022807,C4,TFMN4.exp2.ACN3788.concX_largeLib_SpeI.2,TFMN4,exp2,ACN3788,concX_largeLib_SpeI,2,4,P,verABLib_large,A196,B6,A196-B6,1
TFMN4.exp2.ACN3788.concX_largeLib_SpeI.2.T4.P,SeqCenter_2026-05-26_QUO1022807,C4,TFMN4.exp2.ACN3788.concX_largeLib_SpeI.2,TFMN4,exp2,ACN3788,concX_largeLib_SpeI,2,4,P,verABLib_large,A20,B66,A20-B66,2
TFMN4.exp2.ACN3788.concX_largeLib_SpeI.2.T4.P,SeqCenter_2026-05-26_QUO1022807,C4,TFMN4.exp2.ACN3788.concX_largeLib_SpeI.2,TFMN4,exp2,ACN3788,concX_largeLib_SpeI,2,4,P,verABLib_large,A20,B71,A20-B71,1
TFMN4.exp2.ACN3788.concX_largeLib_SpeI.2.T4.P,SeqCenter_2026-05-26_QUO1022807,C4,TFMN4.exp2.ACN3788.concX_largeLib_SpeI.2,TFMN4,exp2,ACN3788,concX_largeLib_SpeI,2,4,P,verABLib_large,A78,B137,A78-B137,2
TFMN4.exp2.ACN3788.concX_largeLib_SpeI.2.T4.P,SeqCenter_2026-05-26_QUO1022807,C4,TFMN4.exp2.ACN3788.concX_largeLib_SpeI.2,TFMN4,exp2,ACN3788,concX_largeLib_SpeI,2,4,P,verABLib_large,A78,B26,A78-B26,6
TFMN4.exp2.ACN3788.concX_largeLib_SpeI.2.T4.P,SeqCenter_2026-05-26_QUO1022807,C4,TFMN4.exp2.ACN3788.concX_largeLib_SpeI.2,TFMN4,exp2,ACN3788,concX_largeLib_SpeI,2,4,P,verABLib_large,A78,B75,A78-B75,8
TFMN4.exp2.ACN3788.concX_largeLib_SpeI.2.T4.P,SeqCenter_2026-05-26_QUO1022807,C4,TFMN4.exp2.ACN3788.concX_largeLib_SpeI.2,TFMN4,exp2,ACN3788,concX_largeLib_SpeI,2,4,P,verABLib_large,A78,B84,A78-B84,3
TFMN4.exp2.ACN3788.concX_largeLib_SpeI.2.T4.P,SeqCenter_2026-05-26_QUO1022807,C4,TFMN4.exp2.ACN3788.concX_largeLib_SpeI.2,TFMN4,exp2,ACN3788,concX_largeLib_SpeI,2,4,P,verABLib_large,A81,B100,A81-B100,3
TFMN4.exp2.ACN3788.concX_largeLib_SpeI.2.T4.P,SeqCenter_2026-05-26_QUO1022807,C4,TFMN4.exp2.ACN3788.concX_largeLib_SpeI.2,TFMN4,exp2,ACN3788,concX_largeLib_SpeI,2,4,P,verABLib_large,A81,B127,A81-B127,5
TFMN4.exp2.ACN3788.concX_largeLib_SpeI.2.T4.P,SeqCenter_2026-05-26_QUO1022807,C4,TFMN4.exp2.ACN3788.concX_largeLib_SpeI.2,TFMN4,exp2,ACN3788,concX_largeLib_SpeI,2,4,P,verABLib_large,A81,B174,A81-B174,2
TFMN4.exp2.ACN3788.concX_largeLib_SpeI.2.T4.P,SeqCenter_2026-05-26_QUO1022807,C4,TFMN4.exp2.ACN3788.concX_largeLib_SpeI.2,TFMN4,exp2,ACN3788,concX_largeLib_SpeI,2,4,P,verABLib_large,A81,B40,A81-B40,2
TFMN4.exp2.ACN3788.concX_largeLib_SpeI.2.T4.P,SeqCenter_2026-05-26_QUO1022807,C4,TFMN4.exp2.ACN3788.concX_largeLib_SpeI.2,TFMN4,exp2,ACN3788,concX_largeLib_SpeI,2,4,P,verABLib_large,A81,B66,A81-B66,3
TFMN4.exp2.ACN3788.concX_largeLib_SpeI.2.T4.P,SeqCenter_2026-05-26_QUO1022807,C4,TFMN4.exp2.ACN3788.concX_largeLib_SpeI.2,TFMN4,exp2,ACN3788,concX_largeLib_SpeI,2,4,P,verABLib_large,A81,B75,A81-B75,4
TFMN4.exp2.ACN3788.concX_largeLib_SpeI.2.T4.P,SeqCenter_2026-05-26_QUO1022807,C4,TFMN4.exp2.ACN3788.concX_largeLib_SpeI.2,TFMN4,exp2,ACN3788,concX_largeLib_SpeI,2,4,P,verABLib_large,A83,B101,A83-B101,1
TFMN4.exp2.ACN3788.concX_largeLib_SpeI.2.T4.P,SeqCenter_2026-05-26_QUO1022807,C4,TFMN4.exp2.ACN3788.concX_largeLib_SpeI.2,TFMN4,exp2,ACN3788,concX_largeLib_SpeI,2,4,P,verABLib_large,A83,B137,A83-B137,1
TFMN4.exp2.ACN3788.concX_largeLib_SpeI.2.T4.P,SeqCenter_2026-05-26_QUO1022807,C4,TFMN4.exp2.ACN3788.concX_largeLib_SpeI.2,TFMN4,exp2,ACN3788,concX_largeLib_SpeI,2,4,P,verABLib_large,A83,B151,A83-B151,7
TFMN4.exp2.ACN3788.concX_largeLib_SpeI.2.T4.P,SeqCenter_2026-05-26_QUO1022807,C4,TFMN4.exp2.ACN3788.concX_largeLib_SpeI.2,TFMN4,exp2,ACN3788,concX_largeLib_SpeI,2,4,P,verABLib_large,A83,B84,A83-B84,1
TFMN4.exp2.ACN3788.concX_largeLib_SpeI.2.T4.P,SeqCenter_2026-05-26_QUO1022807,C4,TFMN4.exp2.ACN3788.concX_largeLib_SpeI.2,TFMN4,exp2,ACN3788,concX_largeLib_SpeI,2,4,P,verABLib_large,A90,B3,A90-B3,1
TFMN4.exp2.ACN3788.concX_largeLib_SpeI.2.T4.P,SeqCenter_2026-05-26_QUO1022807,C4,TFMN4.exp2.ACN3788.concX_largeLib_SpeI.2,TFMN4,exp2,ACN3788,concX_largeLib_SpeI,2,4,P,verABLib_large,A90,B70,A90-B70,2
TFMN4.exp2.ACN3788.concX_largeLib_SpeI.2.T4.P,SeqCenter_2026-05-26_QUO1022807,C4,TFMN4.exp2.ACN3788.concX_largeLib_SpeI.2,TFMN4,exp2,ACN3788,concX_largeLib_SpeI,2,4,P,verABLib_large,A90,B75,A90-B75,6
TFMN4.exp2.ACN3788.concX_largeLib_SpeI.2.T4.P,SeqCenter_2026-05-26_QUO1022807,C4,TFMN4.exp2.ACN3788.concX_largeLib_SpeI.2,TFMN4,exp2,ACN3788,concX_largeLib_SpeI,2,4,P,verABLib_large,A96,B140,A96-B140,4
TFMN4.exp2.ACN3788.concX_largeLib_SpeI.2.T6.P,SeqCenter_2026-05-26_QUO1022807,C4,TFMN4.exp2.ACN3788.concX_largeLib_SpeI.2,TFMN4,exp2,ACN3788,concX_largeLib_SpeI,2,6,P,verABLib_large,A113,B174,A113-B174,1
TFMN4.exp2.ACN3788.concX_largeLib_SpeI.2.T6.P,SeqCenter_2026-05-26_QUO1022807,C4,TFMN4.exp2.ACN3788.concX_largeLib_SpeI.2,TFMN4,exp2,ACN3788,concX_largeLib_SpeI,2,6,P,verABLib_large,A153,B30,A153-B30,8
TFMN4.exp2.ACN3788.concX_largeLib_SpeI.2.T6.P,SeqCenter_2026-05-26_QUO1022807,C4,TFMN4.exp2.ACN3788.concX_largeLib_SpeI.2,TFMN4,exp2,ACN3788,concX_largeLib_SpeI,2,6,P,verABLib_large,A176,B154,A176-B154,1
TFMN4.exp2.ACN3788.concX_largeLib_SpeI.2.T6.P,SeqCenter_2026-05-26_QUO1022807,C4,TFMN4.exp2.ACN3788.concX_largeLib_SpeI.2,TFMN4,exp2,ACN3788,concX_largeLib_SpeI,2,6,P,verABLib_large,A196,B11,A196-B11,45
TFMN4.exp2.ACN3788.concX_largeLib_SpeI.2.T6.P,SeqCenter_2026-05-26_QUO1022807,C4,TFMN4.exp2.ACN3788.concX_largeLib_SpeI.2,TFMN4,exp2,ACN3788,concX_largeLib_SpeI,2,6,P,verABLib_large,A196,B123,A196-B123,12
TFMN4.exp2.ACN3788.concX_largeLib_SpeI.2.T6.P,SeqCenter_2026-05-26_QUO1022807,C4,TFMN4.exp2.ACN3788.concX_largeLib_SpeI.2,TFMN4,exp2,ACN3788,concX_largeLib_SpeI,2,6,P,verABLib_large,A196,B132,A196-B132,5
TFMN4.exp2.ACN3788.concX_largeLib_SpeI.2.T6.P,SeqCenter_2026-05-26_QUO1022807,C4,TFMN4.exp2.ACN3788.concX_largeLib_SpeI.2,TFMN4,exp2,ACN3788,concX_largeLib_SpeI,2,6,P,verABLib_large,A196,B139,A196-B139,1
TFMN4.exp2.ACN3788.concX_largeLib_SpeI.2.T6.P,SeqCenter_2026-05-26_QUO1022807,C4,TFMN4.exp2.ACN3788.concX_largeLib_SpeI.2,TFMN4,exp2,ACN3788,concX_largeLib_SpeI,2,6,P,verABLib_large,A196,B18,A196-B18,8
TFMN4.exp2.ACN3788.concX_largeLib_SpeI.2.T6.P,SeqCenter_2026-05-26_QUO1022807,C4,TFMN4.exp2.ACN3788.concX_largeLib_SpeI.2,TFMN4,exp2,ACN3788,concX_largeLib_SpeI,2,6,P,verABLib_large,A20,B66,A20-B66,3
TFMN4.exp2.ACN3788.concX_largeLib_SpeI.2.T6.P,SeqCenter_2026-05-26_QUO1022807,C4,TFMN4.exp2.ACN3788.concX_largeLib_SpeI.2,TFMN4,exp2,ACN3788,concX_largeLib_SpeI,2,6,P,verABLib_large,A38,B128,A38-B128,1
TFMN4.exp2.ACN3788.concX_largeLib_SpeI.2.T6.P,SeqCenter_2026-05-26_QUO1022807,C4,TFMN4.exp2.ACN3788.concX_largeLib_SpeI.2,TFMN4,exp2,ACN3788,concX_largeLib_SpeI,2,6,P,verABLib_large,A78,B101,A78-B101,2
TFMN4.exp2.ACN3788.concX_largeLib_SpeI.2.T6.P,SeqCenter_2026-05-26_QUO1022807,C4,TFMN4.exp2.ACN3788.concX_largeLib_SpeI.2,TFMN4,exp2,ACN3788,concX_largeLib_SpeI,2,6,P,verABLib_large,A78,B137,A78-B137,3
TFMN4.exp2.ACN3788.concX_largeLib_SpeI.2.T6.P,SeqCenter_2026-05-26_QUO1022807,C4,TFMN4.exp2.ACN3788.concX_largeLib_SpeI.2,TFMN4,exp2,ACN3788,concX_largeLib_SpeI,2,6,P,verABLib_large,A78,B26,A78-B26,3
TFMN4.exp2.ACN3788.concX_largeLib_SpeI.2.T6.P,SeqCenter_2026-05-26_QUO1022807,C4,TFMN4.exp2.ACN3788.concX_largeLib_SpeI.2,TFMN4,exp2,ACN3788,concX_largeLib_SpeI,2,6,P,verABLib_large,A81,B100,A81-B100,1
TFMN4.exp2.ACN3788.concX_largeLib_SpeI.2.T6.P,SeqCenter_2026-05-26_QUO1022807,C4,TFMN4.exp2.ACN3788.concX_largeLib_SpeI.2,TFMN4,exp2,ACN3788,concX_largeLib_SpeI,2,6,P,verABLib_large,A81,B127,A81-B127,4
TFMN4.exp2.ACN3788.concX_largeLib_SpeI.2.T6.P,SeqCenter_2026-05-26_QUO1022807,C4,TFMN4.exp2.ACN3788.concX_largeLib_SpeI.2,TFMN4,exp2,ACN3788,concX_largeLib_SpeI,2,6,P,verABLib_large,A81,B174,A81-B174,122
TFMN4.exp2.ACN3788.concX_largeLib_SpeI.2.T6.P,SeqCenter_2026-05-26_QUO1022807,C4,TFMN4.exp2.ACN3788.concX_largeLib_SpeI.2,TFMN4,exp2,ACN3788,concX_largeLib_SpeI,2,6,P,verABLib_large,A81,B41,A81-B41,1
TFMN4.exp2.ACN3788.concX_largeLib_SpeI.2.T6.P,SeqCenter_2026-05-26_QUO1022807,C4,TFMN4.exp2.ACN3788.concX_largeLib_SpeI.2,TFMN4,exp2,ACN3788,concX_largeLib_SpeI,2,6,P,verABLib_large,A81,B66,A81-B66,2
TFMN4.exp2.ACN3788.concX_largeLib_SpeI.2.T6.P,SeqCenter_2026-05-26_QUO1022807,C4,TFMN4.exp2.ACN3788.concX_largeLib_SpeI.2,TFMN4,exp2,ACN3788,concX_largeLib_SpeI,2,6,P,verABLib_large,A83,B84,A83-B84,3
TFMN4.exp2.ACN3788.concX_largeLib_SpeI.2.T6.P,SeqCenter_2026-05-26_QUO1022807,C4,TFMN4.exp2.ACN3788.concX_largeLib_SpeI.2,TFMN4,exp2,ACN3788,concX_largeLib_SpeI,2,6,P,verABLib_large,A90,B103,A90-B103,1
TFMN4.exp2.ACN3788.concX_largeLib_SpeI.2.T6.P,SeqCenter_2026-05-26_QUO1022807,C4,TFMN4.exp2.ACN3788.concX_largeLib_SpeI.2,TFMN4,exp2,ACN3788,concX_largeLib_SpeI,2,6,P,verABLib_large,A97,B174,A97-B174,1
TFMN4.exp2.ACN3788.concX_largeLib_SpeI.3.T13.P,SeqCenter_2026-05-26_QUO1022807,D4,TFMN4.exp2.ACN3788.concX_largeLib_SpeI.3,TFMN4,exp2,ACN3788,concX_largeLib_SpeI,3,13,P,verABLib_large,A20,B151,A20-B151,191
TFMN4.exp2.ACN3788.concX_largeLib_SpeI.3.T13.P,SeqCenter_2026-05-26_QUO1022807,D4,TFMN4.exp2.ACN3788.concX_largeLib_SpeI.3,TFMN4,exp2,ACN3788,concX_largeLib_SpeI,3,13,P,verABLib_large,A90,B108,A90-B108,83
TFMN4.exp2.ACN3788.concX_largeLib_SpeI.3.T3.P,SeqCenter_2026-05-26_QUO1022807,D4,TFMN4.exp2.ACN3788.concX_largeLib_SpeI.3,TFMN4,exp2,ACN3788,concX_largeLib_SpeI,3,3,P,verABLib_large,A20,B151,A20-B151,190
TFMN4.exp2.ACN3788.concX_largeLib_SpeI.3.T3.P,SeqCenter_2026-05-26_QUO1022807,D4,TFMN4.exp2.ACN3788.concX_largeLib_SpeI.3,TFMN4,exp2,ACN3788,concX_largeLib_SpeI,3,3,P,verABLib_large,A78,B26,A78-B26,1
TFMN4.exp2.ACN3788.concX_largeLib_SpeI.3.T3.P,SeqCenter_2026-05-26_QUO1022807,D4,TFMN4.exp2.ACN3788.concX_largeLib_SpeI.3,TFMN4,exp2,ACN3788,concX_largeLib_SpeI,3,3,P,verABLib_large,A81,B151,A81-B151,1
TFMN4.exp2.ACN3788.concX_largeLib_SpeI.3.T3.P,SeqCenter_2026-05-26_QUO1022807,D4,TFMN4.exp2.ACN3788.concX_largeLib_SpeI.3,TFMN4,exp2,ACN3788,concX_largeLib_SpeI,3,3,P,verABLib_large,A82,B108,A82-B108,2
TFMN4.exp2.ACN3788.concX_largeLib_SpeI.3.T3.P,SeqCenter_2026-05-26_QUO1022807,D4,TFMN4.exp2.ACN3788.concX_largeLib_SpeI.3,TFMN4,exp2,ACN3788,concX_largeLib_SpeI,3,3,P,verABLib_large,A83,B151,A83-B151,1
TFMN4.exp2.ACN3788.concX_largeLib_SpeI.3.T3.P,SeqCenter_2026-05-26_QUO1022807,D4,TFMN4.exp2.ACN3788.concX_largeLib_SpeI.3,TFMN4,exp2,ACN3788,concX_largeLib_SpeI,3,3,P,verABLib_large,A90,B108,A90-B108,13
TFMN4.exp2.ACN3788.concX_largeLib_SpeI.3.T3.P,SeqCenter_2026-05-26_QUO1022807,D4,TFMN4.exp2.ACN3788.concX_largeLib_SpeI.3,TFMN4,exp2,ACN3788,concX_largeLib_SpeI,3,3,P,verABLib_large,A96,B77,A96-B77,1
TFMN4.exp2.ACN3788.concX_largeLib_SpeI.3.T4.P,SeqCenter_2026-05-26_QUO1022807,D4,TFMN4.exp2.ACN3788.concX_largeLib_SpeI.3,TFMN4,exp2,ACN3788,concX_largeLib_SpeI,3,4,P,verABLib_large,A20,B151,A20-B151,236
TFMN4.exp2.ACN3788.concX_largeLib_SpeI.3.T4.P,SeqCenter_2026-05-26_QUO1022807,D4,TFMN4.exp2.ACN3788.concX_largeLib_SpeI.3,TFMN4,exp2,ACN3788,concX_largeLib_SpeI,3,4,P,verABLib_large,A28,B151,A28-B151,1
TFMN4.exp2.ACN3788.concX_largeLib_SpeI.3.T4.P,SeqCenter_2026-05-26_QUO1022807,D4,TFMN4.exp2.ACN3788.concX_largeLib_SpeI.3,TFMN4,exp2,ACN3788,concX_largeLib_SpeI,3,4,P,verABLib_large,A32,B151,A32-B151,1
TFMN4.exp2.ACN3788.concX_largeLib_SpeI.3.T4.P,SeqCenter_2026-05-26_QUO1022807,D4,TFMN4.exp2.ACN3788.concX_largeLib_SpeI.3,TFMN4,exp2,ACN3788,concX_largeLib_SpeI,3,4,P,verABLib_large,A63,B18,A63-B18,4
TFMN4.exp2.ACN3788.concX_largeLib_SpeI.3.T4.P,SeqCenter_2026-05-26_QUO1022807,D4,TFMN4.exp2.ACN3788.concX_largeLib_SpeI.3,TFMN4,exp2,ACN3788,concX_largeLib_SpeI,3,4,P,verABLib_large,A90,B108,A90-B108,18
TFMN4.exp2.ACN3788.concX_largeLib_SpeI.3.T6.P,SeqCenter_2026-05-26_QUO1022807,D4,TFMN4.exp2.ACN3788.concX_largeLib_SpeI.3,TFMN4,exp2,ACN3788,concX_largeLib_SpeI,3,6,P,verABLib_large,A20,B151,A20-B151,205
TFMN4.exp2.ACN3788.concX_largeLib_SpeI.3.T6.P,SeqCenter_2026-05-26_QUO1022807,D4,TFMN4.exp2.ACN3788.concX_largeLib_SpeI.3,TFMN4,exp2,ACN3788,concX_largeLib_SpeI,3,6,P,verABLib_large,A90,B108,A90-B108,24
TFMN4.exp2.ACN3788.concX_largeLib_SpeI.4.T13.P,SeqCenter_2026-05-26_QUO1022807,E4,TFMN4.exp2.ACN3788.concX_largeLib_SpeI.4,TFMN4,exp2,ACN3788,concX_largeLib_SpeI,4,13,P,verABLib_large,A153,B30,A153-B30,1
TFMN4.exp2.ACN3788.concX_largeLib_SpeI.4.T13.P,SeqCenter_2026-05-26_QUO1022807,E4,TFMN4.exp2.ACN3788.concX_largeLib_SpeI.4,TFMN4,exp2,ACN3788,concX_largeLib_SpeI,4,13,P,verABLib_large,A196,B145,A196-B145,1
TFMN4.exp2.ACN3788.concX_largeLib_SpeI.4.T13.P,SeqCenter_2026-05-26_QUO1022807,E4,TFMN4.exp2.ACN3788.concX_largeLib_SpeI.4,TFMN4,exp2,ACN3788,concX_largeLib_SpeI,4,13,P,verABLib_large,A78,B2,A78-B2,7
TFMN4.exp2.ACN3788.concX_largeLib_SpeI.4.T13.P,SeqCenter_2026-05-26_QUO1022807,E4,TFMN4.exp2.ACN3788.concX_largeLib_SpeI.4,TFMN4,exp2,ACN3788,concX_largeLib_SpeI,4,13,P,verABLib_large,A78,B26,A78-B26,24
TFMN4.exp2.ACN3788.concX_largeLib_SpeI.4.T13.P,SeqCenter_2026-05-26_QUO1022807,E4,TFMN4.exp2.ACN3788.concX_largeLib_SpeI.4,TFMN4,exp2,ACN3788,concX_largeLib_SpeI,4,13,P,verABLib_large,A78,B3,A78-B3,47
TFMN4.exp2.ACN3788.concX_largeLib_SpeI.4.T13.P,SeqCenter_2026-05-26_QUO1022807,E4,TFMN4.exp2.ACN3788.concX_largeLib_SpeI.4,TFMN4,exp2,ACN3788,concX_largeLib_SpeI,4,13,P,verABLib_large,A81,B120,A81-B120,3
TFMN4.exp2.ACN3788.concX_largeLib_SpeI.4.T13.P,SeqCenter_2026-05-26_QUO1022807,E4,TFMN4.exp2.ACN3788.concX_largeLib_SpeI.4,TFMN4,exp2,ACN3788,concX_largeLib_SpeI,4,13,P,verABLib_large,A81,B151,A81-B151,72
TFMN4.exp2.ACN3788.concX_largeLib_SpeI.4.T13.P,SeqCenter_2026-05-26_QUO1022807,E4,TFMN4.exp2.ACN3788.concX_largeLib_SpeI.4,TFMN4,exp2,ACN3788,concX_largeLib_SpeI,4,13,P,verABLib_large,A81,B30,A81-B30,50
TFMN4.exp2.ACN3788.concX_largeLib_SpeI.4.T13.P,SeqCenter_2026-05-26_QUO1022807,E4,TFMN4.exp2.ACN3788.concX_largeLib_SpeI.4,TFMN4,exp2,ACN3788,concX_largeLib_SpeI,4,13,P,verABLib_large,A81,B84,A81-B84,1
TFMN4.exp2.ACN3788.concX_largeLib_SpeI.4.T13.P,SeqCenter_2026-05-26_QUO1022807,E4,TFMN4.exp2.ACN3788.concX_largeLib_SpeI.4,TFMN4,exp2,ACN3788,concX_largeLib_SpeI,4,13,P,verABLib_large,A83,B151,A83-B151,10
TFMN4.exp2.ACN3788.concX_largeLib_SpeI.4.T13.P,SeqCenter_2026-05-26_QUO1022807,E4,TFMN4.exp2.ACN3788.concX_largeLib_SpeI.4,TFMN4,exp2,ACN3788,concX_largeLib_SpeI,4,13,P,verABLib_large,A97,B155,A97-B155,1
TFMN4.exp2.ACN3788.concX_largeLib_SpeI.4.T3.P,SeqCenter_2026-05-26_QUO1022807,E4,TFMN4.exp2.ACN3788.concX_largeLib_SpeI.4,TFMN4,exp2,ACN3788,concX_largeLib_SpeI,4,3,P,verABLib_large,A143,B6,A143-B6,2
TFMN4.exp2.ACN3788.concX_largeLib_SpeI.4.T3.P,SeqCenter_2026-05-26_QUO1022807,E4,TFMN4.exp2.ACN3788.concX_largeLib_SpeI.4,TFMN4,exp2,ACN3788,concX_largeLib_SpeI,4,3,P,verABLib_large,A153,B30,A153-B30,3
TFMN4.exp2.ACN3788.concX_largeLib_SpeI.4.T3.P,SeqCenter_2026-05-26_QUO1022807,E4,TFMN4.exp2.ACN3788.concX_largeLib_SpeI.4,TFMN4,exp2,ACN3788,concX_largeLib_SpeI,4,3,P,verABLib_large,A176,B151,A176-B151,3
TFMN4.exp2.ACN3788.concX_largeLib_SpeI.4.T3.P,SeqCenter_2026-05-26_QUO1022807,E4,TFMN4.exp2.ACN3788.concX_largeLib_SpeI.4,TFMN4,exp2,ACN3788,concX_largeLib_SpeI,4,3,P,verABLib_large,A196,B151,A196-B151,7
TFMN4.exp2.ACN3788.concX_largeLib_SpeI.4.T3.P,SeqCenter_2026-05-26_QUO1022807,E4,TFMN4.exp2.ACN3788.concX_largeLib_SpeI.4,TFMN4,exp2,ACN3788,concX_largeLib_SpeI,4,3,P,verABLib_large,A20,B103,A20-B103,1
TFMN4.exp2.ACN3788.concX_largeLib_SpeI.4.T3.P,SeqCenter_2026-05-26_QUO1022807,E4,TFMN4.exp2.ACN3788.concX_largeLib_SpeI.4,TFMN4,exp2,ACN3788,concX_largeLib_SpeI,4,3,P,verABLib_large,A20,B151,A20-B151,2
TFMN4.exp2.ACN3788.concX_largeLib_SpeI.4.T3.P,SeqCenter_2026-05-26_QUO1022807,E4,TFMN4.exp2.ACN3788.concX_largeLib_SpeI.4,TFMN4,exp2,ACN3788,concX_largeLib_SpeI,4,3,P,verABLib_large,A20,B70,A20-B70,1
TFMN4.exp2.ACN3788.concX_largeLib_SpeI.4.T3.P,SeqCenter_2026-05-26_QUO1022807,E4,TFMN4.exp2.ACN3788.concX_largeLib_SpeI.4,TFMN4,exp2,ACN3788,concX_largeLib_SpeI,4,3,P,verABLib_large,A20,B84,A20-B84,1
TFMN4.exp2.ACN3788.concX_largeLib_SpeI.4.T3.P,SeqCenter_2026-05-26_QUO1022807,E4,TFMN4.exp2.ACN3788.concX_largeLib_SpeI.4,TFMN4,exp2,ACN3788,concX_largeLib_SpeI,4,3,P,verABLib_large,A63,B151,A63-B151,10
TFMN4.exp2.ACN3788.concX_largeLib_SpeI.4.T3.P,SeqCenter_2026-05-26_QUO1022807,E4,TFMN4.exp2.ACN3788.concX_largeLib_SpeI.4,TFMN4,exp2,ACN3788,concX_largeLib_SpeI,4,3,P,verABLib_large,A63,B79,A63-B79,1
TFMN4.exp2.ACN3788.concX_largeLib_SpeI.4.T3.P,SeqCenter_2026-05-26_QUO1022807,E4,TFMN4.exp2.ACN3788.concX_largeLib_SpeI.4,TFMN4,exp2,ACN3788,concX_largeLib_SpeI,4,3,P,verABLib_large,A78,B171,A78-B171,16
TFMN4.exp2.ACN3788.concX_largeLib_SpeI.4.T3.P,SeqCenter_2026-05-26_QUO1022807,E4,TFMN4.exp2.ACN3788.concX_largeLib_SpeI.4,TFMN4,exp2,ACN3788,concX_largeLib_SpeI,4,3,P,verABLib_large,A78,B2,A78-B2,2
TFMN4.exp2.ACN3788.concX_largeLib_SpeI.4.T3.P,SeqCenter_2026-05-26_QUO1022807,E4,TFMN4.exp2.ACN3788.concX_largeLib_SpeI.4,TFMN4,exp2,ACN3788,concX_largeLib_SpeI,4,3,P,verABLib_large,A78,B26,A78-B26,5
TFMN4.exp2.ACN3788.concX_largeLib_SpeI.4.T3.P,SeqCenter_2026-05-26_QUO1022807,E4,TFMN4.exp2.ACN3788.concX_largeLib_SpeI.4,TFMN4,exp2,ACN3788,concX_largeLib_SpeI,4,3,P,verABLib_large,A78,B3,A78-B3,2
TFMN4.exp2.ACN3788.concX_largeLib_SpeI.4.T3.P,SeqCenter_2026-05-26_QUO1022807,E4,TFMN4.exp2.ACN3788.concX_largeLib_SpeI.4,TFMN4,exp2,ACN3788,concX_largeLib_SpeI,4,3,P,verABLib_large,A78,B51,A78-B51,1
TFMN4.exp2.ACN3788.concX_largeLib_SpeI.4.T3.P,SeqCenter_2026-05-26_QUO1022807,E4,TFMN4.exp2.ACN3788.concX_largeLib_SpeI.4,TFMN4,exp2,ACN3788,concX_largeLib_SpeI,4,3,P,verABLib_large,A81,B120,A81-B120,3
TFMN4.exp2.ACN3788.concX_largeLib_SpeI.4.T3.P,SeqCenter_2026-05-26_QUO1022807,E4,TFMN4.exp2.ACN3788.concX_largeLib_SpeI.4,TFMN4,exp2,ACN3788,concX_largeLib_SpeI,4,3,P,verABLib_large,A81,B143,A81-B143,2
TFMN4.exp2.ACN3788.concX_largeLib_SpeI.4.T3.P,SeqCenter_2026-05-26_QUO1022807,E4,TFMN4.exp2.ACN3788.concX_largeLib_SpeI.4,TFMN4,exp2,ACN3788,concX_largeLib_SpeI,4,3,P,verABLib_large,A81,B151,A81-B151,7
TFMN4.exp2.ACN3788.concX_largeLib_SpeI.4.T3.P,SeqCenter_2026-05-26_QUO1022807,E4,TFMN4.exp2.ACN3788.concX_largeLib_SpeI.4,TFMN4,exp2,ACN3788,concX_largeLib_SpeI,4,3,P,verABLib_large,A81,B156,A81-B156,2
TFMN4.exp2.ACN3788.concX_largeLib_SpeI.4.T3.P,SeqCenter_2026-05-26_QUO1022807,E4,TFMN4.exp2.ACN3788.concX_largeLib_SpeI.4,TFMN4,exp2,ACN3788,concX_largeLib_SpeI,4,3,P,verABLib_large,A81,B174,A81-B174,1
TFMN4.exp2.ACN3788.concX_largeLib_SpeI.4.T3.P,SeqCenter_2026-05-26_QUO1022807,E4,TFMN4.exp2.ACN3788.concX_largeLib_SpeI.4,TFMN4,exp2,ACN3788,concX_largeLib_SpeI,4,3,P,verABLib_large,A81,B177,A81-B177,4
TFMN4.exp2.ACN3788.concX_largeLib_SpeI.4.T3.P,SeqCenter_2026-05-26_QUO1022807,E4,TFMN4.exp2.ACN3788.concX_largeLib_SpeI.4,TFMN4,exp2,ACN3788,concX_largeLib_SpeI,4,3,P,verABLib_large,A81,B30,A81-B30,27
TFMN4.exp2.ACN3788.concX_largeLib_SpeI.4.T3.P,SeqCenter_2026-05-26_QUO1022807,E4,TFMN4.exp2.ACN3788.concX_largeLib_SpeI.4,TFMN4,exp2,ACN3788,concX_largeLib_SpeI,4,3,P,verABLib_large,A81,B51,A81-B51,1
TFMN4.exp2.ACN3788.concX_largeLib_SpeI.4.T3.P,SeqCenter_2026-05-26_QUO1022807,E4,TFMN4.exp2.ACN3788.concX_largeLib_SpeI.4,TFMN4,exp2,ACN3788,concX_largeLib_SpeI,4,3,P,verABLib_large,A81,B65,A81-B65,1
TFMN4.exp2.ACN3788.concX_largeLib_SpeI.4.T3.P,SeqCenter_2026-05-26_QUO1022807,E4,TFMN4.exp2.ACN3788.concX_largeLib_SpeI.4,TFMN4,exp2,ACN3788,concX_largeLib_SpeI,4,3,P,verABLib_large,A81,B75,A81-B75,11
TFMN4.exp2.ACN3788.concX_largeLib_SpeI.4.T3.P,SeqCenter_2026-05-26_QUO1022807,E4,TFMN4.exp2.ACN3788.concX_largeLib_SpeI.4,TFMN4,exp2,ACN3788,concX_largeLib_SpeI,4,3,P,verABLib_large,A81,B84,A81-B84,3
TFMN4.exp2.ACN3788.concX_largeLib_SpeI.4.T3.P,SeqCenter_2026-05-26_QUO1022807,E4,TFMN4.exp2.ACN3788.concX_largeLib_SpeI.4,TFMN4,exp2,ACN3788,concX_largeLib_SpeI,4,3,P,verABLib_large,A83,B151,A83-B151,15
TFMN4.exp2.ACN3788.concX_largeLib_SpeI.4.T3.P,SeqCenter_2026-05-26_QUO1022807,E4,TFMN4.exp2.ACN3788.concX_largeLib_SpeI.4,TFMN4,exp2,ACN3788,concX_largeLib_SpeI,4,3,P,verABLib_large,A83,B40,A83-B40,1
TFMN4.exp2.ACN3788.concX_largeLib_SpeI.4.T3.P,SeqCenter_2026-05-26_QUO1022807,E4,TFMN4.exp2.ACN3788.concX_largeLib_SpeI.4,TFMN4,exp2,ACN3788,concX_largeLib_SpeI,4,3,P,verABLib_large,A90,B171,A90-B171,1
TFMN4.exp2.ACN3788.concX_largeLib_SpeI.4.T3.P,SeqCenter_2026-05-26_QUO1022807,E4,TFMN4.exp2.ACN3788.concX_largeLib_SpeI.4,TFMN4,exp2,ACN3788,concX_largeLib_SpeI,4,3,P,verABLib_large,A90,B75,A90-B75,3
TFMN4.exp2.ACN3788.concX_largeLib_SpeI.4.T4.P,SeqCenter_2026-05-26_QUO1022807,E4,TFMN4.exp2.ACN3788.concX_largeLib_SpeI.4,TFMN4,exp2,ACN3788,concX_largeLib_SpeI,4,4,P,verABLib_large,A153,B151,A153-B151,1
TFMN4.exp2.ACN3788.concX_largeLib_SpeI.4.T4.P,SeqCenter_2026-05-26_QUO1022807,E4,TFMN4.exp2.ACN3788.concX_largeLib_SpeI.4,TFMN4,exp2,ACN3788,concX_largeLib_SpeI,4,4,P,verABLib_large,A153,B30,A153-B30,10
TFMN4.exp2.ACN3788.concX_largeLib_SpeI.4.T4.P,SeqCenter_2026-05-26_QUO1022807,E4,TFMN4.exp2.ACN3788.concX_largeLib_SpeI.4,TFMN4,exp2,ACN3788,concX_largeLib_SpeI,4,4,P,verABLib_large,A176,B151,A176-B151,2
TFMN4.exp2.ACN3788.concX_largeLib_SpeI.4.T4.P,SeqCenter_2026-05-26_QUO1022807,E4,TFMN4.exp2.ACN3788.concX_largeLib_SpeI.4,TFMN4,exp2,ACN3788,concX_largeLib_SpeI,4,4,P,verABLib_large,A196,B119,A196-B119,1
TFMN4.exp2.ACN3788.concX_largeLib_SpeI.4.T4.P,SeqCenter_2026-05-26_QUO1022807,E4,TFMN4.exp2.ACN3788.concX_largeLib_SpeI.4,TFMN4,exp2,ACN3788,concX_largeLib_SpeI,4,4,P,verABLib_large,A196,B145,A196-B145,2
TFMN4.exp2.ACN3788.concX_largeLib_SpeI.4.T4.P,SeqCenter_2026-05-26_QUO1022807,E4,TFMN4.exp2.ACN3788.concX_largeLib_SpeI.4,TFMN4,exp2,ACN3788,concX_largeLib_SpeI,4,4,P,verABLib_large,A196,B151,A196-B151,32
TFMN4.exp2.ACN3788.concX_largeLib_SpeI.4.T4.P,SeqCenter_2026-05-26_QUO1022807,E4,TFMN4.exp2.ACN3788.concX_largeLib_SpeI.4,TFMN4,exp2,ACN3788,concX_largeLib_SpeI,4,4,P,verABLib_large,A196,B34,A196-B34,1
TFMN4.exp2.ACN3788.concX_largeLib_SpeI.4.T4.P,SeqCenter_2026-05-26_QUO1022807,E4,TFMN4.exp2.ACN3788.concX_largeLib_SpeI.4,TFMN4,exp2,ACN3788,concX_largeLib_SpeI,4,4,P,verABLib_large,A20,B70,A20-B70,1
TFMN4.exp2.ACN3788.concX_largeLib_SpeI.4.T4.P,SeqCenter_2026-05-26_QUO1022807,E4,TFMN4.exp2.ACN3788.concX_largeLib_SpeI.4,TFMN4,exp2,ACN3788,concX_largeLib_SpeI,4,4,P,verABLib_large,A63,B151,A63-B151,5
TFMN4.exp2.ACN3788.concX_largeLib_SpeI.4.T4.P,SeqCenter_2026-05-26_QUO1022807,E4,TFMN4.exp2.ACN3788.concX_largeLib_SpeI.4,TFMN4,exp2,ACN3788,concX_largeLib_SpeI,4,4,P,verABLib_large,A78,B171,A78-B171,4
TFMN4.exp2.ACN3788.concX_largeLib_SpeI.4.T4.P,SeqCenter_2026-05-26_QUO1022807,E4,TFMN4.exp2.ACN3788.concX_largeLib_SpeI.4,TFMN4,exp2,ACN3788,concX_largeLib_SpeI,4,4,P,verABLib_large,A78,B2,A78-B2,6
TFMN4.exp2.ACN3788.concX_largeLib_SpeI.4.T4.P,SeqCenter_2026-05-26_QUO1022807,E4,TFMN4.exp2.ACN3788.concX_largeLib_SpeI.4,TFMN4,exp2,ACN3788,concX_largeLib_SpeI,4,4,P,verABLib_large,A78,B26,A78-B26,3
TFMN4.exp2.ACN3788.concX_largeLib_SpeI.4.T4.P,SeqCenter_2026-05-26_QUO1022807,E4,TFMN4.exp2.ACN3788.concX_largeLib_SpeI.4,TFMN4,exp2,ACN3788,concX_largeLib_SpeI,4,4,P,verABLib_large,A78,B3,A78-B3,2
TFMN4.exp2.ACN3788.concX_largeLib_SpeI.4.T4.P,SeqCenter_2026-05-26_QUO1022807,E4,TFMN4.exp2.ACN3788.concX_largeLib_SpeI.4,TFMN4,exp2,ACN3788,concX_largeLib_SpeI,4,4,P,verABLib_large,A78,B42,A78-B42,1
TFMN4.exp2.ACN3788.concX_largeLib_SpeI.4.T4.P,SeqCenter_2026-05-26_QUO1022807,E4,TFMN4.exp2.ACN3788.concX_largeLib_SpeI.4,TFMN4,exp2,ACN3788,concX_largeLib_SpeI,4,4,P,verABLib_large,A81,B120,A81-B120,5
TFMN4.exp2.ACN3788.concX_largeLib_SpeI.4.T4.P,SeqCenter_2026-05-26_QUO1022807,E4,TFMN4.exp2.ACN3788.concX_largeLib_SpeI.4,TFMN4,exp2,ACN3788,concX_largeLib_SpeI,4,4,P,verABLib_large,A81,B151,A81-B151,6
TFMN4.exp2.ACN3788.concX_largeLib_SpeI.4.T4.P,SeqCenter_2026-05-26_QUO1022807,E4,TFMN4.exp2.ACN3788.concX_largeLib_SpeI.4,TFMN4,exp2,ACN3788,concX_largeLib_SpeI,4,4,P,verABLib_large,A81,B177,A81-B177,2
TFMN4.exp2.ACN3788.concX_largeLib_SpeI.4.T4.P,SeqCenter_2026-05-26_QUO1022807,E4,TFMN4.exp2.ACN3788.concX_largeLib_SpeI.4,TFMN4,exp2,ACN3788,concX_largeLib_SpeI,4,4,P,verABLib_large,A81,B30,A81-B30,23
TFMN4.exp2.ACN3788.concX_largeLib_SpeI.4.T4.P,SeqCenter_2026-05-26_QUO1022807,E4,TFMN4.exp2.ACN3788.concX_largeLib_SpeI.4,TFMN4,exp2,ACN3788,concX_largeLib_SpeI,4,4,P,verABLib_large,A81,B65,A81-B65,2
TFMN4.exp2.ACN3788.concX_largeLib_SpeI.4.T4.P,SeqCenter_2026-05-26_QUO1022807,E4,TFMN4.exp2.ACN3788.concX_largeLib_SpeI.4,TFMN4,exp2,ACN3788,concX_largeLib_SpeI,4,4,P,verABLib_large,A81,B75,A81-B75,5
TFMN4.exp2.ACN3788.concX_largeLib_SpeI.4.T4.P,SeqCenter_2026-05-26_QUO1022807,E4,TFMN4.exp2.ACN3788.concX_largeLib_SpeI.4,TFMN4,exp2,ACN3788,concX_largeLib_SpeI,4,4,P,verABLib_large,A81,B84,A81-B84,8
TFMN4.exp2.ACN3788.concX_largeLib_SpeI.4.T4.P,SeqCenter_2026-05-26_QUO1022807,E4,TFMN4.exp2.ACN3788.concX_largeLib_SpeI.4,TFMN4,exp2,ACN3788,concX_largeLib_SpeI,4,4,P,verABLib_large,A83,B151,A83-B151,71
TFMN4.exp2.ACN3788.concX_largeLib_SpeI.4.T4.P,SeqCenter_2026-05-26_QUO1022807,E4,TFMN4.exp2.ACN3788.concX_largeLib_SpeI.4,TFMN4,exp2,ACN3788,concX_largeLib_SpeI,4,4,P,verABLib_large,A83,B40,A83-B40,7
TFMN4.exp2.ACN3788.concX_largeLib_SpeI.4.T4.P,SeqCenter_2026-05-26_QUO1022807,E4,TFMN4.exp2.ACN3788.concX_largeLib_SpeI.4,TFMN4,exp2,ACN3788,concX_largeLib_SpeI,4,4,P,verABLib_large,A90,B171,A90-B171,2
TFMN4.exp2.ACN3788.concX_largeLib_SpeI.4.T4.P,SeqCenter_2026-05-26_QUO1022807,E4,TFMN4.exp2.ACN3788.concX_largeLib_SpeI.4,TFMN4,exp2,ACN3788,concX_largeLib_SpeI,4,4,P,verABLib_large,A90,B75,A90-B75,4
TFMN4.exp2.ACN3788.concX_largeLib_SpeI.4.T6.P,SeqCenter_2026-05-26_QUO1022807,E4,TFMN4.exp2.ACN3788.concX_largeLib_SpeI.4,TFMN4,exp2,ACN3788,concX_largeLib_SpeI,4,6,P,verABLib_large,A153,B30,A153-B30,8
TFMN4.exp2.ACN3788.concX_largeLib_SpeI.4.T6.P,SeqCenter_2026-05-26_QUO1022807,E4,TFMN4.exp2.ACN3788.concX_largeLib_SpeI.4,TFMN4,exp2,ACN3788,concX_largeLib_SpeI,4,6,P,verABLib_large,A159,B49,A159-B49,2
TFMN4.exp2.ACN3788.concX_largeLib_SpeI.4.T6.P,SeqCenter_2026-05-26_QUO1022807,E4,TFMN4.exp2.ACN3788.concX_largeLib_SpeI.4,TFMN4,exp2,ACN3788,concX_largeLib_SpeI,4,6,P,verABLib_large,A196,B119,A196-B119,1
TFMN4.exp2.ACN3788.concX_largeLib_SpeI.4.T6.P,SeqCenter_2026-05-26_QUO1022807,E4,TFMN4.exp2.ACN3788.concX_largeLib_SpeI.4,TFMN4,exp2,ACN3788,concX_largeLib_SpeI,4,6,P,verABLib_large,A196,B145,A196-B145,2
TFMN4.exp2.ACN3788.concX_largeLib_SpeI.4.T6.P,SeqCenter_2026-05-26_QUO1022807,E4,TFMN4.exp2.ACN3788.concX_largeLib_SpeI.4,TFMN4,exp2,ACN3788,concX_largeLib_SpeI,4,6,P,verABLib_large,A196,B151,A196-B151,117
TFMN4.exp2.ACN3788.concX_largeLib_SpeI.4.T6.P,SeqCenter_2026-05-26_QUO1022807,E4,TFMN4.exp2.ACN3788.concX_largeLib_SpeI.4,TFMN4,exp2,ACN3788,concX_largeLib_SpeI,4,6,P,verABLib_large,A20,B151,A20-B151,1
TFMN4.exp2.ACN3788.concX_largeLib_SpeI.4.T6.P,SeqCenter_2026-05-26_QUO1022807,E4,TFMN4.exp2.ACN3788.concX_largeLib_SpeI.4,TFMN4,exp2,ACN3788,concX_largeLib_SpeI,4,6,P,verABLib_large,A20,B70,A20-B70,1
TFMN4.exp2.ACN3788.concX_largeLib_SpeI.4.T6.P,SeqCenter_2026-05-26_QUO1022807,E4,TFMN4.exp2.ACN3788.concX_largeLib_SpeI.4,TFMN4,exp2,ACN3788,concX_largeLib_SpeI,4,6,P,verABLib_large,A78,B2,A78-B2,5
TFMN4.exp2.ACN3788.concX_largeLib_SpeI.4.T6.P,SeqCenter_2026-05-26_QUO1022807,E4,TFMN4.exp2.ACN3788.concX_largeLib_SpeI.4,TFMN4,exp2,ACN3788,concX_largeLib_SpeI,4,6,P,verABLib_large,A78,B26,A78-B26,1
TFMN4.exp2.ACN3788.concX_largeLib_SpeI.4.T6.P,SeqCenter_2026-05-26_QUO1022807,E4,TFMN4.exp2.ACN3788.concX_largeLib_SpeI.4,TFMN4,exp2,ACN3788,concX_largeLib_SpeI,4,6,P,verABLib_large,A78,B3,A78-B3,2
TFMN4.exp2.ACN3788.concX_largeLib_SpeI.4.T6.P,SeqCenter_2026-05-26_QUO1022807,E4,TFMN4.exp2.ACN3788.concX_largeLib_SpeI.4,TFMN4,exp2,ACN3788,concX_largeLib_SpeI,4,6,P,verABLib_large,A81,B120,A81-B120,8
TFMN4.exp2.ACN3788.concX_largeLib_SpeI.4.T6.P,SeqCenter_2026-05-26_QUO1022807,E4,TFMN4.exp2.ACN3788.concX_largeLib_SpeI.4,TFMN4,exp2,ACN3788,concX_largeLib_SpeI,4,6,P,verABLib_large,A81,B151,A81-B151,2
TFMN4.exp2.ACN3788.concX_largeLib_SpeI.4.T6.P,SeqCenter_2026-05-26_QUO1022807,E4,TFMN4.exp2.ACN3788.concX_largeLib_SpeI.4,TFMN4,exp2,ACN3788,concX_largeLib_SpeI,4,6,P,verABLib_large,A81,B177,A81-B177,1
TFMN4.exp2.ACN3788.concX_largeLib_SpeI.4.T6.P,SeqCenter_2026-05-26_QUO1022807,E4,TFMN4.exp2.ACN3788.concX_largeLib_SpeI.4,TFMN4,exp2,ACN3788,concX_largeLib_SpeI,4,6,P,verABLib_large,A81,B30,A81-B30,10
TFMN4.exp2.ACN3788.concX_largeLib_SpeI.4.T6.P,SeqCenter_2026-05-26_QUO1022807,E4,TFMN4.exp2.ACN3788.concX_largeLib_SpeI.4,TFMN4,exp2,ACN3788,concX_largeLib_SpeI,4,6,P,verABLib_large,A81,B65,A81-B65,1
TFMN4.exp2.ACN3788.concX_largeLib_SpeI.4.T6.P,SeqCenter_2026-05-26_QUO1022807,E4,TFMN4.exp2.ACN3788.concX_largeLib_SpeI.4,TFMN4,exp2,ACN3788,concX_largeLib_SpeI,4,6,P,verABLib_large,A81,B75,A81-B75,2
TFMN4.exp2.ACN3788.concX_largeLib_SpeI.4.T6.P,SeqCenter_2026-05-26_QUO1022807,E4,TFMN4.exp2.ACN3788.concX_largeLib_SpeI.4,TFMN4,exp2,ACN3788,concX_largeLib_SpeI,4,6,P,verABLib_large,A81,B84,A81-B84,3
TFMN4.exp2.ACN3788.concX_largeLib_SpeI.4.T6.P,SeqCenter_2026-05-26_QUO1022807,E4,TFMN4.exp2.ACN3788.concX_largeLib_SpeI.4,TFMN4,exp2,ACN3788,concX_largeLib_SpeI,4,6,P,verABLib_large,A83,B120,A83-B120,1
TFMN4.exp2.ACN3788.concX_largeLib_SpeI.4.T6.P,SeqCenter_2026-05-26_QUO1022807,E4,TFMN4.exp2.ACN3788.concX_largeLib_SpeI.4,TFMN4,exp2,ACN3788,concX_largeLib_SpeI,4,6,P,verABLib_large,A83,B151,A83-B151,13
TFMN4.exp2.ACN3788.concX_largeLib_SpeI.4.T6.P,SeqCenter_2026-05-26_QUO1022807,E4,TFMN4.exp2.ACN3788.concX_largeLib_SpeI.4,TFMN4,exp2,ACN3788,concX_largeLib_SpeI,4,6,P,verABLib_large,A83,B40,A83-B40,1
TFMN4.exp2.ACN3788.concX_largeLib_SpeI.4.T6.P,SeqCenter_2026-05-26_QUO1022807,E4,TFMN4.exp2.ACN3788.concX_largeLib_SpeI.4,TFMN4,exp2,ACN3788,concX_largeLib_SpeI,4,6,P,verABLib_large,A90,B75,A90-B75,1
TFMN4.exp2.ACN3788.concX_largeLib_SpeI.4.T6.P,SeqCenter_2026-05-26_QUO1022807,E4,TFMN4.exp2.ACN3788.concX_largeLib_SpeI.4,TFMN4,exp2,ACN3788,concX_largeLib_SpeI,4,6,P,verABLib_large,A96,B132,A96-B132,1
TFMN4.exp2.ACN3788.concX_largeLib_SpeI.5.T13.P,SeqCenter_2026-05-26_QUO1022807,F4,TFMN4.exp2.ACN3788.concX_largeLib_SpeI.5,TFMN4,exp2,ACN3788,concX_largeLib_SpeI,5,13,P,verABLib_large,A83,B42,A83-B42,231
TFMN4.exp2.ACN3788.concX_largeLib_SpeI.5.T3.P,SeqCenter_2026-05-26_QUO1022807,F4,TFMN4.exp2.ACN3788.concX_largeLib_SpeI.5,TFMN4,exp2,ACN3788,concX_largeLib_SpeI,5,3,P,verABLib_large,A153,B171,A153-B171,1
TFMN4.exp2.ACN3788.concX_largeLib_SpeI.5.T3.P,SeqCenter_2026-05-26_QUO1022807,F4,TFMN4.exp2.ACN3788.concX_largeLib_SpeI.5,TFMN4,exp2,ACN3788,concX_largeLib_SpeI,5,3,P,verABLib_large,A153,B30,A153-B30,18
TFMN4.exp2.ACN3788.concX_largeLib_SpeI.5.T3.P,SeqCenter_2026-05-26_QUO1022807,F4,TFMN4.exp2.ACN3788.concX_largeLib_SpeI.5,TFMN4,exp2,ACN3788,concX_largeLib_SpeI,5,3,P,verABLib_large,A153,B77,A153-B77,4
TFMN4.exp2.ACN3788.concX_largeLib_SpeI.5.T3.P,SeqCenter_2026-05-26_QUO1022807,F4,TFMN4.exp2.ACN3788.concX_largeLib_SpeI.5,TFMN4,exp2,ACN3788,concX_largeLib_SpeI,5,3,P,verABLib_large,A176,B34,A176-B34,1
TFMN4.exp2.ACN3788.concX_largeLib_SpeI.5.T3.P,SeqCenter_2026-05-26_QUO1022807,F4,TFMN4.exp2.ACN3788.concX_largeLib_SpeI.5,TFMN4,exp2,ACN3788,concX_largeLib_SpeI,5,3,P,verABLib_large,A186,B151,A186-B151,1
TFMN4.exp2.ACN3788.concX_largeLib_SpeI.5.T3.P,SeqCenter_2026-05-26_QUO1022807,F4,TFMN4.exp2.ACN3788.concX_largeLib_SpeI.5,TFMN4,exp2,ACN3788,concX_largeLib_SpeI,5,3,P,verABLib_large,A186,B74,A186-B74,1
TFMN4.exp2.ACN3788.concX_largeLib_SpeI.5.T3.P,SeqCenter_2026-05-26_QUO1022807,F4,TFMN4.exp2.ACN3788.concX_largeLib_SpeI.5,TFMN4,exp2,ACN3788,concX_largeLib_SpeI,5,3,P,verABLib_large,A186,B75,A186-B75,4
TFMN4.exp2.ACN3788.concX_largeLib_SpeI.5.T3.P,SeqCenter_2026-05-26_QUO1022807,F4,TFMN4.exp2.ACN3788.concX_largeLib_SpeI.5,TFMN4,exp2,ACN3788,concX_largeLib_SpeI,5,3,P,verABLib_large,A196,B117,A196-B117,1
TFMN4.exp2.ACN3788.concX_largeLib_SpeI.5.T3.P,SeqCenter_2026-05-26_QUO1022807,F4,TFMN4.exp2.ACN3788.concX_largeLib_SpeI.5,TFMN4,exp2,ACN3788,concX_largeLib_SpeI,5,3,P,verABLib_large,A66,B30,A66-B30,1
TFMN4.exp2.ACN3788.concX_largeLib_SpeI.5.T3.P,SeqCenter_2026-05-26_QUO1022807,F4,TFMN4.exp2.ACN3788.concX_largeLib_SpeI.5,TFMN4,exp2,ACN3788,concX_largeLib_SpeI,5,3,P,verABLib_large,A78,B2,A78-B2,3
TFMN4.exp2.ACN3788.concX_largeLib_SpeI.5.T3.P,SeqCenter_2026-05-26_QUO1022807,F4,TFMN4.exp2.ACN3788.concX_largeLib_SpeI.5,TFMN4,exp2,ACN3788,concX_largeLib_SpeI,5,3,P,verABLib_large,A78,B30,A78-B30,45
TFMN4.exp2.ACN3788.concX_largeLib_SpeI.5.T3.P,SeqCenter_2026-05-26_QUO1022807,F4,TFMN4.exp2.ACN3788.concX_largeLib_SpeI.5,TFMN4,exp2,ACN3788,concX_largeLib_SpeI,5,3,P,verABLib_large,A78,B59,A78-B59,6
TFMN4.exp2.ACN3788.concX_largeLib_SpeI.5.T3.P,SeqCenter_2026-05-26_QUO1022807,F4,TFMN4.exp2.ACN3788.concX_largeLib_SpeI.5,TFMN4,exp2,ACN3788,concX_largeLib_SpeI,5,3,P,verABLib_large,A78,B75,A78-B75,9
TFMN4.exp2.ACN3788.concX_largeLib_SpeI.5.T3.P,SeqCenter_2026-05-26_QUO1022807,F4,TFMN4.exp2.ACN3788.concX_largeLib_SpeI.5,TFMN4,exp2,ACN3788,concX_largeLib_SpeI,5,3,P,verABLib_large,A78,B77,A78-B77,4
TFMN4.exp2.ACN3788.concX_largeLib_SpeI.5.T3.P,SeqCenter_2026-05-26_QUO1022807,F4,TFMN4.exp2.ACN3788.concX_largeLib_SpeI.5,TFMN4,exp2,ACN3788,concX_largeLib_SpeI,5,3,P,verABLib_large,A78,B79,A78-B79,2
TFMN4.exp2.ACN3788.concX_largeLib_SpeI.5.T3.P,SeqCenter_2026-05-26_QUO1022807,F4,TFMN4.exp2.ACN3788.concX_largeLib_SpeI.5,TFMN4,exp2,ACN3788,concX_largeLib_SpeI,5,3,P,verABLib_large,A81,B145,A81-B145,9
TFMN4.exp2.ACN3788.concX_largeLib_SpeI.5.T3.P,SeqCenter_2026-05-26_QUO1022807,F4,TFMN4.exp2.ACN3788.concX_largeLib_SpeI.5,TFMN4,exp2,ACN3788,concX_largeLib_SpeI,5,3,P,verABLib_large,A81,B171,A81-B171,3
TFMN4.exp2.ACN3788.concX_largeLib_SpeI.5.T3.P,SeqCenter_2026-05-26_QUO1022807,F4,TFMN4.exp2.ACN3788.concX_largeLib_SpeI.5,TFMN4,exp2,ACN3788,concX_largeLib_SpeI,5,3,P,verABLib_large,A81,B30,A81-B30,10
TFMN4.exp2.ACN3788.concX_largeLib_SpeI.5.T3.P,SeqCenter_2026-05-26_QUO1022807,F4,TFMN4.exp2.ACN3788.concX_largeLib_SpeI.5,TFMN4,exp2,ACN3788,concX_largeLib_SpeI,5,3,P,verABLib_large,A81,B42,A81-B42,1
TFMN4.exp2.ACN3788.concX_largeLib_SpeI.5.T3.P,SeqCenter_2026-05-26_QUO1022807,F4,TFMN4.exp2.ACN3788.concX_largeLib_SpeI.5,TFMN4,exp2,ACN3788,concX_largeLib_SpeI,5,3,P,verABLib_large,A81,B59,A81-B59,1
TFMN4.exp2.ACN3788.concX_largeLib_SpeI.5.T3.P,SeqCenter_2026-05-26_QUO1022807,F4,TFMN4.exp2.ACN3788.concX_largeLib_SpeI.5,TFMN4,exp2,ACN3788,concX_largeLib_SpeI,5,3,P,verABLib_large,A81,B65,A81-B65,1
TFMN4.exp2.ACN3788.concX_largeLib_SpeI.5.T3.P,SeqCenter_2026-05-26_QUO1022807,F4,TFMN4.exp2.ACN3788.concX_largeLib_SpeI.5,TFMN4,exp2,ACN3788,concX_largeLib_SpeI,5,3,P,verABLib_large,A83,B151,A83-B151,2
TFMN4.exp2.ACN3788.concX_largeLib_SpeI.5.T3.P,SeqCenter_2026-05-26_QUO1022807,F4,TFMN4.exp2.ACN3788.concX_largeLib_SpeI.5,TFMN4,exp2,ACN3788,concX_largeLib_SpeI,5,3,P,verABLib_large,A83,B42,A83-B42,33
TFMN4.exp2.ACN3788.concX_largeLib_SpeI.5.T3.P,SeqCenter_2026-05-26_QUO1022807,F4,TFMN4.exp2.ACN3788.concX_largeLib_SpeI.5,TFMN4,exp2,ACN3788,concX_largeLib_SpeI,5,3,P,verABLib_large,A90,B120,A90-B120,5
TFMN4.exp2.ACN3788.concX_largeLib_SpeI.5.T3.P,SeqCenter_2026-05-26_QUO1022807,F4,TFMN4.exp2.ACN3788.concX_largeLib_SpeI.5,TFMN4,exp2,ACN3788,concX_largeLib_SpeI,5,3,P,verABLib_large,A90,B150,A90-B150,2
TFMN4.exp2.ACN3788.concX_largeLib_SpeI.5.T3.P,SeqCenter_2026-05-26_QUO1022807,F4,TFMN4.exp2.ACN3788.concX_largeLib_SpeI.5,TFMN4,exp2,ACN3788,concX_largeLib_SpeI,5,3,P,verABLib_large,A90,B61,A90-B61,1
TFMN4.exp2.ACN3788.concX_largeLib_SpeI.5.T3.P,SeqCenter_2026-05-26_QUO1022807,F4,TFMN4.exp2.ACN3788.concX_largeLib_SpeI.5,TFMN4,exp2,ACN3788,concX_largeLib_SpeI,5,3,P,verABLib_large,A90,B99,A90-B99,5
TFMN4.exp2.ACN3788.concX_largeLib_SpeI.5.T3.P,SeqCenter_2026-05-26_QUO1022807,F4,TFMN4.exp2.ACN3788.concX_largeLib_SpeI.5,TFMN4,exp2,ACN3788,concX_largeLib_SpeI,5,3,P,verABLib_large,A96,B84,A96-B84,1
TFMN4.exp2.ACN3788.concX_largeLib_SpeI.5.T4.P,SeqCenter_2026-05-26_QUO1022807,F4,TFMN4.exp2.ACN3788.concX_largeLib_SpeI.5,TFMN4,exp2,ACN3788,concX_largeLib_SpeI,5,4,P,verABLib_large,A153,B30,A153-B30,2
TFMN4.exp2.ACN3788.concX_largeLib_SpeI.5.T4.P,SeqCenter_2026-05-26_QUO1022807,F4,TFMN4.exp2.ACN3788.concX_largeLib_SpeI.5,TFMN4,exp2,ACN3788,concX_largeLib_SpeI,5,4,P,verABLib_large,A153,B77,A153-B77,1
TFMN4.exp2.ACN3788.concX_largeLib_SpeI.5.T4.P,SeqCenter_2026-05-26_QUO1022807,F4,TFMN4.exp2.ACN3788.concX_largeLib_SpeI.5,TFMN4,exp2,ACN3788,concX_largeLib_SpeI,5,4,P,verABLib_large,A185,B30,A185-B30,1
TFMN4.exp2.ACN3788.concX_largeLib_SpeI.5.T4.P,SeqCenter_2026-05-26_QUO1022807,F4,TFMN4.exp2.ACN3788.concX_largeLib_SpeI.5,TFMN4,exp2,ACN3788,concX_largeLib_SpeI,5,4,P,verABLib_large,A196,B117,A196-B117,1
TFMN4.exp2.ACN3788.concX_largeLib_SpeI.5.T4.P,SeqCenter_2026-05-26_QUO1022807,F4,TFMN4.exp2.ACN3788.concX_largeLib_SpeI.5,TFMN4,exp2,ACN3788,concX_largeLib_SpeI,5,4,P,verABLib_large,A196,B2,A196-B2,1
TFMN4.exp2.ACN3788.concX_largeLib_SpeI.5.T4.P,SeqCenter_2026-05-26_QUO1022807,F4,TFMN4.exp2.ACN3788.concX_largeLib_SpeI.5,TFMN4,exp2,ACN3788,concX_largeLib_SpeI,5,4,P,verABLib_large,A196,B6,A196-B6,1
TFMN4.exp2.ACN3788.concX_largeLib_SpeI.5.T4.P,SeqCenter_2026-05-26_QUO1022807,F4,TFMN4.exp2.ACN3788.concX_largeLib_SpeI.5,TFMN4,exp2,ACN3788,concX_largeLib_SpeI,5,4,P,verABLib_large,A78,B30,A78-B30,17
TFMN4.exp2.ACN3788.concX_largeLib_SpeI.5.T4.P,SeqCenter_2026-05-26_QUO1022807,F4,TFMN4.exp2.ACN3788.concX_largeLib_SpeI.5,TFMN4,exp2,ACN3788,concX_largeLib_SpeI,5,4,P,verABLib_large,A78,B59,A78-B59,2
TFMN4.exp2.ACN3788.concX_largeLib_SpeI.5.T4.P,SeqCenter_2026-05-26_QUO1022807,F4,TFMN4.exp2.ACN3788.concX_largeLib_SpeI.5,TFMN4,exp2,ACN3788,concX_largeLib_SpeI,5,4,P,verABLib_large,A78,B75,A78-B75,2
TFMN4.exp2.ACN3788.concX_largeLib_SpeI.5.T4.P,SeqCenter_2026-05-26_QUO1022807,F4,TFMN4.exp2.ACN3788.concX_largeLib_SpeI.5,TFMN4,exp2,ACN3788,concX_largeLib_SpeI,5,4,P,verABLib_large,A78,B77,A78-B77,4
TFMN4.exp2.ACN3788.concX_largeLib_SpeI.5.T4.P,SeqCenter_2026-05-26_QUO1022807,F4,TFMN4.exp2.ACN3788.concX_largeLib_SpeI.5,TFMN4,exp2,ACN3788,concX_largeLib_SpeI,5,4,P,verABLib_large,A81,B145,A81-B145,6
TFMN4.exp2.ACN3788.concX_largeLib_SpeI.5.T4.P,SeqCenter_2026-05-26_QUO1022807,F4,TFMN4.exp2.ACN3788.concX_largeLib_SpeI.5,TFMN4,exp2,ACN3788,concX_largeLib_SpeI,5,4,P,verABLib_large,A81,B30,A81-B30,1
TFMN4.exp2.ACN3788.concX_largeLib_SpeI.5.T4.P,SeqCenter_2026-05-26_QUO1022807,F4,TFMN4.exp2.ACN3788.concX_largeLib_SpeI.5,TFMN4,exp2,ACN3788,concX_largeLib_SpeI,5,4,P,verABLib_large,A83,B151,A83-B151,1
TFMN4.exp2.ACN3788.concX_largeLib_SpeI.5.T4.P,SeqCenter_2026-05-26_QUO1022807,F4,TFMN4.exp2.ACN3788.concX_largeLib_SpeI.5,TFMN4,exp2,ACN3788,concX_largeLib_SpeI,5,4,P,verABLib_large,A83,B42,A83-B42,140
TFMN4.exp2.ACN3788.concX_largeLib_SpeI.5.T4.P,SeqCenter_2026-05-26_QUO1022807,F4,TFMN4.exp2.ACN3788.concX_largeLib_SpeI.5,TFMN4,exp2,ACN3788,concX_largeLib_SpeI,5,4,P,verABLib_large,A90,B120,A90-B120,5
TFMN4.exp2.ACN3788.concX_largeLib_SpeI.5.T6.P,SeqCenter_2026-05-26_QUO1022807,F4,TFMN4.exp2.ACN3788.concX_largeLib_SpeI.5,TFMN4,exp2,ACN3788,concX_largeLib_SpeI,5,6,P,verABLib_large,A153,B30,A153-B30,2
TFMN4.exp2.ACN3788.concX_largeLib_SpeI.5.T6.P,SeqCenter_2026-05-26_QUO1022807,F4,TFMN4.exp2.ACN3788.concX_largeLib_SpeI.5,TFMN4,exp2,ACN3788,concX_largeLib_SpeI,5,6,P,verABLib_large,A78,B30,A78-B30,2
TFMN4.exp2.ACN3788.concX_largeLib_SpeI.5.T6.P,SeqCenter_2026-05-26_QUO1022807,F4,TFMN4.exp2.ACN3788.concX_largeLib_SpeI.5,TFMN4,exp2,ACN3788,concX_largeLib_SpeI,5,6,P,verABLib_large,A78,B59,A78-B59,1
TFMN4.exp2.ACN3788.concX_largeLib_SpeI.5.T6.P,SeqCenter_2026-05-26_QUO1022807,F4,TFMN4.exp2.ACN3788.concX_largeLib_SpeI.5,TFMN4,exp2,ACN3788,concX_largeLib_SpeI,5,6,P,verABLib_large,A78,B75,A78-B75,2
TFMN4.exp2.ACN3788.concX_largeLib_SpeI.5.T6.P,SeqCenter_2026-05-26_QUO1022807,F4,TFMN4.exp2.ACN3788.concX_largeLib_SpeI.5,TFMN4,exp2,ACN3788,concX_largeLib_SpeI,5,6,P,verABLib_large,A83,B26,A83-B26,1
TFMN4.exp2.ACN3788.concX_largeLib_SpeI.5.T6.P,SeqCenter_2026-05-26_QUO1022807,F4,TFMN4.exp2.ACN3788.concX_largeLib_SpeI.5,TFMN4,exp2,ACN3788,concX_largeLib_SpeI,5,6,P,verABLib_large,A83,B42,A83-B42,135
TFMN4.exp2.ACN3788.concX_largeLib_SpeI_cleanup.1.T13.P,SeqCenter_2026-05-26_QUO1022807,B5,TFMN4.exp2.ACN3788.concX_largeLib_SpeI_cleanup.1,TFMN4,exp2,ACN3788,concX_largeLib_SpeI_cleanup,1,13,P,verABLib_large,A153,B77,A153-B77,6
TFMN4.exp2.ACN3788.concX_largeLib_SpeI_cleanup.1.T13.P,SeqCenter_2026-05-26_QUO1022807,B5,TFMN4.exp2.ACN3788.concX_largeLib_SpeI_cleanup.1,TFMN4,exp2,ACN3788,concX_largeLib_SpeI_cleanup,1,13,P,verABLib_large,A176,B120,A176-B120,2
TFMN4.exp2.ACN3788.concX_largeLib_SpeI_cleanup.1.T13.P,SeqCenter_2026-05-26_QUO1022807,B5,TFMN4.exp2.ACN3788.concX_largeLib_SpeI_cleanup.1,TFMN4,exp2,ACN3788,concX_largeLib_SpeI_cleanup,1,13,P,verABLib_large,A78,B117,A78-B117,12
TFMN4.exp2.ACN3788.concX_largeLib_SpeI_cleanup.1.T13.P,SeqCenter_2026-05-26_QUO1022807,B5,TFMN4.exp2.ACN3788.concX_largeLib_SpeI_cleanup.1,TFMN4,exp2,ACN3788,concX_largeLib_SpeI_cleanup,1,13,P,verABLib_large,A78,B122,A78-B122,2
TFMN4.exp2.ACN3788.concX_largeLib_SpeI_cleanup.1.T13.P,SeqCenter_2026-05-26_QUO1022807,B5,TFMN4.exp2.ACN3788.concX_largeLib_SpeI_cleanup.1,TFMN4,exp2,ACN3788,concX_largeLib_SpeI_cleanup,1,13,P,verABLib_large,A78,B30,A78-B30,48
TFMN4.exp2.ACN3788.concX_largeLib_SpeI_cleanup.1.T13.P,SeqCenter_2026-05-26_QUO1022807,B5,TFMN4.exp2.ACN3788.concX_largeLib_SpeI_cleanup.1,TFMN4,exp2,ACN3788,concX_largeLib_SpeI_cleanup,1,13,P,verABLib_large,A78,B79,A78-B79,110
TFMN4.exp2.ACN3788.concX_largeLib_SpeI_cleanup.1.T13.P,SeqCenter_2026-05-26_QUO1022807,B5,TFMN4.exp2.ACN3788.concX_largeLib_SpeI_cleanup.1,TFMN4,exp2,ACN3788,concX_largeLib_SpeI_cleanup,1,13,P,verABLib_large,A81,B26,A81-B26,3
TFMN4.exp2.ACN3788.concX_largeLib_SpeI_cleanup.1.T13.P,SeqCenter_2026-05-26_QUO1022807,B5,TFMN4.exp2.ACN3788.concX_largeLib_SpeI_cleanup.1,TFMN4,exp2,ACN3788,concX_largeLib_SpeI_cleanup,1,13,P,verABLib_large,A83,B101,A83-B101,1
TFMN4.exp2.ACN3788.concX_largeLib_SpeI_cleanup.1.T13.P,SeqCenter_2026-05-26_QUO1022807,B5,TFMN4.exp2.ACN3788.concX_largeLib_SpeI_cleanup.1,TFMN4,exp2,ACN3788,concX_largeLib_SpeI_cleanup,1,13,P,verABLib_large,A83,B40,A83-B40,1
TFMN4.exp2.ACN3788.concX_largeLib_SpeI_cleanup.1.T3.P,SeqCenter_2026-05-26_QUO1022807,B5,TFMN4.exp2.ACN3788.concX_largeLib_SpeI_cleanup.1,TFMN4,exp2,ACN3788,concX_largeLib_SpeI_cleanup,1,3,P,verABLib_large,A143,B117,A143-B117,1
TFMN4.exp2.ACN3788.concX_largeLib_SpeI_cleanup.1.T3.P,SeqCenter_2026-05-26_QUO1022807,B5,TFMN4.exp2.ACN3788.concX_largeLib_SpeI_cleanup.1,TFMN4,exp2,ACN3788,concX_largeLib_SpeI_cleanup,1,3,P,verABLib_large,A152,B102,A152-B102,2
TFMN4.exp2.ACN3788.concX_largeLib_SpeI_cleanup.1.T3.P,SeqCenter_2026-05-26_QUO1022807,B5,TFMN4.exp2.ACN3788.concX_largeLib_SpeI_cleanup.1,TFMN4,exp2,ACN3788,concX_largeLib_SpeI_cleanup,1,3,P,verABLib_large,A153,B77,A153-B77,3
TFMN4.exp2.ACN3788.concX_largeLib_SpeI_cleanup.1.T3.P,SeqCenter_2026-05-26_QUO1022807,B5,TFMN4.exp2.ACN3788.concX_largeLib_SpeI_cleanup.1,TFMN4,exp2,ACN3788,concX_largeLib_SpeI_cleanup,1,3,P,verABLib_large,A16,B154,A16-B154,2
TFMN4.exp2.ACN3788.concX_largeLib_SpeI_cleanup.1.T3.P,SeqCenter_2026-05-26_QUO1022807,B5,TFMN4.exp2.ACN3788.concX_largeLib_SpeI_cleanup.1,TFMN4,exp2,ACN3788,concX_largeLib_SpeI_cleanup,1,3,P,verABLib_large,A160,B27,A160-B27,1
TFMN4.exp2.ACN3788.concX_largeLib_SpeI_cleanup.1.T3.P,SeqCenter_2026-05-26_QUO1022807,B5,TFMN4.exp2.ACN3788.concX_largeLib_SpeI_cleanup.1,TFMN4,exp2,ACN3788,concX_largeLib_SpeI_cleanup,1,3,P,verABLib_large,A176,B120,A176-B120,6
TFMN4.exp2.ACN3788.concX_largeLib_SpeI_cleanup.1.T3.P,SeqCenter_2026-05-26_QUO1022807,B5,TFMN4.exp2.ACN3788.concX_largeLib_SpeI_cleanup.1,TFMN4,exp2,ACN3788,concX_largeLib_SpeI_cleanup,1,3,P,verABLib_large,A176,B27,A176-B27,3
TFMN4.exp2.ACN3788.concX_largeLib_SpeI_cleanup.1.T3.P,SeqCenter_2026-05-26_QUO1022807,B5,TFMN4.exp2.ACN3788.concX_largeLib_SpeI_cleanup.1,TFMN4,exp2,ACN3788,concX_largeLib_SpeI_cleanup,1,3,P,verABLib_large,A186,B2,A186-B2,1
TFMN4.exp2.ACN3788.concX_largeLib_SpeI_cleanup.1.T3.P,SeqCenter_2026-05-26_QUO1022807,B5,TFMN4.exp2.ACN3788.concX_largeLib_SpeI_cleanup.1,TFMN4,exp2,ACN3788,concX_largeLib_SpeI_cleanup,1,3,P,verABLib_large,A186,B78,A186-B78,1
TFMN4.exp2.ACN3788.concX_largeLib_SpeI_cleanup.1.T3.P,SeqCenter_2026-05-26_QUO1022807,B5,TFMN4.exp2.ACN3788.concX_largeLib_SpeI_cleanup.1,TFMN4,exp2,ACN3788,concX_largeLib_SpeI_cleanup,1,3,P,verABLib_large,A20,B144,A20-B144,1
TFMN4.exp2.ACN3788.concX_largeLib_SpeI_cleanup.1.T3.P,SeqCenter_2026-05-26_QUO1022807,B5,TFMN4.exp2.ACN3788.concX_largeLib_SpeI_cleanup.1,TFMN4,exp2,ACN3788,concX_largeLib_SpeI_cleanup,1,3,P,verABLib_large,A20,B157,A20-B157,3
TFMN4.exp2.ACN3788.concX_largeLib_SpeI_cleanup.1.T3.P,SeqCenter_2026-05-26_QUO1022807,B5,TFMN4.exp2.ACN3788.concX_largeLib_SpeI_cleanup.1,TFMN4,exp2,ACN3788,concX_largeLib_SpeI_cleanup,1,3,P,verABLib_large,A20,B165,A20-B165,5
TFMN4.exp2.ACN3788.concX_largeLib_SpeI_cleanup.1.T3.P,SeqCenter_2026-05-26_QUO1022807,B5,TFMN4.exp2.ACN3788.concX_largeLib_SpeI_cleanup.1,TFMN4,exp2,ACN3788,concX_largeLib_SpeI_cleanup,1,3,P,verABLib_large,A63,B171,A63-B171,1
TFMN4.exp2.ACN3788.concX_largeLib_SpeI_cleanup.1.T3.P,SeqCenter_2026-05-26_QUO1022807,B5,TFMN4.exp2.ACN3788.concX_largeLib_SpeI_cleanup.1,TFMN4,exp2,ACN3788,concX_largeLib_SpeI_cleanup,1,3,P,verABLib_large,A65,B161,A65-B161,1
TFMN4.exp2.ACN3788.concX_largeLib_SpeI_cleanup.1.T3.P,SeqCenter_2026-05-26_QUO1022807,B5,TFMN4.exp2.ACN3788.concX_largeLib_SpeI_cleanup.1,TFMN4,exp2,ACN3788,concX_largeLib_SpeI_cleanup,1,3,P,verABLib_large,A78,B117,A78-B117,10
TFMN4.exp2.ACN3788.concX_largeLib_SpeI_cleanup.1.T3.P,SeqCenter_2026-05-26_QUO1022807,B5,TFMN4.exp2.ACN3788.concX_largeLib_SpeI_cleanup.1,TFMN4,exp2,ACN3788,concX_largeLib_SpeI_cleanup,1,3,P,verABLib_large,A78,B122,A78-B122,4
TFMN4.exp2.ACN3788.concX_largeLib_SpeI_cleanup.1.T3.P,SeqCenter_2026-05-26_QUO1022807,B5,TFMN4.exp2.ACN3788.concX_largeLib_SpeI_cleanup.1,TFMN4,exp2,ACN3788,concX_largeLib_SpeI_cleanup,1,3,P,verABLib_large,A78,B158,A78-B158,1
TFMN4.exp2.ACN3788.concX_largeLib_SpeI_cleanup.1.T3.P,SeqCenter_2026-05-26_QUO1022807,B5,TFMN4.exp2.ACN3788.concX_largeLib_SpeI_cleanup.1,TFMN4,exp2,ACN3788,concX_largeLib_SpeI_cleanup,1,3,P,verABLib_large,A78,B18,A78-B18,1
TFMN4.exp2.ACN3788.concX_largeLib_SpeI_cleanup.1.T3.P,SeqCenter_2026-05-26_QUO1022807,B5,TFMN4.exp2.ACN3788.concX_largeLib_SpeI_cleanup.1,TFMN4,exp2,ACN3788,concX_largeLib_SpeI_cleanup,1,3,P,verABLib_large,A78,B30,A78-B30,4
TFMN4.exp2.ACN3788.concX_largeLib_SpeI_cleanup.1.T3.P,SeqCenter_2026-05-26_QUO1022807,B5,TFMN4.exp2.ACN3788.concX_largeLib_SpeI_cleanup.1,TFMN4,exp2,ACN3788,concX_largeLib_SpeI_cleanup,1,3,P,verABLib_large,A78,B79,A78-B79,3
TFMN4.exp2.ACN3788.concX_largeLib_SpeI_cleanup.1.T3.P,SeqCenter_2026-05-26_QUO1022807,B5,TFMN4.exp2.ACN3788.concX_largeLib_SpeI_cleanup.1,TFMN4,exp2,ACN3788,concX_largeLib_SpeI_cleanup,1,3,P,verABLib_large,A81,B123,A81-B123,10
TFMN4.exp2.ACN3788.concX_largeLib_SpeI_cleanup.1.T3.P,SeqCenter_2026-05-26_QUO1022807,B5,TFMN4.exp2.ACN3788.concX_largeLib_SpeI_cleanup.1,TFMN4,exp2,ACN3788,concX_largeLib_SpeI_cleanup,1,3,P,verABLib_large,A81,B140,A81-B140,2
TFMN4.exp2.ACN3788.concX_largeLib_SpeI_cleanup.1.T3.P,SeqCenter_2026-05-26_QUO1022807,B5,TFMN4.exp2.ACN3788.concX_largeLib_SpeI_cleanup.1,TFMN4,exp2,ACN3788,concX_largeLib_SpeI_cleanup,1,3,P,verABLib_large,A81,B26,A81-B26,9
TFMN4.exp2.ACN3788.concX_largeLib_SpeI_cleanup.1.T3.P,SeqCenter_2026-05-26_QUO1022807,B5,TFMN4.exp2.ACN3788.concX_largeLib_SpeI_cleanup.1,TFMN4,exp2,ACN3788,concX_largeLib_SpeI_cleanup,1,3,P,verABLib_large,A81,B51,A81-B51,14
TFMN4.exp2.ACN3788.concX_largeLib_SpeI_cleanup.1.T3.P,SeqCenter_2026-05-26_QUO1022807,B5,TFMN4.exp2.ACN3788.concX_largeLib_SpeI_cleanup.1,TFMN4,exp2,ACN3788,concX_largeLib_SpeI_cleanup,1,3,P,verABLib_large,A83,B101,A83-B101,3
TFMN4.exp2.ACN3788.concX_largeLib_SpeI_cleanup.1.T3.P,SeqCenter_2026-05-26_QUO1022807,B5,TFMN4.exp2.ACN3788.concX_largeLib_SpeI_cleanup.1,TFMN4,exp2,ACN3788,concX_largeLib_SpeI_cleanup,1,3,P,verABLib_large,A83,B40,A83-B40,20
TFMN4.exp2.ACN3788.concX_largeLib_SpeI_cleanup.1.T3.P,SeqCenter_2026-05-26_QUO1022807,B5,TFMN4.exp2.ACN3788.concX_largeLib_SpeI_cleanup.1,TFMN4,exp2,ACN3788,concX_largeLib_SpeI_cleanup,1,3,P,verABLib_large,A83,B50,A83-B50,3
TFMN4.exp2.ACN3788.concX_largeLib_SpeI_cleanup.1.T3.P,SeqCenter_2026-05-26_QUO1022807,B5,TFMN4.exp2.ACN3788.concX_largeLib_SpeI_cleanup.1,TFMN4,exp2,ACN3788,concX_largeLib_SpeI_cleanup,1,3,P,verABLib_large,A90,B136,A90-B136,1
TFMN4.exp2.ACN3788.concX_largeLib_SpeI_cleanup.1.T3.P,SeqCenter_2026-05-26_QUO1022807,B5,TFMN4.exp2.ACN3788.concX_largeLib_SpeI_cleanup.1,TFMN4,exp2,ACN3788,concX_largeLib_SpeI_cleanup,1,3,P,verABLib_large,A91,B101,A91-B101,1
TFMN4.exp2.ACN3788.concX_largeLib_SpeI_cleanup.1.T4.P,SeqCenter_2026-05-26_QUO1022807,B5,TFMN4.exp2.ACN3788.concX_largeLib_SpeI_cleanup.1,TFMN4,exp2,ACN3788,concX_largeLib_SpeI_cleanup,1,4,P,verABLib_large,A143,B117,A143-B117,2
TFMN4.exp2.ACN3788.concX_largeLib_SpeI_cleanup.1.T4.P,SeqCenter_2026-05-26_QUO1022807,B5,TFMN4.exp2.ACN3788.concX_largeLib_SpeI_cleanup.1,TFMN4,exp2,ACN3788,concX_largeLib_SpeI_cleanup,1,4,P,verABLib_large,A143,B151,A143-B151,3
TFMN4.exp2.ACN3788.concX_largeLib_SpeI_cleanup.1.T4.P,SeqCenter_2026-05-26_QUO1022807,B5,TFMN4.exp2.ACN3788.concX_largeLib_SpeI_cleanup.1,TFMN4,exp2,ACN3788,concX_largeLib_SpeI_cleanup,1,4,P,verABLib_large,A153,B26,A153-B26,1
TFMN4.exp2.ACN3788.concX_largeLib_SpeI_cleanup.1.T4.P,SeqCenter_2026-05-26_QUO1022807,B5,TFMN4.exp2.ACN3788.concX_largeLib_SpeI_cleanup.1,TFMN4,exp2,ACN3788,concX_largeLib_SpeI_cleanup,1,4,P,verABLib_large,A153,B77,A153-B77,34
TFMN4.exp2.ACN3788.concX_largeLib_SpeI_cleanup.1.T4.P,SeqCenter_2026-05-26_QUO1022807,B5,TFMN4.exp2.ACN3788.concX_largeLib_SpeI_cleanup.1,TFMN4,exp2,ACN3788,concX_largeLib_SpeI_cleanup,1,4,P,verABLib_large,A159,B128,A159-B128,2
TFMN4.exp2.ACN3788.concX_largeLib_SpeI_cleanup.1.T4.P,SeqCenter_2026-05-26_QUO1022807,B5,TFMN4.exp2.ACN3788.concX_largeLib_SpeI_cleanup.1,TFMN4,exp2,ACN3788,concX_largeLib_SpeI_cleanup,1,4,P,verABLib_large,A16,B154,A16-B154,4
TFMN4.exp2.ACN3788.concX_largeLib_SpeI_cleanup.1.T4.P,SeqCenter_2026-05-26_QUO1022807,B5,TFMN4.exp2.ACN3788.concX_largeLib_SpeI_cleanup.1,TFMN4,exp2,ACN3788,concX_largeLib_SpeI_cleanup,1,4,P,verABLib_large,A176,B120,A176-B120,6
TFMN4.exp2.ACN3788.concX_largeLib_SpeI_cleanup.1.T4.P,SeqCenter_2026-05-26_QUO1022807,B5,TFMN4.exp2.ACN3788.concX_largeLib_SpeI_cleanup.1,TFMN4,exp2,ACN3788,concX_largeLib_SpeI_cleanup,1,4,P,verABLib_large,A176,B27,A176-B27,5
TFMN4.exp2.ACN3788.concX_largeLib_SpeI_cleanup.1.T4.P,SeqCenter_2026-05-26_QUO1022807,B5,TFMN4.exp2.ACN3788.concX_largeLib_SpeI_cleanup.1,TFMN4,exp2,ACN3788,concX_largeLib_SpeI_cleanup,1,4,P,verABLib_large,A186,B2,A186-B2,5
TFMN4.exp2.ACN3788.concX_largeLib_SpeI_cleanup.1.T4.P,SeqCenter_2026-05-26_QUO1022807,B5,TFMN4.exp2.ACN3788.concX_largeLib_SpeI_cleanup.1,TFMN4,exp2,ACN3788,concX_largeLib_SpeI_cleanup,1,4,P,verABLib_large,A186,B79,A186-B79,5
TFMN4.exp2.ACN3788.concX_largeLib_SpeI_cleanup.1.T4.P,SeqCenter_2026-05-26_QUO1022807,B5,TFMN4.exp2.ACN3788.concX_largeLib_SpeI_cleanup.1,TFMN4,exp2,ACN3788,concX_largeLib_SpeI_cleanup,1,4,P,verABLib_large,A20,B165,A20-B165,2
TFMN4.exp2.ACN3788.concX_largeLib_SpeI_cleanup.1.T4.P,SeqCenter_2026-05-26_QUO1022807,B5,TFMN4.exp2.ACN3788.concX_largeLib_SpeI_cleanup.1,TFMN4,exp2,ACN3788,concX_largeLib_SpeI_cleanup,1,4,P,verABLib_large,A20,B75,A20-B75,1
TFMN4.exp2.ACN3788.concX_largeLib_SpeI_cleanup.1.T4.P,SeqCenter_2026-05-26_QUO1022807,B5,TFMN4.exp2.ACN3788.concX_largeLib_SpeI_cleanup.1,TFMN4,exp2,ACN3788,concX_largeLib_SpeI_cleanup,1,4,P,verABLib_large,A63,B171,A63-B171,3
TFMN4.exp2.ACN3788.concX_largeLib_SpeI_cleanup.1.T4.P,SeqCenter_2026-05-26_QUO1022807,B5,TFMN4.exp2.ACN3788.concX_largeLib_SpeI_cleanup.1,TFMN4,exp2,ACN3788,concX_largeLib_SpeI_cleanup,1,4,P,verABLib_large,A78,B117,A78-B117,45
TFMN4.exp2.ACN3788.concX_largeLib_SpeI_cleanup.1.T4.P,SeqCenter_2026-05-26_QUO1022807,B5,TFMN4.exp2.ACN3788.concX_largeLib_SpeI_cleanup.1,TFMN4,exp2,ACN3788,concX_largeLib_SpeI_cleanup,1,4,P,verABLib_large,A78,B122,A78-B122,15
TFMN4.exp2.ACN3788.concX_largeLib_SpeI_cleanup.1.T4.P,SeqCenter_2026-05-26_QUO1022807,B5,TFMN4.exp2.ACN3788.concX_largeLib_SpeI_cleanup.1,TFMN4,exp2,ACN3788,concX_largeLib_SpeI_cleanup,1,4,P,verABLib_large,A78,B18,A78-B18,1
TFMN4.exp2.ACN3788.concX_largeLib_SpeI_cleanup.1.T4.P,SeqCenter_2026-05-26_QUO1022807,B5,TFMN4.exp2.ACN3788.concX_largeLib_SpeI_cleanup.1,TFMN4,exp2,ACN3788,concX_largeLib_SpeI_cleanup,1,4,P,verABLib_large,A78,B30,A78-B30,16
TFMN4.exp2.ACN3788.concX_largeLib_SpeI_cleanup.1.T4.P,SeqCenter_2026-05-26_QUO1022807,B5,TFMN4.exp2.ACN3788.concX_largeLib_SpeI_cleanup.1,TFMN4,exp2,ACN3788,concX_largeLib_SpeI_cleanup,1,4,P,verABLib_large,A78,B79,A78-B79,1
TFMN4.exp2.ACN3788.concX_largeLib_SpeI_cleanup.1.T4.P,SeqCenter_2026-05-26_QUO1022807,B5,TFMN4.exp2.ACN3788.concX_largeLib_SpeI_cleanup.1,TFMN4,exp2,ACN3788,concX_largeLib_SpeI_cleanup,1,4,P,verABLib_large,A81,B103,A81-B103,1
TFMN4.exp2.ACN3788.concX_largeLib_SpeI_cleanup.1.T4.P,SeqCenter_2026-05-26_QUO1022807,B5,TFMN4.exp2.ACN3788.concX_largeLib_SpeI_cleanup.1,TFMN4,exp2,ACN3788,concX_largeLib_SpeI_cleanup,1,4,P,verABLib_large,A81,B123,A81-B123,13
TFMN4.exp2.ACN3788.concX_largeLib_SpeI_cleanup.1.T4.P,SeqCenter_2026-05-26_QUO1022807,B5,TFMN4.exp2.ACN3788.concX_largeLib_SpeI_cleanup.1,TFMN4,exp2,ACN3788,concX_largeLib_SpeI_cleanup,1,4,P,verABLib_large,A81,B140,A81-B140,4
TFMN4.exp2.ACN3788.concX_largeLib_SpeI_cleanup.1.T4.P,SeqCenter_2026-05-26_QUO1022807,B5,TFMN4.exp2.ACN3788.concX_largeLib_SpeI_cleanup.1,TFMN4,exp2,ACN3788,concX_largeLib_SpeI_cleanup,1,4,P,verABLib_large,A81,B177,A81-B177,7
TFMN4.exp2.ACN3788.concX_largeLib_SpeI_cleanup.1.T4.P,SeqCenter_2026-05-26_QUO1022807,B5,TFMN4.exp2.ACN3788.concX_largeLib_SpeI_cleanup.1,TFMN4,exp2,ACN3788,concX_largeLib_SpeI_cleanup,1,4,P,verABLib_large,A81,B26,A81-B26,9
TFMN4.exp2.ACN3788.concX_largeLib_SpeI_cleanup.1.T4.P,SeqCenter_2026-05-26_QUO1022807,B5,TFMN4.exp2.ACN3788.concX_largeLib_SpeI_cleanup.1,TFMN4,exp2,ACN3788,concX_largeLib_SpeI_cleanup,1,4,P,verABLib_large,A81,B47,A81-B47,2
TFMN4.exp2.ACN3788.concX_largeLib_SpeI_cleanup.1.T4.P,SeqCenter_2026-05-26_QUO1022807,B5,TFMN4.exp2.ACN3788.concX_largeLib_SpeI_cleanup.1,TFMN4,exp2,ACN3788,concX_largeLib_SpeI_cleanup,1,4,P,verABLib_large,A81,B51,A81-B51,20
TFMN4.exp2.ACN3788.concX_largeLib_SpeI_cleanup.1.T4.P,SeqCenter_2026-05-26_QUO1022807,B5,TFMN4.exp2.ACN3788.concX_largeLib_SpeI_cleanup.1,TFMN4,exp2,ACN3788,concX_largeLib_SpeI_cleanup,1,4,P,verABLib_large,A83,B101,A83-B101,5
TFMN4.exp2.ACN3788.concX_largeLib_SpeI_cleanup.1.T4.P,SeqCenter_2026-05-26_QUO1022807,B5,TFMN4.exp2.ACN3788.concX_largeLib_SpeI_cleanup.1,TFMN4,exp2,ACN3788,concX_largeLib_SpeI_cleanup,1,4,P,verABLib_large,A83,B40,A83-B40,27
TFMN4.exp2.ACN3788.concX_largeLib_SpeI_cleanup.1.T4.P,SeqCenter_2026-05-26_QUO1022807,B5,TFMN4.exp2.ACN3788.concX_largeLib_SpeI_cleanup.1,TFMN4,exp2,ACN3788,concX_largeLib_SpeI_cleanup,1,4,P,verABLib_large,A83,B50,A83-B50,2
TFMN4.exp2.ACN3788.concX_largeLib_SpeI_cleanup.1.T4.P,SeqCenter_2026-05-26_QUO1022807,B5,TFMN4.exp2.ACN3788.concX_largeLib_SpeI_cleanup.1,TFMN4,exp2,ACN3788,concX_largeLib_SpeI_cleanup,1,4,P,verABLib_large,A90,B136,A90-B136,1
TFMN4.exp2.ACN3788.concX_largeLib_SpeI_cleanup.1.T4.P,SeqCenter_2026-05-26_QUO1022807,B5,TFMN4.exp2.ACN3788.concX_largeLib_SpeI_cleanup.1,TFMN4,exp2,ACN3788,concX_largeLib_SpeI_cleanup,1,4,P,verABLib_large,A90,B70,A90-B70,1
TFMN4.exp2.ACN3788.concX_largeLib_SpeI_cleanup.1.T6.P,SeqCenter_2026-05-26_QUO1022807,B5,TFMN4.exp2.ACN3788.concX_largeLib_SpeI_cleanup.1,TFMN4,exp2,ACN3788,concX_largeLib_SpeI_cleanup,1,6,P,verABLib_large,A143,B117,A143-B117,1
TFMN4.exp2.ACN3788.concX_largeLib_SpeI_cleanup.1.T6.P,SeqCenter_2026-05-26_QUO1022807,B5,TFMN4.exp2.ACN3788.concX_largeLib_SpeI_cleanup.1,TFMN4,exp2,ACN3788,concX_largeLib_SpeI_cleanup,1,6,P,verABLib_large,A153,B127,A153-B127,1
TFMN4.exp2.ACN3788.concX_largeLib_SpeI_cleanup.1.T6.P,SeqCenter_2026-05-26_QUO1022807,B5,TFMN4.exp2.ACN3788.concX_largeLib_SpeI_cleanup.1,TFMN4,exp2,ACN3788,concX_largeLib_SpeI_cleanup,1,6,P,verABLib_large,A153,B77,A153-B77,41
TFMN4.exp2.ACN3788.concX_largeLib_SpeI_cleanup.1.T6.P,SeqCenter_2026-05-26_QUO1022807,B5,TFMN4.exp2.ACN3788.concX_largeLib_SpeI_cleanup.1,TFMN4,exp2,ACN3788,concX_largeLib_SpeI_cleanup,1,6,P,verABLib_large,A16,B154,A16-B154,3
TFMN4.exp2.ACN3788.concX_largeLib_SpeI_cleanup.1.T6.P,SeqCenter_2026-05-26_QUO1022807,B5,TFMN4.exp2.ACN3788.concX_largeLib_SpeI_cleanup.1,TFMN4,exp2,ACN3788,concX_largeLib_SpeI_cleanup,1,6,P,verABLib_large,A176,B120,A176-B120,10
TFMN4.exp2.ACN3788.concX_largeLib_SpeI_cleanup.1.T6.P,SeqCenter_2026-05-26_QUO1022807,B5,TFMN4.exp2.ACN3788.concX_largeLib_SpeI_cleanup.1,TFMN4,exp2,ACN3788,concX_largeLib_SpeI_cleanup,1,6,P,verABLib_large,A186,B126,A186-B126,2
TFMN4.exp2.ACN3788.concX_largeLib_SpeI_cleanup.1.T6.P,SeqCenter_2026-05-26_QUO1022807,B5,TFMN4.exp2.ACN3788.concX_largeLib_SpeI_cleanup.1,TFMN4,exp2,ACN3788,concX_largeLib_SpeI_cleanup,1,6,P,verABLib_large,A186,B79,A186-B79,3
TFMN4.exp2.ACN3788.concX_largeLib_SpeI_cleanup.1.T6.P,SeqCenter_2026-05-26_QUO1022807,B5,TFMN4.exp2.ACN3788.concX_largeLib_SpeI_cleanup.1,TFMN4,exp2,ACN3788,concX_largeLib_SpeI_cleanup,1,6,P,verABLib_large,A78,B117,A78-B117,53
TFMN4.exp2.ACN3788.concX_largeLib_SpeI_cleanup.1.T6.P,SeqCenter_2026-05-26_QUO1022807,B5,TFMN4.exp2.ACN3788.concX_largeLib_SpeI_cleanup.1,TFMN4,exp2,ACN3788,concX_largeLib_SpeI_cleanup,1,6,P,verABLib_large,A78,B122,A78-B122,1
TFMN4.exp2.ACN3788.concX_largeLib_SpeI_cleanup.1.T6.P,SeqCenter_2026-05-26_QUO1022807,B5,TFMN4.exp2.ACN3788.concX_largeLib_SpeI_cleanup.1,TFMN4,exp2,ACN3788,concX_largeLib_SpeI_cleanup,1,6,P,verABLib_large,A78,B30,A78-B30,49
TFMN4.exp2.ACN3788.concX_largeLib_SpeI_cleanup.1.T6.P,SeqCenter_2026-05-26_QUO1022807,B5,TFMN4.exp2.ACN3788.concX_largeLib_SpeI_cleanup.1,TFMN4,exp2,ACN3788,concX_largeLib_SpeI_cleanup,1,6,P,verABLib_large,A78,B79,A78-B79,5
TFMN4.exp2.ACN3788.concX_largeLib_SpeI_cleanup.1.T6.P,SeqCenter_2026-05-26_QUO1022807,B5,TFMN4.exp2.ACN3788.concX_largeLib_SpeI_cleanup.1,TFMN4,exp2,ACN3788,concX_largeLib_SpeI_cleanup,1,6,P,verABLib_large,A81,B140,A81-B140,2
TFMN4.exp2.ACN3788.concX_largeLib_SpeI_cleanup.1.T6.P,SeqCenter_2026-05-26_QUO1022807,B5,TFMN4.exp2.ACN3788.concX_largeLib_SpeI_cleanup.1,TFMN4,exp2,ACN3788,concX_largeLib_SpeI_cleanup,1,6,P,verABLib_large,A81,B177,A81-B177,4
TFMN4.exp2.ACN3788.concX_largeLib_SpeI_cleanup.1.T6.P,SeqCenter_2026-05-26_QUO1022807,B5,TFMN4.exp2.ACN3788.concX_largeLib_SpeI_cleanup.1,TFMN4,exp2,ACN3788,concX_largeLib_SpeI_cleanup,1,6,P,verABLib_large,A81,B26,A81-B26,6
TFMN4.exp2.ACN3788.concX_largeLib_SpeI_cleanup.1.T6.P,SeqCenter_2026-05-26_QUO1022807,B5,TFMN4.exp2.ACN3788.concX_largeLib_SpeI_cleanup.1,TFMN4,exp2,ACN3788,concX_largeLib_SpeI_cleanup,1,6,P,verABLib_large,A81,B47,A81-B47,4
TFMN4.exp2.ACN3788.concX_largeLib_SpeI_cleanup.1.T6.P,SeqCenter_2026-05-26_QUO1022807,B5,TFMN4.exp2.ACN3788.concX_largeLib_SpeI_cleanup.1,TFMN4,exp2,ACN3788,concX_largeLib_SpeI_cleanup,1,6,P,verABLib_large,A81,B51,A81-B51,3
TFMN4.exp2.ACN3788.concX_largeLib_SpeI_cleanup.1.T6.P,SeqCenter_2026-05-26_QUO1022807,B5,TFMN4.exp2.ACN3788.concX_largeLib_SpeI_cleanup.1,TFMN4,exp2,ACN3788,concX_largeLib_SpeI_cleanup,1,6,P,verABLib_large,A83,B101,A83-B101,5
TFMN4.exp2.ACN3788.concX_largeLib_SpeI_cleanup.1.T6.P,SeqCenter_2026-05-26_QUO1022807,B5,TFMN4.exp2.ACN3788.concX_largeLib_SpeI_cleanup.1,TFMN4,exp2,ACN3788,concX_largeLib_SpeI_cleanup,1,6,P,verABLib_large,A83,B40,A83-B40,11
TFMN4.exp2.ACN3788.concX_largeLib_SpeI_cleanup.1.T6.P,SeqCenter_2026-05-26_QUO1022807,B5,TFMN4.exp2.ACN3788.concX_largeLib_SpeI_cleanup.1,TFMN4,exp2,ACN3788,concX_largeLib_SpeI_cleanup,1,6,P,verABLib_large,A83,B50,A83-B50,2
TFMN4.exp2.ACN3788.concX_largeLib_SpeI_cleanup.1.T6.P,SeqCenter_2026-05-26_QUO1022807,B5,TFMN4.exp2.ACN3788.concX_largeLib_SpeI_cleanup.1,TFMN4,exp2,ACN3788,concX_largeLib_SpeI_cleanup,1,6,P,verABLib_large,A90,B123,A90-B123,1
TFMN4.exp2.ACN3788.concX_largeLib_SpeI_cleanup.1.T6.P,SeqCenter_2026-05-26_QUO1022807,B5,TFMN4.exp2.ACN3788.concX_largeLib_SpeI_cleanup.1,TFMN4,exp2,ACN3788,concX_largeLib_SpeI_cleanup,1,6,P,verABLib_large,A90,B70,A90-B70,1
TFMN4.exp2.ACN3788.concX_largeLib_SpeI_cleanup.2.T3.P,SeqCenter_2026-05-26_QUO1022807,C5,TFMN4.exp2.ACN3788.concX_largeLib_SpeI_cleanup.2,TFMN4,exp2,ACN3788,concX_largeLib_SpeI_cleanup,2,3,P,verABLib_large,A159,B133,A159-B133,1
TFMN4.exp2.ACN3788.concX_largeLib_SpeI_cleanup.2.T3.P,SeqCenter_2026-05-26_QUO1022807,C5,TFMN4.exp2.ACN3788.concX_largeLib_SpeI_cleanup.2,TFMN4,exp2,ACN3788,concX_largeLib_SpeI_cleanup,2,3,P,verABLib_large,A162,B137,A162-B137,1
TFMN4.exp2.ACN3788.concX_largeLib_SpeI_cleanup.2.T3.P,SeqCenter_2026-05-26_QUO1022807,C5,TFMN4.exp2.ACN3788.concX_largeLib_SpeI_cleanup.2,TFMN4,exp2,ACN3788,concX_largeLib_SpeI_cleanup,2,3,P,verABLib_large,A63,B2,A63-B2,2
TFMN4.exp2.ACN3788.concX_largeLib_SpeI_cleanup.2.T3.P,SeqCenter_2026-05-26_QUO1022807,C5,TFMN4.exp2.ACN3788.concX_largeLib_SpeI_cleanup.2,TFMN4,exp2,ACN3788,concX_largeLib_SpeI_cleanup,2,3,P,verABLib_large,A78,B159,A78-B159,1
TFMN4.exp2.ACN3788.concX_largeLib_SpeI_cleanup.2.T3.P,SeqCenter_2026-05-26_QUO1022807,C5,TFMN4.exp2.ACN3788.concX_largeLib_SpeI_cleanup.2,TFMN4,exp2,ACN3788,concX_largeLib_SpeI_cleanup,2,3,P,verABLib_large,A78,B3,A78-B3,16
TFMN4.exp2.ACN3788.concX_largeLib_SpeI_cleanup.2.T3.P,SeqCenter_2026-05-26_QUO1022807,C5,TFMN4.exp2.ACN3788.concX_largeLib_SpeI_cleanup.2,TFMN4,exp2,ACN3788,concX_largeLib_SpeI_cleanup,2,3,P,verABLib_large,A81,B103,A81-B103,4
TFMN4.exp2.ACN3788.concX_largeLib_SpeI_cleanup.2.T3.P,SeqCenter_2026-05-26_QUO1022807,C5,TFMN4.exp2.ACN3788.concX_largeLib_SpeI_cleanup.2,TFMN4,exp2,ACN3788,concX_largeLib_SpeI_cleanup,2,3,P,verABLib_large,A81,B140,A81-B140,14
TFMN4.exp2.ACN3788.concX_largeLib_SpeI_cleanup.2.T3.P,SeqCenter_2026-05-26_QUO1022807,C5,TFMN4.exp2.ACN3788.concX_largeLib_SpeI_cleanup.2,TFMN4,exp2,ACN3788,concX_largeLib_SpeI_cleanup,2,3,P,verABLib_large,A81,B47,A81-B47,1
TFMN4.exp2.ACN3788.concX_largeLib_SpeI_cleanup.2.T3.P,SeqCenter_2026-05-26_QUO1022807,C5,TFMN4.exp2.ACN3788.concX_largeLib_SpeI_cleanup.2,TFMN4,exp2,ACN3788,concX_largeLib_SpeI_cleanup,2,3,P,verABLib_large,A81,B87,A81-B87,17
TFMN4.exp2.ACN3788.concX_largeLib_SpeI_cleanup.2.T3.P,SeqCenter_2026-05-26_QUO1022807,C5,TFMN4.exp2.ACN3788.concX_largeLib_SpeI_cleanup.2,TFMN4,exp2,ACN3788,concX_largeLib_SpeI_cleanup,2,3,P,verABLib_large,A90,B136,A90-B136,1
TFMN4.exp2.ACN3788.concX_largeLib_SpeI_cleanup.2.T3.P,SeqCenter_2026-05-26_QUO1022807,C5,TFMN4.exp2.ACN3788.concX_largeLib_SpeI_cleanup.2,TFMN4,exp2,ACN3788,concX_largeLib_SpeI_cleanup,2,3,P,verABLib_large,A90,B6,A90-B6,3
TFMN4.exp2.ACN3788.concX_largeLib_SpeI_cleanup.2.T3.P,SeqCenter_2026-05-26_QUO1022807,C5,TFMN4.exp2.ACN3788.concX_largeLib_SpeI_cleanup.2,TFMN4,exp2,ACN3788,concX_largeLib_SpeI_cleanup,2,3,P,verABLib_large,A90,B87,A90-B87,3
TFMN4.exp2.ACN3788.concX_largeLib_SpeI_cleanup.2.T4.P,SeqCenter_2026-05-26_QUO1022807,C5,TFMN4.exp2.ACN3788.concX_largeLib_SpeI_cleanup.2,TFMN4,exp2,ACN3788,concX_largeLib_SpeI_cleanup,2,4,P,verABLib_large,A106,B87,A106-B87,1
TFMN4.exp2.ACN3788.concX_largeLib_SpeI_cleanup.2.T4.P,SeqCenter_2026-05-26_QUO1022807,C5,TFMN4.exp2.ACN3788.concX_largeLib_SpeI_cleanup.2,TFMN4,exp2,ACN3788,concX_largeLib_SpeI_cleanup,2,4,P,verABLib_large,A159,B133,A159-B133,5
TFMN4.exp2.ACN3788.concX_largeLib_SpeI_cleanup.2.T4.P,SeqCenter_2026-05-26_QUO1022807,C5,TFMN4.exp2.ACN3788.concX_largeLib_SpeI_cleanup.2,TFMN4,exp2,ACN3788,concX_largeLib_SpeI_cleanup,2,4,P,verABLib_large,A63,B2,A63-B2,10
TFMN4.exp2.ACN3788.concX_largeLib_SpeI_cleanup.2.T4.P,SeqCenter_2026-05-26_QUO1022807,C5,TFMN4.exp2.ACN3788.concX_largeLib_SpeI_cleanup.2,TFMN4,exp2,ACN3788,concX_largeLib_SpeI_cleanup,2,4,P,verABLib_large,A78,B26,A78-B26,2
TFMN4.exp2.ACN3788.concX_largeLib_SpeI_cleanup.2.T4.P,SeqCenter_2026-05-26_QUO1022807,C5,TFMN4.exp2.ACN3788.concX_largeLib_SpeI_cleanup.2,TFMN4,exp2,ACN3788,concX_largeLib_SpeI_cleanup,2,4,P,verABLib_large,A78,B3,A78-B3,34
TFMN4.exp2.ACN3788.concX_largeLib_SpeI_cleanup.2.T4.P,SeqCenter_2026-05-26_QUO1022807,C5,TFMN4.exp2.ACN3788.concX_largeLib_SpeI_cleanup.2,TFMN4,exp2,ACN3788,concX_largeLib_SpeI_cleanup,2,4,P,verABLib_large,A81,B103,A81-B103,19
TFMN4.exp2.ACN3788.concX_largeLib_SpeI_cleanup.2.T4.P,SeqCenter_2026-05-26_QUO1022807,C5,TFMN4.exp2.ACN3788.concX_largeLib_SpeI_cleanup.2,TFMN4,exp2,ACN3788,concX_largeLib_SpeI_cleanup,2,4,P,verABLib_large,A81,B140,A81-B140,55
TFMN4.exp2.ACN3788.concX_largeLib_SpeI_cleanup.2.T4.P,SeqCenter_2026-05-26_QUO1022807,C5,TFMN4.exp2.ACN3788.concX_largeLib_SpeI_cleanup.2,TFMN4,exp2,ACN3788,concX_largeLib_SpeI_cleanup,2,4,P,verABLib_large,A81,B3,A81-B3,1
TFMN4.exp2.ACN3788.concX_largeLib_SpeI_cleanup.2.T4.P,SeqCenter_2026-05-26_QUO1022807,C5,TFMN4.exp2.ACN3788.concX_largeLib_SpeI_cleanup.2,TFMN4,exp2,ACN3788,concX_largeLib_SpeI_cleanup,2,4,P,verABLib_large,A81,B87,A81-B87,32
TFMN4.exp2.ACN3788.concX_largeLib_SpeI_cleanup.2.T4.P,SeqCenter_2026-05-26_QUO1022807,C5,TFMN4.exp2.ACN3788.concX_largeLib_SpeI_cleanup.2,TFMN4,exp2,ACN3788,concX_largeLib_SpeI_cleanup,2,4,P,verABLib_large,A83,B30,A83-B30,2
TFMN4.exp2.ACN3788.concX_largeLib_SpeI_cleanup.2.T4.P,SeqCenter_2026-05-26_QUO1022807,C5,TFMN4.exp2.ACN3788.concX_largeLib_SpeI_cleanup.2,TFMN4,exp2,ACN3788,concX_largeLib_SpeI_cleanup,2,4,P,verABLib_large,A90,B87,A90-B87,13
TFMN4.exp2.ACN3788.concX_largeLib_SpeI_cleanup.3.T13.P,SeqCenter_2026-05-26_QUO1022807,D5,TFMN4.exp2.ACN3788.concX_largeLib_SpeI_cleanup.3,TFMN4,exp2,ACN3788,concX_largeLib_SpeI_cleanup,3,13,P,verABLib_large,A153,B30,A153-B30,2
TFMN4.exp2.ACN3788.concX_largeLib_SpeI_cleanup.3.T13.P,SeqCenter_2026-05-26_QUO1022807,D5,TFMN4.exp2.ACN3788.concX_largeLib_SpeI_cleanup.3,TFMN4,exp2,ACN3788,concX_largeLib_SpeI_cleanup,3,13,P,verABLib_large,A78,B117,A78-B117,1
TFMN4.exp2.ACN3788.concX_largeLib_SpeI_cleanup.3.T13.P,SeqCenter_2026-05-26_QUO1022807,D5,TFMN4.exp2.ACN3788.concX_largeLib_SpeI_cleanup.3,TFMN4,exp2,ACN3788,concX_largeLib_SpeI_cleanup,3,13,P,verABLib_large,A81,B6,A81-B6,146
TFMN4.exp2.ACN3788.concX_largeLib_SpeI_cleanup.3.T13.P,SeqCenter_2026-05-26_QUO1022807,D5,TFMN4.exp2.ACN3788.concX_largeLib_SpeI_cleanup.3,TFMN4,exp2,ACN3788,concX_largeLib_SpeI_cleanup,3,13,P,verABLib_large,A90,B123,A90-B123,1
TFMN4.exp2.ACN3788.concX_largeLib_SpeI_cleanup.3.T13.P,SeqCenter_2026-05-26_QUO1022807,D5,TFMN4.exp2.ACN3788.concX_largeLib_SpeI_cleanup.3,TFMN4,exp2,ACN3788,concX_largeLib_SpeI_cleanup,3,13,P,verABLib_large,A90,B75,A90-B75,2
TFMN4.exp2.ACN3788.concX_largeLib_SpeI_cleanup.3.T13.P,SeqCenter_2026-05-26_QUO1022807,D5,TFMN4.exp2.ACN3788.concX_largeLib_SpeI_cleanup.3,TFMN4,exp2,ACN3788,concX_largeLib_SpeI_cleanup,3,13,P,verABLib_large,A97,B6,A97-B6,1
TFMN4.exp2.ACN3788.concX_largeLib_SpeI_cleanup.3.T3.P,SeqCenter_2026-05-26_QUO1022807,D5,TFMN4.exp2.ACN3788.concX_largeLib_SpeI_cleanup.3,TFMN4,exp2,ACN3788,concX_largeLib_SpeI_cleanup,3,3,P,verABLib_large,A143,B84,A143-B84,2
TFMN4.exp2.ACN3788.concX_largeLib_SpeI_cleanup.3.T3.P,SeqCenter_2026-05-26_QUO1022807,D5,TFMN4.exp2.ACN3788.concX_largeLib_SpeI_cleanup.3,TFMN4,exp2,ACN3788,concX_largeLib_SpeI_cleanup,3,3,P,verABLib_large,A153,B30,A153-B30,34
TFMN4.exp2.ACN3788.concX_largeLib_SpeI_cleanup.3.T3.P,SeqCenter_2026-05-26_QUO1022807,D5,TFMN4.exp2.ACN3788.concX_largeLib_SpeI_cleanup.3,TFMN4,exp2,ACN3788,concX_largeLib_SpeI_cleanup,3,3,P,verABLib_large,A176,B30,A176-B30,8
TFMN4.exp2.ACN3788.concX_largeLib_SpeI_cleanup.3.T3.P,SeqCenter_2026-05-26_QUO1022807,D5,TFMN4.exp2.ACN3788.concX_largeLib_SpeI_cleanup.3,TFMN4,exp2,ACN3788,concX_largeLib_SpeI_cleanup,3,3,P,verABLib_large,A186,B165,A186-B165,7
TFMN4.exp2.ACN3788.concX_largeLib_SpeI_cleanup.3.T3.P,SeqCenter_2026-05-26_QUO1022807,D5,TFMN4.exp2.ACN3788.concX_largeLib_SpeI_cleanup.3,TFMN4,exp2,ACN3788,concX_largeLib_SpeI_cleanup,3,3,P,verABLib_large,A78,B117,A78-B117,2
TFMN4.exp2.ACN3788.concX_largeLib_SpeI_cleanup.3.T3.P,SeqCenter_2026-05-26_QUO1022807,D5,TFMN4.exp2.ACN3788.concX_largeLib_SpeI_cleanup.3,TFMN4,exp2,ACN3788,concX_largeLib_SpeI_cleanup,3,3,P,verABLib_large,A81,B140,A81-B140,1
TFMN4.exp2.ACN3788.concX_largeLib_SpeI_cleanup.3.T3.P,SeqCenter_2026-05-26_QUO1022807,D5,TFMN4.exp2.ACN3788.concX_largeLib_SpeI_cleanup.3,TFMN4,exp2,ACN3788,concX_largeLib_SpeI_cleanup,3,3,P,verABLib_large,A81,B30,A81-B30,4
TFMN4.exp2.ACN3788.concX_largeLib_SpeI_cleanup.3.T3.P,SeqCenter_2026-05-26_QUO1022807,D5,TFMN4.exp2.ACN3788.concX_largeLib_SpeI_cleanup.3,TFMN4,exp2,ACN3788,concX_largeLib_SpeI_cleanup,3,3,P,verABLib_large,A81,B38,A81-B38,1
TFMN4.exp2.ACN3788.concX_largeLib_SpeI_cleanup.3.T3.P,SeqCenter_2026-05-26_QUO1022807,D5,TFMN4.exp2.ACN3788.concX_largeLib_SpeI_cleanup.3,TFMN4,exp2,ACN3788,concX_largeLib_SpeI_cleanup,3,3,P,verABLib_large,A81,B41,A81-B41,2
TFMN4.exp2.ACN3788.concX_largeLib_SpeI_cleanup.3.T3.P,SeqCenter_2026-05-26_QUO1022807,D5,TFMN4.exp2.ACN3788.concX_largeLib_SpeI_cleanup.3,TFMN4,exp2,ACN3788,concX_largeLib_SpeI_cleanup,3,3,P,verABLib_large,A81,B6,A81-B6,32
TFMN4.exp2.ACN3788.concX_largeLib_SpeI_cleanup.3.T3.P,SeqCenter_2026-05-26_QUO1022807,D5,TFMN4.exp2.ACN3788.concX_largeLib_SpeI_cleanup.3,TFMN4,exp2,ACN3788,concX_largeLib_SpeI_cleanup,3,3,P,verABLib_large,A83,B50,A83-B50,3
TFMN4.exp2.ACN3788.concX_largeLib_SpeI_cleanup.3.T3.P,SeqCenter_2026-05-26_QUO1022807,D5,TFMN4.exp2.ACN3788.concX_largeLib_SpeI_cleanup.3,TFMN4,exp2,ACN3788,concX_largeLib_SpeI_cleanup,3,3,P,verABLib_large,A90,B123,A90-B123,1
TFMN4.exp2.ACN3788.concX_largeLib_SpeI_cleanup.3.T3.P,SeqCenter_2026-05-26_QUO1022807,D5,TFMN4.exp2.ACN3788.concX_largeLib_SpeI_cleanup.3,TFMN4,exp2,ACN3788,concX_largeLib_SpeI_cleanup,3,3,P,verABLib_large,A90,B3,A90-B3,2
TFMN4.exp2.ACN3788.concX_largeLib_SpeI_cleanup.3.T3.P,SeqCenter_2026-05-26_QUO1022807,D5,TFMN4.exp2.ACN3788.concX_largeLib_SpeI_cleanup.3,TFMN4,exp2,ACN3788,concX_largeLib_SpeI_cleanup,3,3,P,verABLib_large,A90,B47,A90-B47,5
TFMN4.exp2.ACN3788.concX_largeLib_SpeI_cleanup.3.T3.P,SeqCenter_2026-05-26_QUO1022807,D5,TFMN4.exp2.ACN3788.concX_largeLib_SpeI_cleanup.3,TFMN4,exp2,ACN3788,concX_largeLib_SpeI_cleanup,3,3,P,verABLib_large,A90,B59,A90-B59,2
TFMN4.exp2.ACN3788.concX_largeLib_SpeI_cleanup.3.T3.P,SeqCenter_2026-05-26_QUO1022807,D5,TFMN4.exp2.ACN3788.concX_largeLib_SpeI_cleanup.3,TFMN4,exp2,ACN3788,concX_largeLib_SpeI_cleanup,3,3,P,verABLib_large,A90,B75,A90-B75,48
TFMN4.exp2.ACN3788.concX_largeLib_SpeI_cleanup.3.T4.P,SeqCenter_2026-05-26_QUO1022807,D5,TFMN4.exp2.ACN3788.concX_largeLib_SpeI_cleanup.3,TFMN4,exp2,ACN3788,concX_largeLib_SpeI_cleanup,3,4,P,verABLib_large,A153,B30,A153-B30,26
TFMN4.exp2.ACN3788.concX_largeLib_SpeI_cleanup.3.T4.P,SeqCenter_2026-05-26_QUO1022807,D5,TFMN4.exp2.ACN3788.concX_largeLib_SpeI_cleanup.3,TFMN4,exp2,ACN3788,concX_largeLib_SpeI_cleanup,3,4,P,verABLib_large,A176,B30,A176-B30,11
TFMN4.exp2.ACN3788.concX_largeLib_SpeI_cleanup.3.T4.P,SeqCenter_2026-05-26_QUO1022807,D5,TFMN4.exp2.ACN3788.concX_largeLib_SpeI_cleanup.3,TFMN4,exp2,ACN3788,concX_largeLib_SpeI_cleanup,3,4,P,verABLib_large,A186,B165,A186-B165,2
TFMN4.exp2.ACN3788.concX_largeLib_SpeI_cleanup.3.T4.P,SeqCenter_2026-05-26_QUO1022807,D5,TFMN4.exp2.ACN3788.concX_largeLib_SpeI_cleanup.3,TFMN4,exp2,ACN3788,concX_largeLib_SpeI_cleanup,3,4,P,verABLib_large,A78,B117,A78-B117,3
TFMN4.exp2.ACN3788.concX_largeLib_SpeI_cleanup.3.T4.P,SeqCenter_2026-05-26_QUO1022807,D5,TFMN4.exp2.ACN3788.concX_largeLib_SpeI_cleanup.3,TFMN4,exp2,ACN3788,concX_largeLib_SpeI_cleanup,3,4,P,verABLib_large,A81,B30,A81-B30,2
TFMN4.exp2.ACN3788.concX_largeLib_SpeI_cleanup.3.T4.P,SeqCenter_2026-05-26_QUO1022807,D5,TFMN4.exp2.ACN3788.concX_largeLib_SpeI_cleanup.3,TFMN4,exp2,ACN3788,concX_largeLib_SpeI_cleanup,3,4,P,verABLib_large,A81,B41,A81-B41,3
TFMN4.exp2.ACN3788.concX_largeLib_SpeI_cleanup.3.T4.P,SeqCenter_2026-05-26_QUO1022807,D5,TFMN4.exp2.ACN3788.concX_largeLib_SpeI_cleanup.3,TFMN4,exp2,ACN3788,concX_largeLib_SpeI_cleanup,3,4,P,verABLib_large,A81,B6,A81-B6,67
TFMN4.exp2.ACN3788.concX_largeLib_SpeI_cleanup.3.T4.P,SeqCenter_2026-05-26_QUO1022807,D5,TFMN4.exp2.ACN3788.concX_largeLib_SpeI_cleanup.3,TFMN4,exp2,ACN3788,concX_largeLib_SpeI_cleanup,3,4,P,verABLib_large,A83,B50,A83-B50,1
TFMN4.exp2.ACN3788.concX_largeLib_SpeI_cleanup.3.T4.P,SeqCenter_2026-05-26_QUO1022807,D5,TFMN4.exp2.ACN3788.concX_largeLib_SpeI_cleanup.3,TFMN4,exp2,ACN3788,concX_largeLib_SpeI_cleanup,3,4,P,verABLib_large,A90,B102,A90-B102,1
TFMN4.exp2.ACN3788.concX_largeLib_SpeI_cleanup.3.T4.P,SeqCenter_2026-05-26_QUO1022807,D5,TFMN4.exp2.ACN3788.concX_largeLib_SpeI_cleanup.3,TFMN4,exp2,ACN3788,concX_largeLib_SpeI_cleanup,3,4,P,verABLib_large,A90,B123,A90-B123,3
TFMN4.exp2.ACN3788.concX_largeLib_SpeI_cleanup.3.T4.P,SeqCenter_2026-05-26_QUO1022807,D5,TFMN4.exp2.ACN3788.concX_largeLib_SpeI_cleanup.3,TFMN4,exp2,ACN3788,concX_largeLib_SpeI_cleanup,3,4,P,verABLib_large,A90,B47,A90-B47,5
TFMN4.exp2.ACN3788.concX_largeLib_SpeI_cleanup.3.T4.P,SeqCenter_2026-05-26_QUO1022807,D5,TFMN4.exp2.ACN3788.concX_largeLib_SpeI_cleanup.3,TFMN4,exp2,ACN3788,concX_largeLib_SpeI_cleanup,3,4,P,verABLib_large,A90,B59,A90-B59,1
TFMN4.exp2.ACN3788.concX_largeLib_SpeI_cleanup.3.T4.P,SeqCenter_2026-05-26_QUO1022807,D5,TFMN4.exp2.ACN3788.concX_largeLib_SpeI_cleanup.3,TFMN4,exp2,ACN3788,concX_largeLib_SpeI_cleanup,3,4,P,verABLib_large,A90,B75,A90-B75,53
TFMN4.exp2.ACN3788.concX_largeLib_SpeI_cleanup.3.T6.P,SeqCenter_2026-05-26_QUO1022807,D5,TFMN4.exp2.ACN3788.concX_largeLib_SpeI_cleanup.3,TFMN4,exp2,ACN3788,concX_largeLib_SpeI_cleanup,3,6,P,verABLib_large,A143,B84,A143-B84,1
TFMN4.exp2.ACN3788.concX_largeLib_SpeI_cleanup.3.T6.P,SeqCenter_2026-05-26_QUO1022807,D5,TFMN4.exp2.ACN3788.concX_largeLib_SpeI_cleanup.3,TFMN4,exp2,ACN3788,concX_largeLib_SpeI_cleanup,3,6,P,verABLib_large,A153,B30,A153-B30,32
TFMN4.exp2.ACN3788.concX_largeLib_SpeI_cleanup.3.T6.P,SeqCenter_2026-05-26_QUO1022807,D5,TFMN4.exp2.ACN3788.concX_largeLib_SpeI_cleanup.3,TFMN4,exp2,ACN3788,concX_largeLib_SpeI_cleanup,3,6,P,verABLib_large,A176,B30,A176-B30,15
TFMN4.exp2.ACN3788.concX_largeLib_SpeI_cleanup.3.T6.P,SeqCenter_2026-05-26_QUO1022807,D5,TFMN4.exp2.ACN3788.concX_largeLib_SpeI_cleanup.3,TFMN4,exp2,ACN3788,concX_largeLib_SpeI_cleanup,3,6,P,verABLib_large,A78,B117,A78-B117,2
TFMN4.exp2.ACN3788.concX_largeLib_SpeI_cleanup.3.T6.P,SeqCenter_2026-05-26_QUO1022807,D5,TFMN4.exp2.ACN3788.concX_largeLib_SpeI_cleanup.3,TFMN4,exp2,ACN3788,concX_largeLib_SpeI_cleanup,3,6,P,verABLib_large,A81,B30,A81-B30,1
TFMN4.exp2.ACN3788.concX_largeLib_SpeI_cleanup.3.T6.P,SeqCenter_2026-05-26_QUO1022807,D5,TFMN4.exp2.ACN3788.concX_largeLib_SpeI_cleanup.3,TFMN4,exp2,ACN3788,concX_largeLib_SpeI_cleanup,3,6,P,verABLib_large,A81,B6,A81-B6,126
TFMN4.exp2.ACN3788.concX_largeLib_SpeI_cleanup.3.T6.P,SeqCenter_2026-05-26_QUO1022807,D5,TFMN4.exp2.ACN3788.concX_largeLib_SpeI_cleanup.3,TFMN4,exp2,ACN3788,concX_largeLib_SpeI_cleanup,3,6,P,verABLib_large,A83,B50,A83-B50,2
TFMN4.exp2.ACN3788.concX_largeLib_SpeI_cleanup.3.T6.P,SeqCenter_2026-05-26_QUO1022807,D5,TFMN4.exp2.ACN3788.concX_largeLib_SpeI_cleanup.3,TFMN4,exp2,ACN3788,concX_largeLib_SpeI_cleanup,3,6,P,verABLib_large,A90,B47,A90-B47,1
TFMN4.exp2.ACN3788.concX_largeLib_SpeI_cleanup.3.T6.P,SeqCenter_2026-05-26_QUO1022807,D5,TFMN4.exp2.ACN3788.concX_largeLib_SpeI_cleanup.3,TFMN4,exp2,ACN3788,concX_largeLib_SpeI_cleanup,3,6,P,verABLib_large,A90,B75,A90-B75,37
TFMN4.exp2.ACN3788.concX_largeLib_SpeI_cleanup.4.T3.P,SeqCenter_2026-05-26_QUO1022807,E5,TFMN4.exp2.ACN3788.concX_largeLib_SpeI_cleanup.4,TFMN4,exp2,ACN3788,concX_largeLib_SpeI_cleanup,4,3,P,verABLib_large,A143,B30,A143-B30,38
TFMN4.exp2.ACN3788.concX_largeLib_SpeI_cleanup.4.T3.P,SeqCenter_2026-05-26_QUO1022807,E5,TFMN4.exp2.ACN3788.concX_largeLib_SpeI_cleanup.4,TFMN4,exp2,ACN3788,concX_largeLib_SpeI_cleanup,4,3,P,verABLib_large,A153,B168,A153-B168,3
TFMN4.exp2.ACN3788.concX_largeLib_SpeI_cleanup.4.T3.P,SeqCenter_2026-05-26_QUO1022807,E5,TFMN4.exp2.ACN3788.concX_largeLib_SpeI_cleanup.4,TFMN4,exp2,ACN3788,concX_largeLib_SpeI_cleanup,4,3,P,verABLib_large,A153,B30,A153-B30,1
TFMN4.exp2.ACN3788.concX_largeLib_SpeI_cleanup.4.T3.P,SeqCenter_2026-05-26_QUO1022807,E5,TFMN4.exp2.ACN3788.concX_largeLib_SpeI_cleanup.4,TFMN4,exp2,ACN3788,concX_largeLib_SpeI_cleanup,4,3,P,verABLib_large,A63,B151,A63-B151,4
TFMN4.exp2.ACN3788.concX_largeLib_SpeI_cleanup.4.T3.P,SeqCenter_2026-05-26_QUO1022807,E5,TFMN4.exp2.ACN3788.concX_largeLib_SpeI_cleanup.4,TFMN4,exp2,ACN3788,concX_largeLib_SpeI_cleanup,4,3,P,verABLib_large,A78,B165,A78-B165,3
TFMN4.exp2.ACN3788.concX_largeLib_SpeI_cleanup.4.T3.P,SeqCenter_2026-05-26_QUO1022807,E5,TFMN4.exp2.ACN3788.concX_largeLib_SpeI_cleanup.4,TFMN4,exp2,ACN3788,concX_largeLib_SpeI_cleanup,4,3,P,verABLib_large,A78,B26,A78-B26,1
TFMN4.exp2.ACN3788.concX_largeLib_SpeI_cleanup.4.T3.P,SeqCenter_2026-05-26_QUO1022807,E5,TFMN4.exp2.ACN3788.concX_largeLib_SpeI_cleanup.4,TFMN4,exp2,ACN3788,concX_largeLib_SpeI_cleanup,4,3,P,verABLib_large,A78,B3,A78-B3,15
TFMN4.exp2.ACN3788.concX_largeLib_SpeI_cleanup.4.T3.P,SeqCenter_2026-05-26_QUO1022807,E5,TFMN4.exp2.ACN3788.concX_largeLib_SpeI_cleanup.4,TFMN4,exp2,ACN3788,concX_largeLib_SpeI_cleanup,4,3,P,verABLib_large,A81,B3,A81-B3,13
TFMN4.exp2.ACN3788.concX_largeLib_SpeI_cleanup.4.T3.P,SeqCenter_2026-05-26_QUO1022807,E5,TFMN4.exp2.ACN3788.concX_largeLib_SpeI_cleanup.4,TFMN4,exp2,ACN3788,concX_largeLib_SpeI_cleanup,4,3,P,verABLib_large,A81,B30,A81-B30,3
TFMN4.exp2.ACN3788.concX_largeLib_SpeI_cleanup.4.T3.P,SeqCenter_2026-05-26_QUO1022807,E5,TFMN4.exp2.ACN3788.concX_largeLib_SpeI_cleanup.4,TFMN4,exp2,ACN3788,concX_largeLib_SpeI_cleanup,4,3,P,verABLib_large,A81,B75,A81-B75,1
TFMN4.exp2.ACN3788.concX_largeLib_SpeI_cleanup.4.T3.P,SeqCenter_2026-05-26_QUO1022807,E5,TFMN4.exp2.ACN3788.concX_largeLib_SpeI_cleanup.4,TFMN4,exp2,ACN3788,concX_largeLib_SpeI_cleanup,4,3,P,verABLib_large,A81,B84,A81-B84,1
TFMN4.exp2.ACN3788.concX_largeLib_SpeI_cleanup.4.T3.P,SeqCenter_2026-05-26_QUO1022807,E5,TFMN4.exp2.ACN3788.concX_largeLib_SpeI_cleanup.4,TFMN4,exp2,ACN3788,concX_largeLib_SpeI_cleanup,4,3,P,verABLib_large,A83,B138,A83-B138,7
TFMN4.exp2.ACN3788.concX_largeLib_SpeI_cleanup.4.T4.P,SeqCenter_2026-05-26_QUO1022807,E5,TFMN4.exp2.ACN3788.concX_largeLib_SpeI_cleanup.4,TFMN4,exp2,ACN3788,concX_largeLib_SpeI_cleanup,4,4,P,verABLib_large,A143,B30,A143-B30,75
TFMN4.exp2.ACN3788.concX_largeLib_SpeI_cleanup.4.T4.P,SeqCenter_2026-05-26_QUO1022807,E5,TFMN4.exp2.ACN3788.concX_largeLib_SpeI_cleanup.4,TFMN4,exp2,ACN3788,concX_largeLib_SpeI_cleanup,4,4,P,verABLib_large,A153,B168,A153-B168,11
TFMN4.exp2.ACN3788.concX_largeLib_SpeI_cleanup.4.T4.P,SeqCenter_2026-05-26_QUO1022807,E5,TFMN4.exp2.ACN3788.concX_largeLib_SpeI_cleanup.4,TFMN4,exp2,ACN3788,concX_largeLib_SpeI_cleanup,4,4,P,verABLib_large,A162,B171,A162-B171,1
TFMN4.exp2.ACN3788.concX_largeLib_SpeI_cleanup.4.T4.P,SeqCenter_2026-05-26_QUO1022807,E5,TFMN4.exp2.ACN3788.concX_largeLib_SpeI_cleanup.4,TFMN4,exp2,ACN3788,concX_largeLib_SpeI_cleanup,4,4,P,verABLib_large,A78,B165,A78-B165,7
TFMN4.exp2.ACN3788.concX_largeLib_SpeI_cleanup.4.T4.P,SeqCenter_2026-05-26_QUO1022807,E5,TFMN4.exp2.ACN3788.concX_largeLib_SpeI_cleanup.4,TFMN4,exp2,ACN3788,concX_largeLib_SpeI_cleanup,4,4,P,verABLib_large,A78,B26,A78-B26,11
TFMN4.exp2.ACN3788.concX_largeLib_SpeI_cleanup.4.T4.P,SeqCenter_2026-05-26_QUO1022807,E5,TFMN4.exp2.ACN3788.concX_largeLib_SpeI_cleanup.4,TFMN4,exp2,ACN3788,concX_largeLib_SpeI_cleanup,4,4,P,verABLib_large,A78,B3,A78-B3,25
TFMN4.exp2.ACN3788.concX_largeLib_SpeI_cleanup.4.T4.P,SeqCenter_2026-05-26_QUO1022807,E5,TFMN4.exp2.ACN3788.concX_largeLib_SpeI_cleanup.4,TFMN4,exp2,ACN3788,concX_largeLib_SpeI_cleanup,4,4,P,verABLib_large,A81,B3,A81-B3,18
TFMN4.exp2.ACN3788.concX_largeLib_SpeI_cleanup.4.T4.P,SeqCenter_2026-05-26_QUO1022807,E5,TFMN4.exp2.ACN3788.concX_largeLib_SpeI_cleanup.4,TFMN4,exp2,ACN3788,concX_largeLib_SpeI_cleanup,4,4,P,verABLib_large,A83,B138,A83-B138,20
TFMN4.exp2.ACN3788.concX_largeLib_SpeI_cleanup.4.T4.P,SeqCenter_2026-05-26_QUO1022807,E5,TFMN4.exp2.ACN3788.concX_largeLib_SpeI_cleanup.4,TFMN4,exp2,ACN3788,concX_largeLib_SpeI_cleanup,4,4,P,verABLib_large,A90,B41,A90-B41,1
TFMN4.exp2.ACN3788.concX_largeLib_SpeI_cleanup.5.T3.P,SeqCenter_2026-05-26_QUO1022807,F5,TFMN4.exp2.ACN3788.concX_largeLib_SpeI_cleanup.5,TFMN4,exp2,ACN3788,concX_largeLib_SpeI_cleanup,5,3,P,verABLib_large,A195,B117,A195-B117,2
TFMN4.exp2.ACN3788.concX_largeLib_SpeI_cleanup.5.T3.P,SeqCenter_2026-05-26_QUO1022807,F5,TFMN4.exp2.ACN3788.concX_largeLib_SpeI_cleanup.5,TFMN4,exp2,ACN3788,concX_largeLib_SpeI_cleanup,5,3,P,verABLib_large,A63,B155,A63-B155,23
TFMN4.exp2.ACN3788.concX_largeLib_SpeI_cleanup.5.T3.P,SeqCenter_2026-05-26_QUO1022807,F5,TFMN4.exp2.ACN3788.concX_largeLib_SpeI_cleanup.5,TFMN4,exp2,ACN3788,concX_largeLib_SpeI_cleanup,5,3,P,verABLib_large,A78,B159,A78-B159,5
TFMN4.exp2.ACN3788.concX_largeLib_SpeI_cleanup.5.T3.P,SeqCenter_2026-05-26_QUO1022807,F5,TFMN4.exp2.ACN3788.concX_largeLib_SpeI_cleanup.5,TFMN4,exp2,ACN3788,concX_largeLib_SpeI_cleanup,5,3,P,verABLib_large,A81,B15,A81-B15,1
TFMN4.exp2.ACN3788.concX_largeLib_SpeI_cleanup.5.T3.P,SeqCenter_2026-05-26_QUO1022807,F5,TFMN4.exp2.ACN3788.concX_largeLib_SpeI_cleanup.5,TFMN4,exp2,ACN3788,concX_largeLib_SpeI_cleanup,5,3,P,verABLib_large,A81,B30,A81-B30,55
TFMN4.exp2.ACN3788.concX_largeLib_SpeI_cleanup.5.T3.P,SeqCenter_2026-05-26_QUO1022807,F5,TFMN4.exp2.ACN3788.concX_largeLib_SpeI_cleanup.5,TFMN4,exp2,ACN3788,concX_largeLib_SpeI_cleanup,5,3,P,verABLib_large,A81,B79,A81-B79,9
TFMN4.exp2.ACN3788.concX_largeLib_SpeI_cleanup.5.T3.P,SeqCenter_2026-05-26_QUO1022807,F5,TFMN4.exp2.ACN3788.concX_largeLib_SpeI_cleanup.5,TFMN4,exp2,ACN3788,concX_largeLib_SpeI_cleanup,5,3,P,verABLib_large,A90,B155,A90-B155,4
TFMN4.exp2.ACN3788.concX_largeLib_SpeI_cleanup.5.T3.P,SeqCenter_2026-05-26_QUO1022807,F5,TFMN4.exp2.ACN3788.concX_largeLib_SpeI_cleanup.5,TFMN4,exp2,ACN3788,concX_largeLib_SpeI_cleanup,5,3,P,verABLib_large,A90,B157,A90-B157,25
TFMN4.exp2.ACN3788.concX_largeLib_SpeI_cleanup.5.T4.P,SeqCenter_2026-05-26_QUO1022807,F5,TFMN4.exp2.ACN3788.concX_largeLib_SpeI_cleanup.5,TFMN4,exp2,ACN3788,concX_largeLib_SpeI_cleanup,5,4,P,verABLib_large,A63,B155,A63-B155,34
TFMN4.exp2.ACN3788.concX_largeLib_SpeI_cleanup.5.T4.P,SeqCenter_2026-05-26_QUO1022807,F5,TFMN4.exp2.ACN3788.concX_largeLib_SpeI_cleanup.5,TFMN4,exp2,ACN3788,concX_largeLib_SpeI_cleanup,5,4,P,verABLib_large,A78,B103,A78-B103,1
TFMN4.exp2.ACN3788.concX_largeLib_SpeI_cleanup.5.T4.P,SeqCenter_2026-05-26_QUO1022807,F5,TFMN4.exp2.ACN3788.concX_largeLib_SpeI_cleanup.5,TFMN4,exp2,ACN3788,concX_largeLib_SpeI_cleanup,5,4,P,verABLib_large,A78,B159,A78-B159,2
TFMN4.exp2.ACN3788.concX_largeLib_SpeI_cleanup.5.T4.P,SeqCenter_2026-05-26_QUO1022807,F5,TFMN4.exp2.ACN3788.concX_largeLib_SpeI_cleanup.5,TFMN4,exp2,ACN3788,concX_largeLib_SpeI_cleanup,5,4,P,verABLib_large,A81,B144,A81-B144,1
TFMN4.exp2.ACN3788.concX_largeLib_SpeI_cleanup.5.T4.P,SeqCenter_2026-05-26_QUO1022807,F5,TFMN4.exp2.ACN3788.concX_largeLib_SpeI_cleanup.5,TFMN4,exp2,ACN3788,concX_largeLib_SpeI_cleanup,5,4,P,verABLib_large,A81,B15,A81-B15,1
TFMN4.exp2.ACN3788.concX_largeLib_SpeI_cleanup.5.T4.P,SeqCenter_2026-05-26_QUO1022807,F5,TFMN4.exp2.ACN3788.concX_largeLib_SpeI_cleanup.5,TFMN4,exp2,ACN3788,concX_largeLib_SpeI_cleanup,5,4,P,verABLib_large,A81,B30,A81-B30,85
TFMN4.exp2.ACN3788.concX_largeLib_SpeI_cleanup.5.T4.P,SeqCenter_2026-05-26_QUO1022807,F5,TFMN4.exp2.ACN3788.concX_largeLib_SpeI_cleanup.5,TFMN4,exp2,ACN3788,concX_largeLib_SpeI_cleanup,5,4,P,verABLib_large,A81,B79,A81-B79,8
TFMN4.exp2.ACN3788.concX_largeLib_SpeI_cleanup.5.T4.P,SeqCenter_2026-05-26_QUO1022807,F5,TFMN4.exp2.ACN3788.concX_largeLib_SpeI_cleanup.5,TFMN4,exp2,ACN3788,concX_largeLib_SpeI_cleanup,5,4,P,verABLib_large,A90,B157,A90-B157,40
TFMN4.exp2.ACN3788.concX_largeLib_SpeI_cleanup.5.T4.P,SeqCenter_2026-05-26_QUO1022807,F5,TFMN4.exp2.ACN3788.concX_largeLib_SpeI_cleanup.5,TFMN4,exp2,ACN3788,concX_largeLib_SpeI_cleanup,5,4,P,verABLib_large,A96,B57,A96-B57,5
TFMN4.exp2.ACN3788.concX_pBAC2264_BglI.2.T13.P,SeqCenter_2026-05-26_QUO1022807,G10,TFMN4.exp2.ACN3788.concX_pBAC2264_BglI.2,TFMN4,exp2,ACN3788,concX_pBAC2264_BglI,2,13,P,verABLib_large,A152,B32,A152-B32,1
TFMN4.exp2.ACN3788.concX_pBAC2264_BglI.2.T13.P,SeqCenter_2026-05-26_QUO1022807,G10,TFMN4.exp2.ACN3788.concX_pBAC2264_BglI.2,TFMN4,exp2,ACN3788,concX_pBAC2264_BglI,2,13,P,verABLib_large,A176,B30,A176-B30,1
TFMN4.exp2.ACN3788.concX_pBAC2264_BglI.2.T13.P,SeqCenter_2026-05-26_QUO1022807,G10,TFMN4.exp2.ACN3788.concX_pBAC2264_BglI.2,TFMN4,exp2,ACN3788,concX_pBAC2264_BglI,2,13,P,verABLib_large,A176,B6,A176-B6,4
TFMN4.exp2.ACN3788.concX_pBAC2264_BglI.2.T13.P,SeqCenter_2026-05-26_QUO1022807,G10,TFMN4.exp2.ACN3788.concX_pBAC2264_BglI.2,TFMN4,exp2,ACN3788,concX_pBAC2264_BglI,2,13,P,verABLib_large,A196,B12,A196-B12,1
TFMN4.exp2.ACN3788.concX_pBAC2264_BglI.2.T13.P,SeqCenter_2026-05-26_QUO1022807,G10,TFMN4.exp2.ACN3788.concX_pBAC2264_BglI.2,TFMN4,exp2,ACN3788,concX_pBAC2264_BglI,2,13,P,verABLib_large,A196,B132,A196-B132,1
TFMN4.exp2.ACN3788.concX_pBAC2264_BglI.2.T13.P,SeqCenter_2026-05-26_QUO1022807,G10,TFMN4.exp2.ACN3788.concX_pBAC2264_BglI.2,TFMN4,exp2,ACN3788,concX_pBAC2264_BglI,2,13,P,verABLib_large,A196,B4,A196-B4,159
TFMN4.exp2.ACN3788.concX_smallLib_PCR_DpnI_cleanup.1.T3.P,SeqCenter_2026-05-26_QUO1022807,B10,TFMN4.exp2.ACN3788.concX_smallLib_PCR_DpnI_cleanup.1,TFMN4,exp2,ACN3788,concX_smallLib_PCR_DpnI_cleanup,1,3,P,verABLib_large,A78,B155,A78-B155,24
TFMN4.exp2.ACN3788.concX_smallLib_PCR_DpnI_cleanup.1.T3.P,SeqCenter_2026-05-26_QUO1022807,B10,TFMN4.exp2.ACN3788.concX_smallLib_PCR_DpnI_cleanup.1,TFMN4,exp2,ACN3788,concX_smallLib_PCR_DpnI_cleanup,1,3,P,verABLib_large,A78,B3,A78-B3,4
TFMN4.exp2.ACN3788.concX_smallLib_PCR_DpnI_cleanup.1.T4.P,SeqCenter_2026-05-26_QUO1022807,B10,TFMN4.exp2.ACN3788.concX_smallLib_PCR_DpnI_cleanup.1,TFMN4,exp2,ACN3788,concX_smallLib_PCR_DpnI_cleanup,1,4,P,verABLib_large,A78,B155,A78-B155,157
TFMN4.exp2.ACN3788.concX_smallLib_PCR_DpnI_cleanup.1.T4.P,SeqCenter_2026-05-26_QUO1022807,B10,TFMN4.exp2.ACN3788.concX_smallLib_PCR_DpnI_cleanup.1,TFMN4,exp2,ACN3788,concX_smallLib_PCR_DpnI_cleanup,1,4,P,verABLib_large,A78,B3,A78-B3,40
TFMN4.exp2.ACN3788.concX_smallLib_PCR_DpnI_cleanup.2.T3.P,SeqCenter_2026-05-26_QUO1022807,C10,TFMN4.exp2.ACN3788.concX_smallLib_PCR_DpnI_cleanup.2,TFMN4,exp2,ACN3788,concX_smallLib_PCR_DpnI_cleanup,2,3,P,verABLib_large,A145,B30,A145-B30,1
TFMN4.exp2.ACN3788.concX_smallLib_PCR_DpnI_cleanup.2.T3.P,SeqCenter_2026-05-26_QUO1022807,C10,TFMN4.exp2.ACN3788.concX_smallLib_PCR_DpnI_cleanup.2,TFMN4,exp2,ACN3788,concX_smallLib_PCR_DpnI_cleanup,2,3,P,verABLib_large,A81,B18,A81-B18,10
TFMN4.exp2.ACN3788.concX_smallLib_PCR_DpnI_cleanup.2.T3.P,SeqCenter_2026-05-26_QUO1022807,C10,TFMN4.exp2.ACN3788.concX_smallLib_PCR_DpnI_cleanup.2,TFMN4,exp2,ACN3788,concX_smallLib_PCR_DpnI_cleanup,2,3,P,verABLib_large,A81,B30,A81-B30,148
TFMN4.exp2.ACN3788.concX_smallLib_PCR_DpnI_cleanup.2.T4.P,SeqCenter_2026-05-26_QUO1022807,C10,TFMN4.exp2.ACN3788.concX_smallLib_PCR_DpnI_cleanup.2,TFMN4,exp2,ACN3788,concX_smallLib_PCR_DpnI_cleanup,2,4,P,verABLib_large,A81,B18,A81-B18,20
TFMN4.exp2.ACN3788.concX_smallLib_PCR_DpnI_cleanup.2.T4.P,SeqCenter_2026-05-26_QUO1022807,C10,TFMN4.exp2.ACN3788.concX_smallLib_PCR_DpnI_cleanup.2,TFMN4,exp2,ACN3788,concX_smallLib_PCR_DpnI_cleanup,2,4,P,verABLib_large,A81,B30,A81-B30,176
TFMN4.exp2.ACN3788.concX_smallLib_PCR_DpnI_cleanup.3.T13.P,SeqCenter_2026-05-26_QUO1022807,D10,TFMN4.exp2.ACN3788.concX_smallLib_PCR_DpnI_cleanup.3,TFMN4,exp2,ACN3788,concX_smallLib_PCR_DpnI_cleanup,3,13,P,verABLib_large,A153,B137,A153-B137,1
TFMN4.exp2.ACN3788.concX_smallLib_PCR_DpnI_cleanup.3.T13.P,SeqCenter_2026-05-26_QUO1022807,D10,TFMN4.exp2.ACN3788.concX_smallLib_PCR_DpnI_cleanup.3,TFMN4,exp2,ACN3788,concX_smallLib_PCR_DpnI_cleanup,3,13,P,verABLib_large,A153,B77,A153-B77,21
TFMN4.exp2.ACN3788.concX_smallLib_PCR_DpnI_cleanup.3.T13.P,SeqCenter_2026-05-26_QUO1022807,D10,TFMN4.exp2.ACN3788.concX_smallLib_PCR_DpnI_cleanup.3,TFMN4,exp2,ACN3788,concX_smallLib_PCR_DpnI_cleanup,3,13,P,verABLib_large,A185,B26,A185-B26,8
TFMN4.exp2.ACN3788.concX_smallLib_PCR_DpnI_cleanup.3.T13.P,SeqCenter_2026-05-26_QUO1022807,D10,TFMN4.exp2.ACN3788.concX_smallLib_PCR_DpnI_cleanup.3,TFMN4,exp2,ACN3788,concX_smallLib_PCR_DpnI_cleanup,3,13,P,verABLib_large,A196,B168,A196-B168,40
TFMN4.exp2.ACN3788.concX_smallLib_PCR_DpnI_cleanup.3.T13.P,SeqCenter_2026-05-26_QUO1022807,D10,TFMN4.exp2.ACN3788.concX_smallLib_PCR_DpnI_cleanup.3,TFMN4,exp2,ACN3788,concX_smallLib_PCR_DpnI_cleanup,3,13,P,verABLib_large,A20,B95,A20-B95,1
TFMN4.exp2.ACN3788.concX_smallLib_PCR_DpnI_cleanup.3.T13.P,SeqCenter_2026-05-26_QUO1022807,D10,TFMN4.exp2.ACN3788.concX_smallLib_PCR_DpnI_cleanup.3,TFMN4,exp2,ACN3788,concX_smallLib_PCR_DpnI_cleanup,3,13,P,verABLib_large,A63,B40,A63-B40,1
TFMN4.exp2.ACN3788.concX_smallLib_PCR_DpnI_cleanup.3.T13.P,SeqCenter_2026-05-26_QUO1022807,D10,TFMN4.exp2.ACN3788.concX_smallLib_PCR_DpnI_cleanup.3,TFMN4,exp2,ACN3788,concX_smallLib_PCR_DpnI_cleanup,3,13,P,verABLib_large,A78,B3,A78-B3,16
TFMN4.exp2.ACN3788.concX_smallLib_PCR_DpnI_cleanup.3.T13.P,SeqCenter_2026-05-26_QUO1022807,D10,TFMN4.exp2.ACN3788.concX_smallLib_PCR_DpnI_cleanup.3,TFMN4,exp2,ACN3788,concX_smallLib_PCR_DpnI_cleanup,3,13,P,verABLib_large,A81,B51,A81-B51,71
TFMN4.exp2.ACN3788.concX_smallLib_PCR_DpnI_cleanup.3.T13.P,SeqCenter_2026-05-26_QUO1022807,D10,TFMN4.exp2.ACN3788.concX_smallLib_PCR_DpnI_cleanup.3,TFMN4,exp2,ACN3788,concX_smallLib_PCR_DpnI_cleanup,3,13,P,verABLib_large,A83,B104,A83-B104,1
TFMN4.exp2.ACN3788.concX_smallLib_PCR_DpnI_cleanup.3.T13.P,SeqCenter_2026-05-26_QUO1022807,D10,TFMN4.exp2.ACN3788.concX_smallLib_PCR_DpnI_cleanup.3,TFMN4,exp2,ACN3788,concX_smallLib_PCR_DpnI_cleanup,3,13,P,verABLib_large,A83,B151,A83-B151,25
TFMN4.exp2.ACN3788.concX_smallLib_PCR_DpnI_cleanup.3.T13.P,SeqCenter_2026-05-26_QUO1022807,D10,TFMN4.exp2.ACN3788.concX_smallLib_PCR_DpnI_cleanup.3,TFMN4,exp2,ACN3788,concX_smallLib_PCR_DpnI_cleanup,3,13,P,verABLib_large,A90,B150,A90-B150,1
TFMN4.exp2.ACN3788.concX_smallLib_PCR_DpnI_cleanup.3.T13.P,SeqCenter_2026-05-26_QUO1022807,D10,TFMN4.exp2.ACN3788.concX_smallLib_PCR_DpnI_cleanup.3,TFMN4,exp2,ACN3788,concX_smallLib_PCR_DpnI_cleanup,3,13,P,verABLib_large,A96,B26,A96-B26,1
TFMN4.exp2.ACN3788.concX_smallLib_PCR_DpnI_cleanup.3.T13.P,SeqCenter_2026-05-26_QUO1022807,D10,TFMN4.exp2.ACN3788.concX_smallLib_PCR_DpnI_cleanup.3,TFMN4,exp2,ACN3788,concX_smallLib_PCR_DpnI_cleanup,3,13,P,verABLib_large,A96,B3,A96-B3,1
TFMN4.exp2.ACN3788.concX_smallLib_PCR_DpnI_cleanup.3.T3.P,SeqCenter_2026-05-26_QUO1022807,D10,TFMN4.exp2.ACN3788.concX_smallLib_PCR_DpnI_cleanup.3,TFMN4,exp2,ACN3788,concX_smallLib_PCR_DpnI_cleanup,3,3,P,verABLib_large,A152,B154,A152-B154,5
TFMN4.exp2.ACN3788.concX_smallLib_PCR_DpnI_cleanup.3.T3.P,SeqCenter_2026-05-26_QUO1022807,D10,TFMN4.exp2.ACN3788.concX_smallLib_PCR_DpnI_cleanup.3,TFMN4,exp2,ACN3788,concX_smallLib_PCR_DpnI_cleanup,3,3,P,verABLib_large,A153,B137,A153-B137,7
TFMN4.exp2.ACN3788.concX_smallLib_PCR_DpnI_cleanup.3.T3.P,SeqCenter_2026-05-26_QUO1022807,D10,TFMN4.exp2.ACN3788.concX_smallLib_PCR_DpnI_cleanup.3,TFMN4,exp2,ACN3788,concX_smallLib_PCR_DpnI_cleanup,3,3,P,verABLib_large,A153,B77,A153-B77,4
TFMN4.exp2.ACN3788.concX_smallLib_PCR_DpnI_cleanup.3.T3.P,SeqCenter_2026-05-26_QUO1022807,D10,TFMN4.exp2.ACN3788.concX_smallLib_PCR_DpnI_cleanup.3,TFMN4,exp2,ACN3788,concX_smallLib_PCR_DpnI_cleanup,3,3,P,verABLib_large,A16,B161,A16-B161,2
TFMN4.exp2.ACN3788.concX_smallLib_PCR_DpnI_cleanup.3.T3.P,SeqCenter_2026-05-26_QUO1022807,D10,TFMN4.exp2.ACN3788.concX_smallLib_PCR_DpnI_cleanup.3,TFMN4,exp2,ACN3788,concX_smallLib_PCR_DpnI_cleanup,3,3,P,verABLib_large,A185,B26,A185-B26,3
TFMN4.exp2.ACN3788.concX_smallLib_PCR_DpnI_cleanup.3.T3.P,SeqCenter_2026-05-26_QUO1022807,D10,TFMN4.exp2.ACN3788.concX_smallLib_PCR_DpnI_cleanup.3,TFMN4,exp2,ACN3788,concX_smallLib_PCR_DpnI_cleanup,3,3,P,verABLib_large,A196,B168,A196-B168,10
TFMN4.exp2.ACN3788.concX_smallLib_PCR_DpnI_cleanup.3.T3.P,SeqCenter_2026-05-26_QUO1022807,D10,TFMN4.exp2.ACN3788.concX_smallLib_PCR_DpnI_cleanup.3,TFMN4,exp2,ACN3788,concX_smallLib_PCR_DpnI_cleanup,3,3,P,verABLib_large,A63,B40,A63-B40,1
TFMN4.exp2.ACN3788.concX_smallLib_PCR_DpnI_cleanup.3.T3.P,SeqCenter_2026-05-26_QUO1022807,D10,TFMN4.exp2.ACN3788.concX_smallLib_PCR_DpnI_cleanup.3,TFMN4,exp2,ACN3788,concX_smallLib_PCR_DpnI_cleanup,3,3,P,verABLib_large,A78,B3,A78-B3,17
TFMN4.exp2.ACN3788.concX_smallLib_PCR_DpnI_cleanup.3.T3.P,SeqCenter_2026-05-26_QUO1022807,D10,TFMN4.exp2.ACN3788.concX_smallLib_PCR_DpnI_cleanup.3,TFMN4,exp2,ACN3788,concX_smallLib_PCR_DpnI_cleanup,3,3,P,verABLib_large,A81,B101,A81-B101,1
TFMN4.exp2.ACN3788.concX_smallLib_PCR_DpnI_cleanup.3.T3.P,SeqCenter_2026-05-26_QUO1022807,D10,TFMN4.exp2.ACN3788.concX_smallLib_PCR_DpnI_cleanup.3,TFMN4,exp2,ACN3788,concX_smallLib_PCR_DpnI_cleanup,3,3,P,verABLib_large,A81,B165,A81-B165,1
TFMN4.exp2.ACN3788.concX_smallLib_PCR_DpnI_cleanup.3.T3.P,SeqCenter_2026-05-26_QUO1022807,D10,TFMN4.exp2.ACN3788.concX_smallLib_PCR_DpnI_cleanup.3,TFMN4,exp2,ACN3788,concX_smallLib_PCR_DpnI_cleanup,3,3,P,verABLib_large,A81,B51,A81-B51,16
TFMN4.exp2.ACN3788.concX_smallLib_PCR_DpnI_cleanup.3.T3.P,SeqCenter_2026-05-26_QUO1022807,D10,TFMN4.exp2.ACN3788.concX_smallLib_PCR_DpnI_cleanup.3,TFMN4,exp2,ACN3788,concX_smallLib_PCR_DpnI_cleanup,3,3,P,verABLib_large,A81,B61,A81-B61,4
TFMN4.exp2.ACN3788.concX_smallLib_PCR_DpnI_cleanup.3.T3.P,SeqCenter_2026-05-26_QUO1022807,D10,TFMN4.exp2.ACN3788.concX_smallLib_PCR_DpnI_cleanup.3,TFMN4,exp2,ACN3788,concX_smallLib_PCR_DpnI_cleanup,3,3,P,verABLib_large,A83,B151,A83-B151,25
TFMN4.exp2.ACN3788.concX_smallLib_PCR_DpnI_cleanup.3.T3.P,SeqCenter_2026-05-26_QUO1022807,D10,TFMN4.exp2.ACN3788.concX_smallLib_PCR_DpnI_cleanup.3,TFMN4,exp2,ACN3788,concX_smallLib_PCR_DpnI_cleanup,3,3,P,verABLib_large,A90,B2,A90-B2,2
TFMN4.exp2.ACN3788.concX_smallLib_PCR_DpnI_cleanup.3.T3.P,SeqCenter_2026-05-26_QUO1022807,D10,TFMN4.exp2.ACN3788.concX_smallLib_PCR_DpnI_cleanup.3,TFMN4,exp2,ACN3788,concX_smallLib_PCR_DpnI_cleanup,3,3,P,verABLib_large,A96,B26,A96-B26,1
TFMN4.exp2.ACN3788.concX_smallLib_PCR_DpnI_cleanup.3.T3.P,SeqCenter_2026-05-26_QUO1022807,D10,TFMN4.exp2.ACN3788.concX_smallLib_PCR_DpnI_cleanup.3,TFMN4,exp2,ACN3788,concX_smallLib_PCR_DpnI_cleanup,3,3,P,verABLib_large,A96,B87,A96-B87,2
TFMN4.exp2.ACN3788.concX_smallLib_PCR_DpnI_cleanup.3.T4.P,SeqCenter_2026-05-26_QUO1022807,D10,TFMN4.exp2.ACN3788.concX_smallLib_PCR_DpnI_cleanup.3,TFMN4,exp2,ACN3788,concX_smallLib_PCR_DpnI_cleanup,3,4,P,verABLib_large,A152,B154,A152-B154,7
TFMN4.exp2.ACN3788.concX_smallLib_PCR_DpnI_cleanup.3.T4.P,SeqCenter_2026-05-26_QUO1022807,D10,TFMN4.exp2.ACN3788.concX_smallLib_PCR_DpnI_cleanup.3,TFMN4,exp2,ACN3788,concX_smallLib_PCR_DpnI_cleanup,3,4,P,verABLib_large,A153,B137,A153-B137,8
TFMN4.exp2.ACN3788.concX_smallLib_PCR_DpnI_cleanup.3.T4.P,SeqCenter_2026-05-26_QUO1022807,D10,TFMN4.exp2.ACN3788.concX_smallLib_PCR_DpnI_cleanup.3,TFMN4,exp2,ACN3788,concX_smallLib_PCR_DpnI_cleanup,3,4,P,verABLib_large,A153,B55,A153-B55,3
TFMN4.exp2.ACN3788.concX_smallLib_PCR_DpnI_cleanup.3.T4.P,SeqCenter_2026-05-26_QUO1022807,D10,TFMN4.exp2.ACN3788.concX_smallLib_PCR_DpnI_cleanup.3,TFMN4,exp2,ACN3788,concX_smallLib_PCR_DpnI_cleanup,3,4,P,verABLib_large,A153,B77,A153-B77,4
TFMN4.exp2.ACN3788.concX_smallLib_PCR_DpnI_cleanup.3.T4.P,SeqCenter_2026-05-26_QUO1022807,D10,TFMN4.exp2.ACN3788.concX_smallLib_PCR_DpnI_cleanup.3,TFMN4,exp2,ACN3788,concX_smallLib_PCR_DpnI_cleanup,3,4,P,verABLib_large,A162,B137,A162-B137,3
TFMN4.exp2.ACN3788.concX_smallLib_PCR_DpnI_cleanup.3.T4.P,SeqCenter_2026-05-26_QUO1022807,D10,TFMN4.exp2.ACN3788.concX_smallLib_PCR_DpnI_cleanup.3,TFMN4,exp2,ACN3788,concX_smallLib_PCR_DpnI_cleanup,3,4,P,verABLib_large,A176,B177,A176-B177,1
TFMN4.exp2.ACN3788.concX_smallLib_PCR_DpnI_cleanup.3.T4.P,SeqCenter_2026-05-26_QUO1022807,D10,TFMN4.exp2.ACN3788.concX_smallLib_PCR_DpnI_cleanup.3,TFMN4,exp2,ACN3788,concX_smallLib_PCR_DpnI_cleanup,3,4,P,verABLib_large,A185,B26,A185-B26,2
TFMN4.exp2.ACN3788.concX_smallLib_PCR_DpnI_cleanup.3.T4.P,SeqCenter_2026-05-26_QUO1022807,D10,TFMN4.exp2.ACN3788.concX_smallLib_PCR_DpnI_cleanup.3,TFMN4,exp2,ACN3788,concX_smallLib_PCR_DpnI_cleanup,3,4,P,verABLib_large,A196,B168,A196-B168,51
TFMN4.exp2.ACN3788.concX_smallLib_PCR_DpnI_cleanup.3.T4.P,SeqCenter_2026-05-26_QUO1022807,D10,TFMN4.exp2.ACN3788.concX_smallLib_PCR_DpnI_cleanup.3,TFMN4,exp2,ACN3788,concX_smallLib_PCR_DpnI_cleanup,3,4,P,verABLib_large,A63,B40,A63-B40,2
TFMN4.exp2.ACN3788.concX_smallLib_PCR_DpnI_cleanup.3.T4.P,SeqCenter_2026-05-26_QUO1022807,D10,TFMN4.exp2.ACN3788.concX_smallLib_PCR_DpnI_cleanup.3,TFMN4,exp2,ACN3788,concX_smallLib_PCR_DpnI_cleanup,3,4,P,verABLib_large,A78,B3,A78-B3,17
TFMN4.exp2.ACN3788.concX_smallLib_PCR_DpnI_cleanup.3.T4.P,SeqCenter_2026-05-26_QUO1022807,D10,TFMN4.exp2.ACN3788.concX_smallLib_PCR_DpnI_cleanup.3,TFMN4,exp2,ACN3788,concX_smallLib_PCR_DpnI_cleanup,3,4,P,verABLib_large,A78,B47,A78-B47,1
TFMN4.exp2.ACN3788.concX_smallLib_PCR_DpnI_cleanup.3.T4.P,SeqCenter_2026-05-26_QUO1022807,D10,TFMN4.exp2.ACN3788.concX_smallLib_PCR_DpnI_cleanup.3,TFMN4,exp2,ACN3788,concX_smallLib_PCR_DpnI_cleanup,3,4,P,verABLib_large,A81,B101,A81-B101,7
TFMN4.exp2.ACN3788.concX_smallLib_PCR_DpnI_cleanup.3.T4.P,SeqCenter_2026-05-26_QUO1022807,D10,TFMN4.exp2.ACN3788.concX_smallLib_PCR_DpnI_cleanup.3,TFMN4,exp2,ACN3788,concX_smallLib_PCR_DpnI_cleanup,3,4,P,verABLib_large,A81,B51,A81-B51,15
TFMN4.exp2.ACN3788.concX_smallLib_PCR_DpnI_cleanup.3.T4.P,SeqCenter_2026-05-26_QUO1022807,D10,TFMN4.exp2.ACN3788.concX_smallLib_PCR_DpnI_cleanup.3,TFMN4,exp2,ACN3788,concX_smallLib_PCR_DpnI_cleanup,3,4,P,verABLib_large,A81,B61,A81-B61,6
TFMN4.exp2.ACN3788.concX_smallLib_PCR_DpnI_cleanup.3.T4.P,SeqCenter_2026-05-26_QUO1022807,D10,TFMN4.exp2.ACN3788.concX_smallLib_PCR_DpnI_cleanup.3,TFMN4,exp2,ACN3788,concX_smallLib_PCR_DpnI_cleanup,3,4,P,verABLib_large,A83,B151,A83-B151,83
TFMN4.exp2.ACN3788.concX_smallLib_PCR_DpnI_cleanup.3.T4.P,SeqCenter_2026-05-26_QUO1022807,D10,TFMN4.exp2.ACN3788.concX_smallLib_PCR_DpnI_cleanup.3,TFMN4,exp2,ACN3788,concX_smallLib_PCR_DpnI_cleanup,3,4,P,verABLib_large,A83,B70,A83-B70,4
TFMN4.exp2.ACN3788.concX_smallLib_PCR_DpnI_cleanup.3.T4.P,SeqCenter_2026-05-26_QUO1022807,D10,TFMN4.exp2.ACN3788.concX_smallLib_PCR_DpnI_cleanup.3,TFMN4,exp2,ACN3788,concX_smallLib_PCR_DpnI_cleanup,3,4,P,verABLib_large,A96,B26,A96-B26,2
TFMN4.exp2.ACN3788.concX_smallLib_PCR_DpnI_cleanup.3.T4.P,SeqCenter_2026-05-26_QUO1022807,D10,TFMN4.exp2.ACN3788.concX_smallLib_PCR_DpnI_cleanup.3,TFMN4,exp2,ACN3788,concX_smallLib_PCR_DpnI_cleanup,3,4,P,verABLib_large,A96,B87,A96-B87,2
TFMN4.exp2.ACN3788.concX_smallLib_PCR_DpnI_cleanup.3.T6.P,SeqCenter_2026-05-26_QUO1022807,D10,TFMN4.exp2.ACN3788.concX_smallLib_PCR_DpnI_cleanup.3,TFMN4,exp2,ACN3788,concX_smallLib_PCR_DpnI_cleanup,3,6,P,verABLib_large,A152,B154,A152-B154,7
TFMN4.exp2.ACN3788.concX_smallLib_PCR_DpnI_cleanup.3.T6.P,SeqCenter_2026-05-26_QUO1022807,D10,TFMN4.exp2.ACN3788.concX_smallLib_PCR_DpnI_cleanup.3,TFMN4,exp2,ACN3788,concX_smallLib_PCR_DpnI_cleanup,3,6,P,verABLib_large,A153,B137,A153-B137,17
TFMN4.exp2.ACN3788.concX_smallLib_PCR_DpnI_cleanup.3.T6.P,SeqCenter_2026-05-26_QUO1022807,D10,TFMN4.exp2.ACN3788.concX_smallLib_PCR_DpnI_cleanup.3,TFMN4,exp2,ACN3788,concX_smallLib_PCR_DpnI_cleanup,3,6,P,verABLib_large,A153,B77,A153-B77,19
TFMN4.exp2.ACN3788.concX_smallLib_PCR_DpnI_cleanup.3.T6.P,SeqCenter_2026-05-26_QUO1022807,D10,TFMN4.exp2.ACN3788.concX_smallLib_PCR_DpnI_cleanup.3,TFMN4,exp2,ACN3788,concX_smallLib_PCR_DpnI_cleanup,3,6,P,verABLib_large,A185,B26,A185-B26,1
TFMN4.exp2.ACN3788.concX_smallLib_PCR_DpnI_cleanup.3.T6.P,SeqCenter_2026-05-26_QUO1022807,D10,TFMN4.exp2.ACN3788.concX_smallLib_PCR_DpnI_cleanup.3,TFMN4,exp2,ACN3788,concX_smallLib_PCR_DpnI_cleanup,3,6,P,verABLib_large,A196,B168,A196-B168,40
TFMN4.exp2.ACN3788.concX_smallLib_PCR_DpnI_cleanup.3.T6.P,SeqCenter_2026-05-26_QUO1022807,D10,TFMN4.exp2.ACN3788.concX_smallLib_PCR_DpnI_cleanup.3,TFMN4,exp2,ACN3788,concX_smallLib_PCR_DpnI_cleanup,3,6,P,verABLib_large,A20,B95,A20-B95,3
TFMN4.exp2.ACN3788.concX_smallLib_PCR_DpnI_cleanup.3.T6.P,SeqCenter_2026-05-26_QUO1022807,D10,TFMN4.exp2.ACN3788.concX_smallLib_PCR_DpnI_cleanup.3,TFMN4,exp2,ACN3788,concX_smallLib_PCR_DpnI_cleanup,3,6,P,verABLib_large,A63,B40,A63-B40,1
TFMN4.exp2.ACN3788.concX_smallLib_PCR_DpnI_cleanup.3.T6.P,SeqCenter_2026-05-26_QUO1022807,D10,TFMN4.exp2.ACN3788.concX_smallLib_PCR_DpnI_cleanup.3,TFMN4,exp2,ACN3788,concX_smallLib_PCR_DpnI_cleanup,3,6,P,verABLib_large,A78,B3,A78-B3,6
TFMN4.exp2.ACN3788.concX_smallLib_PCR_DpnI_cleanup.3.T6.P,SeqCenter_2026-05-26_QUO1022807,D10,TFMN4.exp2.ACN3788.concX_smallLib_PCR_DpnI_cleanup.3,TFMN4,exp2,ACN3788,concX_smallLib_PCR_DpnI_cleanup,3,6,P,verABLib_large,A81,B101,A81-B101,4
TFMN4.exp2.ACN3788.concX_smallLib_PCR_DpnI_cleanup.3.T6.P,SeqCenter_2026-05-26_QUO1022807,D10,TFMN4.exp2.ACN3788.concX_smallLib_PCR_DpnI_cleanup.3,TFMN4,exp2,ACN3788,concX_smallLib_PCR_DpnI_cleanup,3,6,P,verABLib_large,A81,B51,A81-B51,7
TFMN4.exp2.ACN3788.concX_smallLib_PCR_DpnI_cleanup.3.T6.P,SeqCenter_2026-05-26_QUO1022807,D10,TFMN4.exp2.ACN3788.concX_smallLib_PCR_DpnI_cleanup.3,TFMN4,exp2,ACN3788,concX_smallLib_PCR_DpnI_cleanup,3,6,P,verABLib_large,A81,B61,A81-B61,3
TFMN4.exp2.ACN3788.concX_smallLib_PCR_DpnI_cleanup.3.T6.P,SeqCenter_2026-05-26_QUO1022807,D10,TFMN4.exp2.ACN3788.concX_smallLib_PCR_DpnI_cleanup.3,TFMN4,exp2,ACN3788,concX_smallLib_PCR_DpnI_cleanup,3,6,P,verABLib_large,A83,B151,A83-B151,14
TFMN4.exp2.ACN3788.concX_smallLib_PCR_DpnI_cleanup.3.T6.P,SeqCenter_2026-05-26_QUO1022807,D10,TFMN4.exp2.ACN3788.concX_smallLib_PCR_DpnI_cleanup.3,TFMN4,exp2,ACN3788,concX_smallLib_PCR_DpnI_cleanup,3,6,P,verABLib_large,A96,B87,A96-B87,3
TFMN4.exp2.ACN3788.concX_smallLib_PCR_DpnI_cleanup.4.T3.P,SeqCenter_2026-05-26_QUO1022807,E10,TFMN4.exp2.ACN3788.concX_smallLib_PCR_DpnI_cleanup.4,TFMN4,exp2,ACN3788,concX_smallLib_PCR_DpnI_cleanup,4,3,P,verABLib_large,A159,B49,A159-B49,2
TFMN4.exp2.ACN3788.concX_smallLib_PCR_DpnI_cleanup.4.T3.P,SeqCenter_2026-05-26_QUO1022807,E10,TFMN4.exp2.ACN3788.concX_smallLib_PCR_DpnI_cleanup.4,TFMN4,exp2,ACN3788,concX_smallLib_PCR_DpnI_cleanup,4,3,P,verABLib_large,A78,B117,A78-B117,6
TFMN4.exp2.ACN3788.concX_smallLib_PCR_DpnI_cleanup.4.T3.P,SeqCenter_2026-05-26_QUO1022807,E10,TFMN4.exp2.ACN3788.concX_smallLib_PCR_DpnI_cleanup.4,TFMN4,exp2,ACN3788,concX_smallLib_PCR_DpnI_cleanup,4,3,P,verABLib_large,A81,B101,A81-B101,7
TFMN4.exp2.ACN3788.concY_largeLib_PCR_DpnI_cleanup.1.T3.P,SeqCenter_2026-05-26_QUO1022807,B9,TFMN4.exp2.ACN3788.concY_largeLib_PCR_DpnI_cleanup.1,TFMN4,exp2,ACN3788,concY_largeLib_PCR_DpnI_cleanup,1,3,P,verABLib_large,A153,B130,A153-B130,4
TFMN4.exp2.ACN3788.concY_largeLib_PCR_DpnI_cleanup.1.T3.P,SeqCenter_2026-05-26_QUO1022807,B9,TFMN4.exp2.ACN3788.concY_largeLib_PCR_DpnI_cleanup.1,TFMN4,exp2,ACN3788,concY_largeLib_PCR_DpnI_cleanup,1,3,P,verABLib_large,A176,B117,A176-B117,2
TFMN4.exp2.ACN3788.concY_largeLib_PCR_DpnI_cleanup.1.T3.P,SeqCenter_2026-05-26_QUO1022807,B9,TFMN4.exp2.ACN3788.concY_largeLib_PCR_DpnI_cleanup.1,TFMN4,exp2,ACN3788,concY_largeLib_PCR_DpnI_cleanup,1,3,P,verABLib_large,A20,B2,A20-B2,1
TFMN4.exp2.ACN3788.concY_largeLib_PCR_DpnI_cleanup.1.T3.P,SeqCenter_2026-05-26_QUO1022807,B9,TFMN4.exp2.ACN3788.concY_largeLib_PCR_DpnI_cleanup.1,TFMN4,exp2,ACN3788,concY_largeLib_PCR_DpnI_cleanup,1,3,P,verABLib_large,A20,B3,A20-B3,2
TFMN4.exp2.ACN3788.concY_largeLib_PCR_DpnI_cleanup.1.T3.P,SeqCenter_2026-05-26_QUO1022807,B9,TFMN4.exp2.ACN3788.concY_largeLib_PCR_DpnI_cleanup.1,TFMN4,exp2,ACN3788,concY_largeLib_PCR_DpnI_cleanup,1,3,P,verABLib_large,A63,B150,A63-B150,2
TFMN4.exp2.ACN3788.concY_largeLib_PCR_DpnI_cleanup.1.T3.P,SeqCenter_2026-05-26_QUO1022807,B9,TFMN4.exp2.ACN3788.concY_largeLib_PCR_DpnI_cleanup.1,TFMN4,exp2,ACN3788,concY_largeLib_PCR_DpnI_cleanup,1,3,P,verABLib_large,A63,B171,A63-B171,7
TFMN4.exp2.ACN3788.concY_largeLib_PCR_DpnI_cleanup.1.T3.P,SeqCenter_2026-05-26_QUO1022807,B9,TFMN4.exp2.ACN3788.concY_largeLib_PCR_DpnI_cleanup.1,TFMN4,exp2,ACN3788,concY_largeLib_PCR_DpnI_cleanup,1,3,P,verABLib_large,A78,B145,A78-B145,4
TFMN4.exp2.ACN3788.concY_largeLib_PCR_DpnI_cleanup.1.T4.P,SeqCenter_2026-05-26_QUO1022807,B9,TFMN4.exp2.ACN3788.concY_largeLib_PCR_DpnI_cleanup.1,TFMN4,exp2,ACN3788,concY_largeLib_PCR_DpnI_cleanup,1,4,P,verABLib_large,A153,B130,A153-B130,17
TFMN4.exp2.ACN3788.concY_largeLib_PCR_DpnI_cleanup.1.T4.P,SeqCenter_2026-05-26_QUO1022807,B9,TFMN4.exp2.ACN3788.concY_largeLib_PCR_DpnI_cleanup.1,TFMN4,exp2,ACN3788,concY_largeLib_PCR_DpnI_cleanup,1,4,P,verABLib_large,A153,B145,A153-B145,10
TFMN4.exp2.ACN3788.concY_largeLib_PCR_DpnI_cleanup.1.T4.P,SeqCenter_2026-05-26_QUO1022807,B9,TFMN4.exp2.ACN3788.concY_largeLib_PCR_DpnI_cleanup.1,TFMN4,exp2,ACN3788,concY_largeLib_PCR_DpnI_cleanup,1,4,P,verABLib_large,A176,B117,A176-B117,8
TFMN4.exp2.ACN3788.concY_largeLib_PCR_DpnI_cleanup.1.T4.P,SeqCenter_2026-05-26_QUO1022807,B9,TFMN4.exp2.ACN3788.concY_largeLib_PCR_DpnI_cleanup.1,TFMN4,exp2,ACN3788,concY_largeLib_PCR_DpnI_cleanup,1,4,P,verABLib_large,A186,B144,A186-B144,1
TFMN4.exp2.ACN3788.concY_largeLib_PCR_DpnI_cleanup.1.T4.P,SeqCenter_2026-05-26_QUO1022807,B9,TFMN4.exp2.ACN3788.concY_largeLib_PCR_DpnI_cleanup.1,TFMN4,exp2,ACN3788,concY_largeLib_PCR_DpnI_cleanup,1,4,P,verABLib_large,A63,B150,A63-B150,23
TFMN4.exp2.ACN3788.concY_largeLib_PCR_DpnI_cleanup.1.T4.P,SeqCenter_2026-05-26_QUO1022807,B9,TFMN4.exp2.ACN3788.concY_largeLib_PCR_DpnI_cleanup.1,TFMN4,exp2,ACN3788,concY_largeLib_PCR_DpnI_cleanup,1,4,P,verABLib_large,A63,B171,A63-B171,20
TFMN4.exp2.ACN3788.concY_largeLib_PCR_DpnI_cleanup.1.T4.P,SeqCenter_2026-05-26_QUO1022807,B9,TFMN4.exp2.ACN3788.concY_largeLib_PCR_DpnI_cleanup.1,TFMN4,exp2,ACN3788,concY_largeLib_PCR_DpnI_cleanup,1,4,P,verABLib_large,A78,B145,A78-B145,113
TFMN4.exp2.ACN3788.concY_largeLib_PCR_DpnI_cleanup.1.T4.P,SeqCenter_2026-05-26_QUO1022807,B9,TFMN4.exp2.ACN3788.concY_largeLib_PCR_DpnI_cleanup.1,TFMN4,exp2,ACN3788,concY_largeLib_PCR_DpnI_cleanup,1,4,P,verABLib_large,A78,B81,A78-B81,1
TFMN4.exp2.ACN3788.concY_largeLib_PCR_DpnI_cleanup.2.T13.P,SeqCenter_2026-05-26_QUO1022807,C9,TFMN4.exp2.ACN3788.concY_largeLib_PCR_DpnI_cleanup.2,TFMN4,exp2,ACN3788,concY_largeLib_PCR_DpnI_cleanup,2,13,P,verABLib_large,A196,B151,A196-B151,14
TFMN4.exp2.ACN3788.concY_largeLib_PCR_DpnI_cleanup.2.T13.P,SeqCenter_2026-05-26_QUO1022807,C9,TFMN4.exp2.ACN3788.concY_largeLib_PCR_DpnI_cleanup.2,TFMN4,exp2,ACN3788,concY_largeLib_PCR_DpnI_cleanup,2,13,P,verABLib_large,A196,B38,A196-B38,4
TFMN4.exp2.ACN3788.concY_largeLib_PCR_DpnI_cleanup.2.T13.P,SeqCenter_2026-05-26_QUO1022807,C9,TFMN4.exp2.ACN3788.concY_largeLib_PCR_DpnI_cleanup.2,TFMN4,exp2,ACN3788,concY_largeLib_PCR_DpnI_cleanup,2,13,P,verABLib_large,A20,B6,A20-B6,4
TFMN4.exp2.ACN3788.concY_largeLib_PCR_DpnI_cleanup.2.T13.P,SeqCenter_2026-05-26_QUO1022807,C9,TFMN4.exp2.ACN3788.concY_largeLib_PCR_DpnI_cleanup.2,TFMN4,exp2,ACN3788,concY_largeLib_PCR_DpnI_cleanup,2,13,P,verABLib_large,A20,B84,A20-B84,1
TFMN4.exp2.ACN3788.concY_largeLib_PCR_DpnI_cleanup.2.T13.P,SeqCenter_2026-05-26_QUO1022807,C9,TFMN4.exp2.ACN3788.concY_largeLib_PCR_DpnI_cleanup.2,TFMN4,exp2,ACN3788,concY_largeLib_PCR_DpnI_cleanup,2,13,P,verABLib_large,A81,B130,A81-B130,1
TFMN4.exp2.ACN3788.concY_largeLib_PCR_DpnI_cleanup.2.T13.P,SeqCenter_2026-05-26_QUO1022807,C9,TFMN4.exp2.ACN3788.concY_largeLib_PCR_DpnI_cleanup.2,TFMN4,exp2,ACN3788,concY_largeLib_PCR_DpnI_cleanup,2,13,P,verABLib_large,A81,B2,A81-B2,46
TFMN4.exp2.ACN3788.concY_largeLib_PCR_DpnI_cleanup.2.T13.P,SeqCenter_2026-05-26_QUO1022807,C9,TFMN4.exp2.ACN3788.concY_largeLib_PCR_DpnI_cleanup.2,TFMN4,exp2,ACN3788,concY_largeLib_PCR_DpnI_cleanup,2,13,P,verABLib_large,A81,B84,A81-B84,3
TFMN4.exp2.ACN3788.concY_largeLib_PCR_DpnI_cleanup.2.T13.P,SeqCenter_2026-05-26_QUO1022807,C9,TFMN4.exp2.ACN3788.concY_largeLib_PCR_DpnI_cleanup.2,TFMN4,exp2,ACN3788,concY_largeLib_PCR_DpnI_cleanup,2,13,P,verABLib_large,A83,B40,A83-B40,123
TFMN4.exp2.ACN3788.concY_largeLib_PCR_DpnI_cleanup.2.T13.P,SeqCenter_2026-05-26_QUO1022807,C9,TFMN4.exp2.ACN3788.concY_largeLib_PCR_DpnI_cleanup.2,TFMN4,exp2,ACN3788,concY_largeLib_PCR_DpnI_cleanup,2,13,P,verABLib_large,A90,B26,A90-B26,7
TFMN4.exp2.ACN3788.concY_largeLib_PCR_DpnI_cleanup.2.T13.P,SeqCenter_2026-05-26_QUO1022807,C9,TFMN4.exp2.ACN3788.concY_largeLib_PCR_DpnI_cleanup.2,TFMN4,exp2,ACN3788,concY_largeLib_PCR_DpnI_cleanup,2,13,P,verABLib_large,A90,B3,A90-B3,7
TFMN4.exp2.ACN3788.concY_largeLib_PCR_DpnI_cleanup.2.T3.P,SeqCenter_2026-05-26_QUO1022807,C9,TFMN4.exp2.ACN3788.concY_largeLib_PCR_DpnI_cleanup.2,TFMN4,exp2,ACN3788,concY_largeLib_PCR_DpnI_cleanup,2,3,P,verABLib_large,A143,B13,A143-B13,2
TFMN4.exp2.ACN3788.concY_largeLib_PCR_DpnI_cleanup.2.T3.P,SeqCenter_2026-05-26_QUO1022807,C9,TFMN4.exp2.ACN3788.concY_largeLib_PCR_DpnI_cleanup.2,TFMN4,exp2,ACN3788,concY_largeLib_PCR_DpnI_cleanup,2,3,P,verABLib_large,A143,B137,A143-B137,2
TFMN4.exp2.ACN3788.concY_largeLib_PCR_DpnI_cleanup.2.T3.P,SeqCenter_2026-05-26_QUO1022807,C9,TFMN4.exp2.ACN3788.concY_largeLib_PCR_DpnI_cleanup.2,TFMN4,exp2,ACN3788,concY_largeLib_PCR_DpnI_cleanup,2,3,P,verABLib_large,A152,B47,A152-B47,2
TFMN4.exp2.ACN3788.concY_largeLib_PCR_DpnI_cleanup.2.T3.P,SeqCenter_2026-05-26_QUO1022807,C9,TFMN4.exp2.ACN3788.concY_largeLib_PCR_DpnI_cleanup.2,TFMN4,exp2,ACN3788,concY_largeLib_PCR_DpnI_cleanup,2,3,P,verABLib_large,A16,B140,A16-B140,1
TFMN4.exp2.ACN3788.concY_largeLib_PCR_DpnI_cleanup.2.T3.P,SeqCenter_2026-05-26_QUO1022807,C9,TFMN4.exp2.ACN3788.concY_largeLib_PCR_DpnI_cleanup.2,TFMN4,exp2,ACN3788,concY_largeLib_PCR_DpnI_cleanup,2,3,P,verABLib_large,A16,B145,A16-B145,4
TFMN4.exp2.ACN3788.concY_largeLib_PCR_DpnI_cleanup.2.T3.P,SeqCenter_2026-05-26_QUO1022807,C9,TFMN4.exp2.ACN3788.concY_largeLib_PCR_DpnI_cleanup.2,TFMN4,exp2,ACN3788,concY_largeLib_PCR_DpnI_cleanup,2,3,P,verABLib_large,A186,B117,A186-B117,1
TFMN4.exp2.ACN3788.concY_largeLib_PCR_DpnI_cleanup.2.T3.P,SeqCenter_2026-05-26_QUO1022807,C9,TFMN4.exp2.ACN3788.concY_largeLib_PCR_DpnI_cleanup.2,TFMN4,exp2,ACN3788,concY_largeLib_PCR_DpnI_cleanup,2,3,P,verABLib_large,A186,B63,A186-B63,1
TFMN4.exp2.ACN3788.concY_largeLib_PCR_DpnI_cleanup.2.T3.P,SeqCenter_2026-05-26_QUO1022807,C9,TFMN4.exp2.ACN3788.concY_largeLib_PCR_DpnI_cleanup.2,TFMN4,exp2,ACN3788,concY_largeLib_PCR_DpnI_cleanup,2,3,P,verABLib_large,A186,B70,A186-B70,4
TFMN4.exp2.ACN3788.concY_largeLib_PCR_DpnI_cleanup.2.T3.P,SeqCenter_2026-05-26_QUO1022807,C9,TFMN4.exp2.ACN3788.concY_largeLib_PCR_DpnI_cleanup.2,TFMN4,exp2,ACN3788,concY_largeLib_PCR_DpnI_cleanup,2,3,P,verABLib_large,A186,B84,A186-B84,2
TFMN4.exp2.ACN3788.concY_largeLib_PCR_DpnI_cleanup.2.T3.P,SeqCenter_2026-05-26_QUO1022807,C9,TFMN4.exp2.ACN3788.concY_largeLib_PCR_DpnI_cleanup.2,TFMN4,exp2,ACN3788,concY_largeLib_PCR_DpnI_cleanup,2,3,P,verABLib_large,A196,B119,A196-B119,2
TFMN4.exp2.ACN3788.concY_largeLib_PCR_DpnI_cleanup.2.T3.P,SeqCenter_2026-05-26_QUO1022807,C9,TFMN4.exp2.ACN3788.concY_largeLib_PCR_DpnI_cleanup.2,TFMN4,exp2,ACN3788,concY_largeLib_PCR_DpnI_cleanup,2,3,P,verABLib_large,A196,B15,A196-B15,1
TFMN4.exp2.ACN3788.concY_largeLib_PCR_DpnI_cleanup.2.T3.P,SeqCenter_2026-05-26_QUO1022807,C9,TFMN4.exp2.ACN3788.concY_largeLib_PCR_DpnI_cleanup.2,TFMN4,exp2,ACN3788,concY_largeLib_PCR_DpnI_cleanup,2,3,P,verABLib_large,A196,B151,A196-B151,19
TFMN4.exp2.ACN3788.concY_largeLib_PCR_DpnI_cleanup.2.T3.P,SeqCenter_2026-05-26_QUO1022807,C9,TFMN4.exp2.ACN3788.concY_largeLib_PCR_DpnI_cleanup.2,TFMN4,exp2,ACN3788,concY_largeLib_PCR_DpnI_cleanup,2,3,P,verABLib_large,A196,B38,A196-B38,8
TFMN4.exp2.ACN3788.concY_largeLib_PCR_DpnI_cleanup.2.T3.P,SeqCenter_2026-05-26_QUO1022807,C9,TFMN4.exp2.ACN3788.concY_largeLib_PCR_DpnI_cleanup.2,TFMN4,exp2,ACN3788,concY_largeLib_PCR_DpnI_cleanup,2,3,P,verABLib_large,A196,B52,A196-B52,3
TFMN4.exp2.ACN3788.concY_largeLib_PCR_DpnI_cleanup.2.T3.P,SeqCenter_2026-05-26_QUO1022807,C9,TFMN4.exp2.ACN3788.concY_largeLib_PCR_DpnI_cleanup.2,TFMN4,exp2,ACN3788,concY_largeLib_PCR_DpnI_cleanup,2,3,P,verABLib_large,A196,B84,A196-B84,11
TFMN4.exp2.ACN3788.concY_largeLib_PCR_DpnI_cleanup.2.T3.P,SeqCenter_2026-05-26_QUO1022807,C9,TFMN4.exp2.ACN3788.concY_largeLib_PCR_DpnI_cleanup.2,TFMN4,exp2,ACN3788,concY_largeLib_PCR_DpnI_cleanup,2,3,P,verABLib_large,A20,B126,A20-B126,1
TFMN4.exp2.ACN3788.concY_largeLib_PCR_DpnI_cleanup.2.T3.P,SeqCenter_2026-05-26_QUO1022807,C9,TFMN4.exp2.ACN3788.concY_largeLib_PCR_DpnI_cleanup.2,TFMN4,exp2,ACN3788,concY_largeLib_PCR_DpnI_cleanup,2,3,P,verABLib_large,A20,B13,A20-B13,2
TFMN4.exp2.ACN3788.concY_largeLib_PCR_DpnI_cleanup.2.T3.P,SeqCenter_2026-05-26_QUO1022807,C9,TFMN4.exp2.ACN3788.concY_largeLib_PCR_DpnI_cleanup.2,TFMN4,exp2,ACN3788,concY_largeLib_PCR_DpnI_cleanup,2,3,P,verABLib_large,A20,B6,A20-B6,21
TFMN4.exp2.ACN3788.concY_largeLib_PCR_DpnI_cleanup.2.T3.P,SeqCenter_2026-05-26_QUO1022807,C9,TFMN4.exp2.ACN3788.concY_largeLib_PCR_DpnI_cleanup.2,TFMN4,exp2,ACN3788,concY_largeLib_PCR_DpnI_cleanup,2,3,P,verABLib_large,A20,B84,A20-B84,10
TFMN4.exp2.ACN3788.concY_largeLib_PCR_DpnI_cleanup.2.T3.P,SeqCenter_2026-05-26_QUO1022807,C9,TFMN4.exp2.ACN3788.concY_largeLib_PCR_DpnI_cleanup.2,TFMN4,exp2,ACN3788,concY_largeLib_PCR_DpnI_cleanup,2,3,P,verABLib_large,A63,B103,A63-B103,1
TFMN4.exp2.ACN3788.concY_largeLib_PCR_DpnI_cleanup.2.T3.P,SeqCenter_2026-05-26_QUO1022807,C9,TFMN4.exp2.ACN3788.concY_largeLib_PCR_DpnI_cleanup.2,TFMN4,exp2,ACN3788,concY_largeLib_PCR_DpnI_cleanup,2,3,P,verABLib_large,A63,B75,A63-B75,1
TFMN4.exp2.ACN3788.concY_largeLib_PCR_DpnI_cleanup.2.T3.P,SeqCenter_2026-05-26_QUO1022807,C9,TFMN4.exp2.ACN3788.concY_largeLib_PCR_DpnI_cleanup.2,TFMN4,exp2,ACN3788,concY_largeLib_PCR_DpnI_cleanup,2,3,P,verABLib_large,A63,B79,A63-B79,3
TFMN4.exp2.ACN3788.concY_largeLib_PCR_DpnI_cleanup.2.T3.P,SeqCenter_2026-05-26_QUO1022807,C9,TFMN4.exp2.ACN3788.concY_largeLib_PCR_DpnI_cleanup.2,TFMN4,exp2,ACN3788,concY_largeLib_PCR_DpnI_cleanup,2,3,P,verABLib_large,A78,B101,A78-B101,4
TFMN4.exp2.ACN3788.concY_largeLib_PCR_DpnI_cleanup.2.T3.P,SeqCenter_2026-05-26_QUO1022807,C9,TFMN4.exp2.ACN3788.concY_largeLib_PCR_DpnI_cleanup.2,TFMN4,exp2,ACN3788,concY_largeLib_PCR_DpnI_cleanup,2,3,P,verABLib_large,A78,B130,A78-B130,1
TFMN4.exp2.ACN3788.concY_largeLib_PCR_DpnI_cleanup.2.T3.P,SeqCenter_2026-05-26_QUO1022807,C9,TFMN4.exp2.ACN3788.concY_largeLib_PCR_DpnI_cleanup.2,TFMN4,exp2,ACN3788,concY_largeLib_PCR_DpnI_cleanup,2,3,P,verABLib_large,A78,B75,A78-B75,2
TFMN4.exp2.ACN3788.concY_largeLib_PCR_DpnI_cleanup.2.T3.P,SeqCenter_2026-05-26_QUO1022807,C9,TFMN4.exp2.ACN3788.concY_largeLib_PCR_DpnI_cleanup.2,TFMN4,exp2,ACN3788,concY_largeLib_PCR_DpnI_cleanup,2,3,P,verABLib_large,A81,B145,A81-B145,5
TFMN4.exp2.ACN3788.concY_largeLib_PCR_DpnI_cleanup.2.T3.P,SeqCenter_2026-05-26_QUO1022807,C9,TFMN4.exp2.ACN3788.concY_largeLib_PCR_DpnI_cleanup.2,TFMN4,exp2,ACN3788,concY_largeLib_PCR_DpnI_cleanup,2,3,P,verABLib_large,A81,B2,A81-B2,3
TFMN4.exp2.ACN3788.concY_largeLib_PCR_DpnI_cleanup.2.T3.P,SeqCenter_2026-05-26_QUO1022807,C9,TFMN4.exp2.ACN3788.concY_largeLib_PCR_DpnI_cleanup.2,TFMN4,exp2,ACN3788,concY_largeLib_PCR_DpnI_cleanup,2,3,P,verABLib_large,A81,B87,A81-B87,3
TFMN4.exp2.ACN3788.concY_largeLib_PCR_DpnI_cleanup.2.T3.P,SeqCenter_2026-05-26_QUO1022807,C9,TFMN4.exp2.ACN3788.concY_largeLib_PCR_DpnI_cleanup.2,TFMN4,exp2,ACN3788,concY_largeLib_PCR_DpnI_cleanup,2,3,P,verABLib_large,A83,B40,A83-B40,1
TFMN4.exp2.ACN3788.concY_largeLib_PCR_DpnI_cleanup.2.T3.P,SeqCenter_2026-05-26_QUO1022807,C9,TFMN4.exp2.ACN3788.concY_largeLib_PCR_DpnI_cleanup.2,TFMN4,exp2,ACN3788,concY_largeLib_PCR_DpnI_cleanup,2,3,P,verABLib_large,A90,B155,A90-B155,1
TFMN4.exp2.ACN3788.concY_largeLib_PCR_DpnI_cleanup.2.T3.P,SeqCenter_2026-05-26_QUO1022807,C9,TFMN4.exp2.ACN3788.concY_largeLib_PCR_DpnI_cleanup.2,TFMN4,exp2,ACN3788,concY_largeLib_PCR_DpnI_cleanup,2,3,P,verABLib_large,A90,B26,A90-B26,2
TFMN4.exp2.ACN3788.concY_largeLib_PCR_DpnI_cleanup.2.T3.P,SeqCenter_2026-05-26_QUO1022807,C9,TFMN4.exp2.ACN3788.concY_largeLib_PCR_DpnI_cleanup.2,TFMN4,exp2,ACN3788,concY_largeLib_PCR_DpnI_cleanup,2,3,P,verABLib_large,A90,B52,A90-B52,2
TFMN4.exp2.ACN3788.concY_largeLib_PCR_DpnI_cleanup.2.T3.P,SeqCenter_2026-05-26_QUO1022807,C9,TFMN4.exp2.ACN3788.concY_largeLib_PCR_DpnI_cleanup.2,TFMN4,exp2,ACN3788,concY_largeLib_PCR_DpnI_cleanup,2,3,P,verABLib_large,A96,B79,A96-B79,6
TFMN4.exp2.ACN3788.concY_largeLib_PCR_DpnI_cleanup.2.T4.P,SeqCenter_2026-05-26_QUO1022807,C9,TFMN4.exp2.ACN3788.concY_largeLib_PCR_DpnI_cleanup.2,TFMN4,exp2,ACN3788,concY_largeLib_PCR_DpnI_cleanup,2,4,P,verABLib_large,A143,B13,A143-B13,2
TFMN4.exp2.ACN3788.concY_largeLib_PCR_DpnI_cleanup.2.T4.P,SeqCenter_2026-05-26_QUO1022807,C9,TFMN4.exp2.ACN3788.concY_largeLib_PCR_DpnI_cleanup.2,TFMN4,exp2,ACN3788,concY_largeLib_PCR_DpnI_cleanup,2,4,P,verABLib_large,A143,B137,A143-B137,5
TFMN4.exp2.ACN3788.concY_largeLib_PCR_DpnI_cleanup.2.T4.P,SeqCenter_2026-05-26_QUO1022807,C9,TFMN4.exp2.ACN3788.concY_largeLib_PCR_DpnI_cleanup.2,TFMN4,exp2,ACN3788,concY_largeLib_PCR_DpnI_cleanup,2,4,P,verABLib_large,A152,B47,A152-B47,2
TFMN4.exp2.ACN3788.concY_largeLib_PCR_DpnI_cleanup.2.T4.P,SeqCenter_2026-05-26_QUO1022807,C9,TFMN4.exp2.ACN3788.concY_largeLib_PCR_DpnI_cleanup.2,TFMN4,exp2,ACN3788,concY_largeLib_PCR_DpnI_cleanup,2,4,P,verABLib_large,A153,B26,A153-B26,1
TFMN4.exp2.ACN3788.concY_largeLib_PCR_DpnI_cleanup.2.T4.P,SeqCenter_2026-05-26_QUO1022807,C9,TFMN4.exp2.ACN3788.concY_largeLib_PCR_DpnI_cleanup.2,TFMN4,exp2,ACN3788,concY_largeLib_PCR_DpnI_cleanup,2,4,P,verABLib_large,A16,B117,A16-B117,1
TFMN4.exp2.ACN3788.concY_largeLib_PCR_DpnI_cleanup.2.T4.P,SeqCenter_2026-05-26_QUO1022807,C9,TFMN4.exp2.ACN3788.concY_largeLib_PCR_DpnI_cleanup.2,TFMN4,exp2,ACN3788,concY_largeLib_PCR_DpnI_cleanup,2,4,P,verABLib_large,A16,B140,A16-B140,1
TFMN4.exp2.ACN3788.concY_largeLib_PCR_DpnI_cleanup.2.T4.P,SeqCenter_2026-05-26_QUO1022807,C9,TFMN4.exp2.ACN3788.concY_largeLib_PCR_DpnI_cleanup.2,TFMN4,exp2,ACN3788,concY_largeLib_PCR_DpnI_cleanup,2,4,P,verABLib_large,A16,B145,A16-B145,8
TFMN4.exp2.ACN3788.concY_largeLib_PCR_DpnI_cleanup.2.T4.P,SeqCenter_2026-05-26_QUO1022807,C9,TFMN4.exp2.ACN3788.concY_largeLib_PCR_DpnI_cleanup.2,TFMN4,exp2,ACN3788,concY_largeLib_PCR_DpnI_cleanup,2,4,P,verABLib_large,A176,B103,A176-B103,1
TFMN4.exp2.ACN3788.concY_largeLib_PCR_DpnI_cleanup.2.T4.P,SeqCenter_2026-05-26_QUO1022807,C9,TFMN4.exp2.ACN3788.concY_largeLib_PCR_DpnI_cleanup.2,TFMN4,exp2,ACN3788,concY_largeLib_PCR_DpnI_cleanup,2,4,P,verABLib_large,A176,B138,A176-B138,1
TFMN4.exp2.ACN3788.concY_largeLib_PCR_DpnI_cleanup.2.T4.P,SeqCenter_2026-05-26_QUO1022807,C9,TFMN4.exp2.ACN3788.concY_largeLib_PCR_DpnI_cleanup.2,TFMN4,exp2,ACN3788,concY_largeLib_PCR_DpnI_cleanup,2,4,P,verABLib_large,A186,B117,A186-B117,1
TFMN4.exp2.ACN3788.concY_largeLib_PCR_DpnI_cleanup.2.T4.P,SeqCenter_2026-05-26_QUO1022807,C9,TFMN4.exp2.ACN3788.concY_largeLib_PCR_DpnI_cleanup.2,TFMN4,exp2,ACN3788,concY_largeLib_PCR_DpnI_cleanup,2,4,P,verABLib_large,A186,B145,A186-B145,1
TFMN4.exp2.ACN3788.concY_largeLib_PCR_DpnI_cleanup.2.T4.P,SeqCenter_2026-05-26_QUO1022807,C9,TFMN4.exp2.ACN3788.concY_largeLib_PCR_DpnI_cleanup.2,TFMN4,exp2,ACN3788,concY_largeLib_PCR_DpnI_cleanup,2,4,P,verABLib_large,A186,B84,A186-B84,1
TFMN4.exp2.ACN3788.concY_largeLib_PCR_DpnI_cleanup.2.T4.P,SeqCenter_2026-05-26_QUO1022807,C9,TFMN4.exp2.ACN3788.concY_largeLib_PCR_DpnI_cleanup.2,TFMN4,exp2,ACN3788,concY_largeLib_PCR_DpnI_cleanup,2,4,P,verABLib_large,A196,B119,A196-B119,7
TFMN4.exp2.ACN3788.concY_largeLib_PCR_DpnI_cleanup.2.T4.P,SeqCenter_2026-05-26_QUO1022807,C9,TFMN4.exp2.ACN3788.concY_largeLib_PCR_DpnI_cleanup.2,TFMN4,exp2,ACN3788,concY_largeLib_PCR_DpnI_cleanup,2,4,P,verABLib_large,A196,B15,A196-B15,9
TFMN4.exp2.ACN3788.concY_largeLib_PCR_DpnI_cleanup.2.T4.P,SeqCenter_2026-05-26_QUO1022807,C9,TFMN4.exp2.ACN3788.concY_largeLib_PCR_DpnI_cleanup.2,TFMN4,exp2,ACN3788,concY_largeLib_PCR_DpnI_cleanup,2,4,P,verABLib_large,A196,B151,A196-B151,39
TFMN4.exp2.ACN3788.concY_largeLib_PCR_DpnI_cleanup.2.T4.P,SeqCenter_2026-05-26_QUO1022807,C9,TFMN4.exp2.ACN3788.concY_largeLib_PCR_DpnI_cleanup.2,TFMN4,exp2,ACN3788,concY_largeLib_PCR_DpnI_cleanup,2,4,P,verABLib_large,A196,B38,A196-B38,13
TFMN4.exp2.ACN3788.concY_largeLib_PCR_DpnI_cleanup.2.T4.P,SeqCenter_2026-05-26_QUO1022807,C9,TFMN4.exp2.ACN3788.concY_largeLib_PCR_DpnI_cleanup.2,TFMN4,exp2,ACN3788,concY_largeLib_PCR_DpnI_cleanup,2,4,P,verABLib_large,A196,B46,A196-B46,6
TFMN4.exp2.ACN3788.concY_largeLib_PCR_DpnI_cleanup.2.T4.P,SeqCenter_2026-05-26_QUO1022807,C9,TFMN4.exp2.ACN3788.concY_largeLib_PCR_DpnI_cleanup.2,TFMN4,exp2,ACN3788,concY_largeLib_PCR_DpnI_cleanup,2,4,P,verABLib_large,A196,B52,A196-B52,3
TFMN4.exp2.ACN3788.concY_largeLib_PCR_DpnI_cleanup.2.T4.P,SeqCenter_2026-05-26_QUO1022807,C9,TFMN4.exp2.ACN3788.concY_largeLib_PCR_DpnI_cleanup.2,TFMN4,exp2,ACN3788,concY_largeLib_PCR_DpnI_cleanup,2,4,P,verABLib_large,A196,B84,A196-B84,31
TFMN4.exp2.ACN3788.concY_largeLib_PCR_DpnI_cleanup.2.T4.P,SeqCenter_2026-05-26_QUO1022807,C9,TFMN4.exp2.ACN3788.concY_largeLib_PCR_DpnI_cleanup.2,TFMN4,exp2,ACN3788,concY_largeLib_PCR_DpnI_cleanup,2,4,P,verABLib_large,A20,B126,A20-B126,10
TFMN4.exp2.ACN3788.concY_largeLib_PCR_DpnI_cleanup.2.T4.P,SeqCenter_2026-05-26_QUO1022807,C9,TFMN4.exp2.ACN3788.concY_largeLib_PCR_DpnI_cleanup.2,TFMN4,exp2,ACN3788,concY_largeLib_PCR_DpnI_cleanup,2,4,P,verABLib_large,A20,B6,A20-B6,10
TFMN4.exp2.ACN3788.concY_largeLib_PCR_DpnI_cleanup.2.T4.P,SeqCenter_2026-05-26_QUO1022807,C9,TFMN4.exp2.ACN3788.concY_largeLib_PCR_DpnI_cleanup.2,TFMN4,exp2,ACN3788,concY_largeLib_PCR_DpnI_cleanup,2,4,P,verABLib_large,A20,B84,A20-B84,4
TFMN4.exp2.ACN3788.concY_largeLib_PCR_DpnI_cleanup.2.T4.P,SeqCenter_2026-05-26_QUO1022807,C9,TFMN4.exp2.ACN3788.concY_largeLib_PCR_DpnI_cleanup.2,TFMN4,exp2,ACN3788,concY_largeLib_PCR_DpnI_cleanup,2,4,P,verABLib_large,A63,B117,A63-B117,2
TFMN4.exp2.ACN3788.concY_largeLib_PCR_DpnI_cleanup.2.T4.P,SeqCenter_2026-05-26_QUO1022807,C9,TFMN4.exp2.ACN3788.concY_largeLib_PCR_DpnI_cleanup.2,TFMN4,exp2,ACN3788,concY_largeLib_PCR_DpnI_cleanup,2,4,P,verABLib_large,A63,B79,A63-B79,3
TFMN4.exp2.ACN3788.concY_largeLib_PCR_DpnI_cleanup.2.T4.P,SeqCenter_2026-05-26_QUO1022807,C9,TFMN4.exp2.ACN3788.concY_largeLib_PCR_DpnI_cleanup.2,TFMN4,exp2,ACN3788,concY_largeLib_PCR_DpnI_cleanup,2,4,P,verABLib_large,A78,B101,A78-B101,1
TFMN4.exp2.ACN3788.concY_largeLib_PCR_DpnI_cleanup.2.T4.P,SeqCenter_2026-05-26_QUO1022807,C9,TFMN4.exp2.ACN3788.concY_largeLib_PCR_DpnI_cleanup.2,TFMN4,exp2,ACN3788,concY_largeLib_PCR_DpnI_cleanup,2,4,P,verABLib_large,A78,B75,A78-B75,1
TFMN4.exp2.ACN3788.concY_largeLib_PCR_DpnI_cleanup.2.T4.P,SeqCenter_2026-05-26_QUO1022807,C9,TFMN4.exp2.ACN3788.concY_largeLib_PCR_DpnI_cleanup.2,TFMN4,exp2,ACN3788,concY_largeLib_PCR_DpnI_cleanup,2,4,P,verABLib_large,A81,B145,A81-B145,2
TFMN4.exp2.ACN3788.concY_largeLib_PCR_DpnI_cleanup.2.T4.P,SeqCenter_2026-05-26_QUO1022807,C9,TFMN4.exp2.ACN3788.concY_largeLib_PCR_DpnI_cleanup.2,TFMN4,exp2,ACN3788,concY_largeLib_PCR_DpnI_cleanup,2,4,P,verABLib_large,A81,B2,A81-B2,15
TFMN4.exp2.ACN3788.concY_largeLib_PCR_DpnI_cleanup.2.T4.P,SeqCenter_2026-05-26_QUO1022807,C9,TFMN4.exp2.ACN3788.concY_largeLib_PCR_DpnI_cleanup.2,TFMN4,exp2,ACN3788,concY_largeLib_PCR_DpnI_cleanup,2,4,P,verABLib_large,A81,B87,A81-B87,6
TFMN4.exp2.ACN3788.concY_largeLib_PCR_DpnI_cleanup.2.T4.P,SeqCenter_2026-05-26_QUO1022807,C9,TFMN4.exp2.ACN3788.concY_largeLib_PCR_DpnI_cleanup.2,TFMN4,exp2,ACN3788,concY_largeLib_PCR_DpnI_cleanup,2,4,P,verABLib_large,A83,B40,A83-B40,2
TFMN4.exp2.ACN3788.concY_largeLib_PCR_DpnI_cleanup.2.T4.P,SeqCenter_2026-05-26_QUO1022807,C9,TFMN4.exp2.ACN3788.concY_largeLib_PCR_DpnI_cleanup.2,TFMN4,exp2,ACN3788,concY_largeLib_PCR_DpnI_cleanup,2,4,P,verABLib_large,A90,B18,A90-B18,2
TFMN4.exp2.ACN3788.concY_largeLib_PCR_DpnI_cleanup.2.T4.P,SeqCenter_2026-05-26_QUO1022807,C9,TFMN4.exp2.ACN3788.concY_largeLib_PCR_DpnI_cleanup.2,TFMN4,exp2,ACN3788,concY_largeLib_PCR_DpnI_cleanup,2,4,P,verABLib_large,A90,B3,A90-B3,2
TFMN4.exp2.ACN3788.concY_largeLib_PCR_DpnI_cleanup.2.T4.P,SeqCenter_2026-05-26_QUO1022807,C9,TFMN4.exp2.ACN3788.concY_largeLib_PCR_DpnI_cleanup.2,TFMN4,exp2,ACN3788,concY_largeLib_PCR_DpnI_cleanup,2,4,P,verABLib_large,A90,B38,A90-B38,1
TFMN4.exp2.ACN3788.concY_largeLib_PCR_DpnI_cleanup.2.T4.P,SeqCenter_2026-05-26_QUO1022807,C9,TFMN4.exp2.ACN3788.concY_largeLib_PCR_DpnI_cleanup.2,TFMN4,exp2,ACN3788,concY_largeLib_PCR_DpnI_cleanup,2,4,P,verABLib_large,A96,B79,A96-B79,1
TFMN4.exp2.ACN3788.concY_largeLib_PCR_DpnI_cleanup.2.T6.P,SeqCenter_2026-05-26_QUO1022807,C9,TFMN4.exp2.ACN3788.concY_largeLib_PCR_DpnI_cleanup.2,TFMN4,exp2,ACN3788,concY_largeLib_PCR_DpnI_cleanup,2,6,P,verABLib_large,A143,B137,A143-B137,6
TFMN4.exp2.ACN3788.concY_largeLib_PCR_DpnI_cleanup.2.T6.P,SeqCenter_2026-05-26_QUO1022807,C9,TFMN4.exp2.ACN3788.concY_largeLib_PCR_DpnI_cleanup.2,TFMN4,exp2,ACN3788,concY_largeLib_PCR_DpnI_cleanup,2,6,P,verABLib_large,A152,B47,A152-B47,1
TFMN4.exp2.ACN3788.concY_largeLib_PCR_DpnI_cleanup.2.T6.P,SeqCenter_2026-05-26_QUO1022807,C9,TFMN4.exp2.ACN3788.concY_largeLib_PCR_DpnI_cleanup.2,TFMN4,exp2,ACN3788,concY_largeLib_PCR_DpnI_cleanup,2,6,P,verABLib_large,A16,B117,A16-B117,1
TFMN4.exp2.ACN3788.concY_largeLib_PCR_DpnI_cleanup.2.T6.P,SeqCenter_2026-05-26_QUO1022807,C9,TFMN4.exp2.ACN3788.concY_largeLib_PCR_DpnI_cleanup.2,TFMN4,exp2,ACN3788,concY_largeLib_PCR_DpnI_cleanup,2,6,P,verABLib_large,A16,B140,A16-B140,1
TFMN4.exp2.ACN3788.concY_largeLib_PCR_DpnI_cleanup.2.T6.P,SeqCenter_2026-05-26_QUO1022807,C9,TFMN4.exp2.ACN3788.concY_largeLib_PCR_DpnI_cleanup.2,TFMN4,exp2,ACN3788,concY_largeLib_PCR_DpnI_cleanup,2,6,P,verABLib_large,A16,B145,A16-B145,3
TFMN4.exp2.ACN3788.concY_largeLib_PCR_DpnI_cleanup.2.T6.P,SeqCenter_2026-05-26_QUO1022807,C9,TFMN4.exp2.ACN3788.concY_largeLib_PCR_DpnI_cleanup.2,TFMN4,exp2,ACN3788,concY_largeLib_PCR_DpnI_cleanup,2,6,P,verABLib_large,A186,B117,A186-B117,2
TFMN4.exp2.ACN3788.concY_largeLib_PCR_DpnI_cleanup.2.T6.P,SeqCenter_2026-05-26_QUO1022807,C9,TFMN4.exp2.ACN3788.concY_largeLib_PCR_DpnI_cleanup.2,TFMN4,exp2,ACN3788,concY_largeLib_PCR_DpnI_cleanup,2,6,P,verABLib_large,A186,B62,A186-B62,1
TFMN4.exp2.ACN3788.concY_largeLib_PCR_DpnI_cleanup.2.T6.P,SeqCenter_2026-05-26_QUO1022807,C9,TFMN4.exp2.ACN3788.concY_largeLib_PCR_DpnI_cleanup.2,TFMN4,exp2,ACN3788,concY_largeLib_PCR_DpnI_cleanup,2,6,P,verABLib_large,A196,B119,A196-B119,13
TFMN4.exp2.ACN3788.concY_largeLib_PCR_DpnI_cleanup.2.T6.P,SeqCenter_2026-05-26_QUO1022807,C9,TFMN4.exp2.ACN3788.concY_largeLib_PCR_DpnI_cleanup.2,TFMN4,exp2,ACN3788,concY_largeLib_PCR_DpnI_cleanup,2,6,P,verABLib_large,A196,B15,A196-B15,1
TFMN4.exp2.ACN3788.concY_largeLib_PCR_DpnI_cleanup.2.T6.P,SeqCenter_2026-05-26_QUO1022807,C9,TFMN4.exp2.ACN3788.concY_largeLib_PCR_DpnI_cleanup.2,TFMN4,exp2,ACN3788,concY_largeLib_PCR_DpnI_cleanup,2,6,P,verABLib_large,A196,B151,A196-B151,68
TFMN4.exp2.ACN3788.concY_largeLib_PCR_DpnI_cleanup.2.T6.P,SeqCenter_2026-05-26_QUO1022807,C9,TFMN4.exp2.ACN3788.concY_largeLib_PCR_DpnI_cleanup.2,TFMN4,exp2,ACN3788,concY_largeLib_PCR_DpnI_cleanup,2,6,P,verABLib_large,A196,B38,A196-B38,11
TFMN4.exp2.ACN3788.concY_largeLib_PCR_DpnI_cleanup.2.T6.P,SeqCenter_2026-05-26_QUO1022807,C9,TFMN4.exp2.ACN3788.concY_largeLib_PCR_DpnI_cleanup.2,TFMN4,exp2,ACN3788,concY_largeLib_PCR_DpnI_cleanup,2,6,P,verABLib_large,A196,B40,A196-B40,1
TFMN4.exp2.ACN3788.concY_largeLib_PCR_DpnI_cleanup.2.T6.P,SeqCenter_2026-05-26_QUO1022807,C9,TFMN4.exp2.ACN3788.concY_largeLib_PCR_DpnI_cleanup.2,TFMN4,exp2,ACN3788,concY_largeLib_PCR_DpnI_cleanup,2,6,P,verABLib_large,A196,B46,A196-B46,3
TFMN4.exp2.ACN3788.concY_largeLib_PCR_DpnI_cleanup.2.T6.P,SeqCenter_2026-05-26_QUO1022807,C9,TFMN4.exp2.ACN3788.concY_largeLib_PCR_DpnI_cleanup.2,TFMN4,exp2,ACN3788,concY_largeLib_PCR_DpnI_cleanup,2,6,P,verABLib_large,A196,B52,A196-B52,5
TFMN4.exp2.ACN3788.concY_largeLib_PCR_DpnI_cleanup.2.T6.P,SeqCenter_2026-05-26_QUO1022807,C9,TFMN4.exp2.ACN3788.concY_largeLib_PCR_DpnI_cleanup.2,TFMN4,exp2,ACN3788,concY_largeLib_PCR_DpnI_cleanup,2,6,P,verABLib_large,A196,B84,A196-B84,19
TFMN4.exp2.ACN3788.concY_largeLib_PCR_DpnI_cleanup.2.T6.P,SeqCenter_2026-05-26_QUO1022807,C9,TFMN4.exp2.ACN3788.concY_largeLib_PCR_DpnI_cleanup.2,TFMN4,exp2,ACN3788,concY_largeLib_PCR_DpnI_cleanup,2,6,P,verABLib_large,A20,B126,A20-B126,6
TFMN4.exp2.ACN3788.concY_largeLib_PCR_DpnI_cleanup.2.T6.P,SeqCenter_2026-05-26_QUO1022807,C9,TFMN4.exp2.ACN3788.concY_largeLib_PCR_DpnI_cleanup.2,TFMN4,exp2,ACN3788,concY_largeLib_PCR_DpnI_cleanup,2,6,P,verABLib_large,A20,B6,A20-B6,12
TFMN4.exp2.ACN3788.concY_largeLib_PCR_DpnI_cleanup.2.T6.P,SeqCenter_2026-05-26_QUO1022807,C9,TFMN4.exp2.ACN3788.concY_largeLib_PCR_DpnI_cleanup.2,TFMN4,exp2,ACN3788,concY_largeLib_PCR_DpnI_cleanup,2,6,P,verABLib_large,A20,B84,A20-B84,8
TFMN4.exp2.ACN3788.concY_largeLib_PCR_DpnI_cleanup.2.T6.P,SeqCenter_2026-05-26_QUO1022807,C9,TFMN4.exp2.ACN3788.concY_largeLib_PCR_DpnI_cleanup.2,TFMN4,exp2,ACN3788,concY_largeLib_PCR_DpnI_cleanup,2,6,P,verABLib_large,A63,B79,A63-B79,1
TFMN4.exp2.ACN3788.concY_largeLib_PCR_DpnI_cleanup.2.T6.P,SeqCenter_2026-05-26_QUO1022807,C9,TFMN4.exp2.ACN3788.concY_largeLib_PCR_DpnI_cleanup.2,TFMN4,exp2,ACN3788,concY_largeLib_PCR_DpnI_cleanup,2,6,P,verABLib_large,A78,B101,A78-B101,3
TFMN4.exp2.ACN3788.concY_largeLib_PCR_DpnI_cleanup.2.T6.P,SeqCenter_2026-05-26_QUO1022807,C9,TFMN4.exp2.ACN3788.concY_largeLib_PCR_DpnI_cleanup.2,TFMN4,exp2,ACN3788,concY_largeLib_PCR_DpnI_cleanup,2,6,P,verABLib_large,A78,B75,A78-B75,2
TFMN4.exp2.ACN3788.concY_largeLib_PCR_DpnI_cleanup.2.T6.P,SeqCenter_2026-05-26_QUO1022807,C9,TFMN4.exp2.ACN3788.concY_largeLib_PCR_DpnI_cleanup.2,TFMN4,exp2,ACN3788,concY_largeLib_PCR_DpnI_cleanup,2,6,P,verABLib_large,A81,B145,A81-B145,10
TFMN4.exp2.ACN3788.concY_largeLib_PCR_DpnI_cleanup.2.T6.P,SeqCenter_2026-05-26_QUO1022807,C9,TFMN4.exp2.ACN3788.concY_largeLib_PCR_DpnI_cleanup.2,TFMN4,exp2,ACN3788,concY_largeLib_PCR_DpnI_cleanup,2,6,P,verABLib_large,A81,B2,A81-B2,22
TFMN4.exp2.ACN3788.concY_largeLib_PCR_DpnI_cleanup.2.T6.P,SeqCenter_2026-05-26_QUO1022807,C9,TFMN4.exp2.ACN3788.concY_largeLib_PCR_DpnI_cleanup.2,TFMN4,exp2,ACN3788,concY_largeLib_PCR_DpnI_cleanup,2,6,P,verABLib_large,A81,B87,A81-B87,5
TFMN4.exp2.ACN3788.concY_largeLib_PCR_DpnI_cleanup.2.T6.P,SeqCenter_2026-05-26_QUO1022807,C9,TFMN4.exp2.ACN3788.concY_largeLib_PCR_DpnI_cleanup.2,TFMN4,exp2,ACN3788,concY_largeLib_PCR_DpnI_cleanup,2,6,P,verABLib_large,A83,B40,A83-B40,1
TFMN4.exp2.ACN3788.concY_largeLib_PCR_DpnI_cleanup.2.T6.P,SeqCenter_2026-05-26_QUO1022807,C9,TFMN4.exp2.ACN3788.concY_largeLib_PCR_DpnI_cleanup.2,TFMN4,exp2,ACN3788,concY_largeLib_PCR_DpnI_cleanup,2,6,P,verABLib_large,A90,B26,A90-B26,1
TFMN4.exp2.ACN3788.concY_largeLib_PCR_DpnI_cleanup.2.T6.P,SeqCenter_2026-05-26_QUO1022807,C9,TFMN4.exp2.ACN3788.concY_largeLib_PCR_DpnI_cleanup.2,TFMN4,exp2,ACN3788,concY_largeLib_PCR_DpnI_cleanup,2,6,P,verABLib_large,A90,B3,A90-B3,4
TFMN4.exp2.ACN3788.concY_largeLib_PCR_DpnI_cleanup.2.T6.P,SeqCenter_2026-05-26_QUO1022807,C9,TFMN4.exp2.ACN3788.concY_largeLib_PCR_DpnI_cleanup.2,TFMN4,exp2,ACN3788,concY_largeLib_PCR_DpnI_cleanup,2,6,P,verABLib_large,A90,B59,A90-B59,1
TFMN4.exp2.ACN3788.concY_largeLib_PCR_DpnI_cleanup.2.T6.P,SeqCenter_2026-05-26_QUO1022807,C9,TFMN4.exp2.ACN3788.concY_largeLib_PCR_DpnI_cleanup.2,TFMN4,exp2,ACN3788,concY_largeLib_PCR_DpnI_cleanup,2,6,P,verABLib_large,A96,B79,A96-B79,5
TFMN4.exp2.ACN3788.concY_largeLib_PCR_DpnI_cleanup.3.T13.P,SeqCenter_2026-05-26_QUO1022807,D9,TFMN4.exp2.ACN3788.concY_largeLib_PCR_DpnI_cleanup.3,TFMN4,exp2,ACN3788,concY_largeLib_PCR_DpnI_cleanup,3,13,P,verABLib_large,A153,B6,A153-B6,29
TFMN4.exp2.ACN3788.concY_largeLib_PCR_DpnI_cleanup.3.T13.P,SeqCenter_2026-05-26_QUO1022807,D9,TFMN4.exp2.ACN3788.concY_largeLib_PCR_DpnI_cleanup.3,TFMN4,exp2,ACN3788,concY_largeLib_PCR_DpnI_cleanup,3,13,P,verABLib_large,A16,B137,A16-B137,2
TFMN4.exp2.ACN3788.concY_largeLib_PCR_DpnI_cleanup.3.T13.P,SeqCenter_2026-05-26_QUO1022807,D9,TFMN4.exp2.ACN3788.concY_largeLib_PCR_DpnI_cleanup.3,TFMN4,exp2,ACN3788,concY_largeLib_PCR_DpnI_cleanup,3,13,P,verABLib_large,A186,B26,A186-B26,2
TFMN4.exp2.ACN3788.concY_largeLib_PCR_DpnI_cleanup.3.T13.P,SeqCenter_2026-05-26_QUO1022807,D9,TFMN4.exp2.ACN3788.concY_largeLib_PCR_DpnI_cleanup.3,TFMN4,exp2,ACN3788,concY_largeLib_PCR_DpnI_cleanup,3,13,P,verABLib_large,A186,B3,A186-B3,1
TFMN4.exp2.ACN3788.concY_largeLib_PCR_DpnI_cleanup.3.T13.P,SeqCenter_2026-05-26_QUO1022807,D9,TFMN4.exp2.ACN3788.concY_largeLib_PCR_DpnI_cleanup.3,TFMN4,exp2,ACN3788,concY_largeLib_PCR_DpnI_cleanup,3,13,P,verABLib_large,A196,B164,A196-B164,1
TFMN4.exp2.ACN3788.concY_largeLib_PCR_DpnI_cleanup.3.T13.P,SeqCenter_2026-05-26_QUO1022807,D9,TFMN4.exp2.ACN3788.concY_largeLib_PCR_DpnI_cleanup.3,TFMN4,exp2,ACN3788,concY_largeLib_PCR_DpnI_cleanup,3,13,P,verABLib_large,A196,B2,A196-B2,5
TFMN4.exp2.ACN3788.concY_largeLib_PCR_DpnI_cleanup.3.T13.P,SeqCenter_2026-05-26_QUO1022807,D9,TFMN4.exp2.ACN3788.concY_largeLib_PCR_DpnI_cleanup.3,TFMN4,exp2,ACN3788,concY_largeLib_PCR_DpnI_cleanup,3,13,P,verABLib_large,A196,B51,A196-B51,4
TFMN4.exp2.ACN3788.concY_largeLib_PCR_DpnI_cleanup.3.T13.P,SeqCenter_2026-05-26_QUO1022807,D9,TFMN4.exp2.ACN3788.concY_largeLib_PCR_DpnI_cleanup.3,TFMN4,exp2,ACN3788,concY_largeLib_PCR_DpnI_cleanup,3,13,P,verABLib_large,A196,B55,A196-B55,1
TFMN4.exp2.ACN3788.concY_largeLib_PCR_DpnI_cleanup.3.T13.P,SeqCenter_2026-05-26_QUO1022807,D9,TFMN4.exp2.ACN3788.concY_largeLib_PCR_DpnI_cleanup.3,TFMN4,exp2,ACN3788,concY_largeLib_PCR_DpnI_cleanup,3,13,P,verABLib_large,A196,B79,A196-B79,4
TFMN4.exp2.ACN3788.concY_largeLib_PCR_DpnI_cleanup.3.T13.P,SeqCenter_2026-05-26_QUO1022807,D9,TFMN4.exp2.ACN3788.concY_largeLib_PCR_DpnI_cleanup.3,TFMN4,exp2,ACN3788,concY_largeLib_PCR_DpnI_cleanup,3,13,P,verABLib_large,A196,B87,A196-B87,9
TFMN4.exp2.ACN3788.concY_largeLib_PCR_DpnI_cleanup.3.T13.P,SeqCenter_2026-05-26_QUO1022807,D9,TFMN4.exp2.ACN3788.concY_largeLib_PCR_DpnI_cleanup.3,TFMN4,exp2,ACN3788,concY_largeLib_PCR_DpnI_cleanup,3,13,P,verABLib_large,A20,B71,A20-B71,1
TFMN4.exp2.ACN3788.concY_largeLib_PCR_DpnI_cleanup.3.T13.P,SeqCenter_2026-05-26_QUO1022807,D9,TFMN4.exp2.ACN3788.concY_largeLib_PCR_DpnI_cleanup.3,TFMN4,exp2,ACN3788,concY_largeLib_PCR_DpnI_cleanup,3,13,P,verABLib_large,A21,B6,A21-B6,3
TFMN4.exp2.ACN3788.concY_largeLib_PCR_DpnI_cleanup.3.T13.P,SeqCenter_2026-05-26_QUO1022807,D9,TFMN4.exp2.ACN3788.concY_largeLib_PCR_DpnI_cleanup.3,TFMN4,exp2,ACN3788,concY_largeLib_PCR_DpnI_cleanup,3,13,P,verABLib_large,A63,B6,A63-B6,15
TFMN4.exp2.ACN3788.concY_largeLib_PCR_DpnI_cleanup.3.T13.P,SeqCenter_2026-05-26_QUO1022807,D9,TFMN4.exp2.ACN3788.concY_largeLib_PCR_DpnI_cleanup.3,TFMN4,exp2,ACN3788,concY_largeLib_PCR_DpnI_cleanup,3,13,P,verABLib_large,A78,B137,A78-B137,11
TFMN4.exp2.ACN3788.concY_largeLib_PCR_DpnI_cleanup.3.T13.P,SeqCenter_2026-05-26_QUO1022807,D9,TFMN4.exp2.ACN3788.concY_largeLib_PCR_DpnI_cleanup.3,TFMN4,exp2,ACN3788,concY_largeLib_PCR_DpnI_cleanup,3,13,P,verABLib_large,A78,B159,A78-B159,1
TFMN4.exp2.ACN3788.concY_largeLib_PCR_DpnI_cleanup.3.T13.P,SeqCenter_2026-05-26_QUO1022807,D9,TFMN4.exp2.ACN3788.concY_largeLib_PCR_DpnI_cleanup.3,TFMN4,exp2,ACN3788,concY_largeLib_PCR_DpnI_cleanup,3,13,P,verABLib_large,A81,B117,A81-B117,3
TFMN4.exp2.ACN3788.concY_largeLib_PCR_DpnI_cleanup.3.T13.P,SeqCenter_2026-05-26_QUO1022807,D9,TFMN4.exp2.ACN3788.concY_largeLib_PCR_DpnI_cleanup.3,TFMN4,exp2,ACN3788,concY_largeLib_PCR_DpnI_cleanup,3,13,P,verABLib_large,A81,B132,A81-B132,1
TFMN4.exp2.ACN3788.concY_largeLib_PCR_DpnI_cleanup.3.T13.P,SeqCenter_2026-05-26_QUO1022807,D9,TFMN4.exp2.ACN3788.concY_largeLib_PCR_DpnI_cleanup.3,TFMN4,exp2,ACN3788,concY_largeLib_PCR_DpnI_cleanup,3,13,P,verABLib_large,A81,B137,A81-B137,2
TFMN4.exp2.ACN3788.concY_largeLib_PCR_DpnI_cleanup.3.T13.P,SeqCenter_2026-05-26_QUO1022807,D9,TFMN4.exp2.ACN3788.concY_largeLib_PCR_DpnI_cleanup.3,TFMN4,exp2,ACN3788,concY_largeLib_PCR_DpnI_cleanup,3,13,P,verABLib_large,A81,B6,A81-B6,48
TFMN4.exp2.ACN3788.concY_largeLib_PCR_DpnI_cleanup.3.T13.P,SeqCenter_2026-05-26_QUO1022807,D9,TFMN4.exp2.ACN3788.concY_largeLib_PCR_DpnI_cleanup.3,TFMN4,exp2,ACN3788,concY_largeLib_PCR_DpnI_cleanup,3,13,P,verABLib_large,A83,B134,A83-B134,1
TFMN4.exp2.ACN3788.concY_largeLib_PCR_DpnI_cleanup.3.T13.P,SeqCenter_2026-05-26_QUO1022807,D9,TFMN4.exp2.ACN3788.concY_largeLib_PCR_DpnI_cleanup.3,TFMN4,exp2,ACN3788,concY_largeLib_PCR_DpnI_cleanup,3,13,P,verABLib_large,A83,B138,A83-B138,4
TFMN4.exp2.ACN3788.concY_largeLib_PCR_DpnI_cleanup.3.T13.P,SeqCenter_2026-05-26_QUO1022807,D9,TFMN4.exp2.ACN3788.concY_largeLib_PCR_DpnI_cleanup.3,TFMN4,exp2,ACN3788,concY_largeLib_PCR_DpnI_cleanup,3,13,P,verABLib_large,A83,B6,A83-B6,1
TFMN4.exp2.ACN3788.concY_largeLib_PCR_DpnI_cleanup.3.T13.P,SeqCenter_2026-05-26_QUO1022807,D9,TFMN4.exp2.ACN3788.concY_largeLib_PCR_DpnI_cleanup.3,TFMN4,exp2,ACN3788,concY_largeLib_PCR_DpnI_cleanup,3,13,P,verABLib_large,A83,B84,A83-B84,4
TFMN4.exp2.ACN3788.concY_largeLib_PCR_DpnI_cleanup.3.T13.P,SeqCenter_2026-05-26_QUO1022807,D9,TFMN4.exp2.ACN3788.concY_largeLib_PCR_DpnI_cleanup.3,TFMN4,exp2,ACN3788,concY_largeLib_PCR_DpnI_cleanup,3,13,P,verABLib_large,A90,B18,A90-B18,4
TFMN4.exp2.ACN3788.concY_largeLib_PCR_DpnI_cleanup.3.T13.P,SeqCenter_2026-05-26_QUO1022807,D9,TFMN4.exp2.ACN3788.concY_largeLib_PCR_DpnI_cleanup.3,TFMN4,exp2,ACN3788,concY_largeLib_PCR_DpnI_cleanup,3,13,P,verABLib_large,A90,B6,A90-B6,1
TFMN4.exp2.ACN3788.concY_largeLib_PCR_DpnI_cleanup.3.T13.P,SeqCenter_2026-05-26_QUO1022807,D9,TFMN4.exp2.ACN3788.concY_largeLib_PCR_DpnI_cleanup.3,TFMN4,exp2,ACN3788,concY_largeLib_PCR_DpnI_cleanup,3,13,P,verABLib_large,A96,B26,A96-B26,3
TFMN4.exp2.ACN3788.concY_largeLib_PCR_DpnI_cleanup.3.T3.P,SeqCenter_2026-05-26_QUO1022807,D9,TFMN4.exp2.ACN3788.concY_largeLib_PCR_DpnI_cleanup.3,TFMN4,exp2,ACN3788,concY_largeLib_PCR_DpnI_cleanup,3,3,P,verABLib_large,A143,B117,A143-B117,2
TFMN4.exp2.ACN3788.concY_largeLib_PCR_DpnI_cleanup.3.T3.P,SeqCenter_2026-05-26_QUO1022807,D9,TFMN4.exp2.ACN3788.concY_largeLib_PCR_DpnI_cleanup.3,TFMN4,exp2,ACN3788,concY_largeLib_PCR_DpnI_cleanup,3,3,P,verABLib_large,A152,B151,A152-B151,6
TFMN4.exp2.ACN3788.concY_largeLib_PCR_DpnI_cleanup.3.T3.P,SeqCenter_2026-05-26_QUO1022807,D9,TFMN4.exp2.ACN3788.concY_largeLib_PCR_DpnI_cleanup.3,TFMN4,exp2,ACN3788,concY_largeLib_PCR_DpnI_cleanup,3,3,P,verABLib_large,A153,B6,A153-B6,9
TFMN4.exp2.ACN3788.concY_largeLib_PCR_DpnI_cleanup.3.T3.P,SeqCenter_2026-05-26_QUO1022807,D9,TFMN4.exp2.ACN3788.concY_largeLib_PCR_DpnI_cleanup.3,TFMN4,exp2,ACN3788,concY_largeLib_PCR_DpnI_cleanup,3,3,P,verABLib_large,A159,B69,A159-B69,2
TFMN4.exp2.ACN3788.concY_largeLib_PCR_DpnI_cleanup.3.T3.P,SeqCenter_2026-05-26_QUO1022807,D9,TFMN4.exp2.ACN3788.concY_largeLib_PCR_DpnI_cleanup.3,TFMN4,exp2,ACN3788,concY_largeLib_PCR_DpnI_cleanup,3,3,P,verABLib_large,A16,B117,A16-B117,3
TFMN4.exp2.ACN3788.concY_largeLib_PCR_DpnI_cleanup.3.T3.P,SeqCenter_2026-05-26_QUO1022807,D9,TFMN4.exp2.ACN3788.concY_largeLib_PCR_DpnI_cleanup.3,TFMN4,exp2,ACN3788,concY_largeLib_PCR_DpnI_cleanup,3,3,P,verABLib_large,A16,B137,A16-B137,3
TFMN4.exp2.ACN3788.concY_largeLib_PCR_DpnI_cleanup.3.T3.P,SeqCenter_2026-05-26_QUO1022807,D9,TFMN4.exp2.ACN3788.concY_largeLib_PCR_DpnI_cleanup.3,TFMN4,exp2,ACN3788,concY_largeLib_PCR_DpnI_cleanup,3,3,P,verABLib_large,A16,B154,A16-B154,1
TFMN4.exp2.ACN3788.concY_largeLib_PCR_DpnI_cleanup.3.T3.P,SeqCenter_2026-05-26_QUO1022807,D9,TFMN4.exp2.ACN3788.concY_largeLib_PCR_DpnI_cleanup.3,TFMN4,exp2,ACN3788,concY_largeLib_PCR_DpnI_cleanup,3,3,P,verABLib_large,A16,B3,A16-B3,2
TFMN4.exp2.ACN3788.concY_largeLib_PCR_DpnI_cleanup.3.T3.P,SeqCenter_2026-05-26_QUO1022807,D9,TFMN4.exp2.ACN3788.concY_largeLib_PCR_DpnI_cleanup.3,TFMN4,exp2,ACN3788,concY_largeLib_PCR_DpnI_cleanup,3,3,P,verABLib_large,A16,B4,A16-B4,4
TFMN4.exp2.ACN3788.concY_largeLib_PCR_DpnI_cleanup.3.T3.P,SeqCenter_2026-05-26_QUO1022807,D9,TFMN4.exp2.ACN3788.concY_largeLib_PCR_DpnI_cleanup.3,TFMN4,exp2,ACN3788,concY_largeLib_PCR_DpnI_cleanup,3,3,P,verABLib_large,A186,B13,A186-B13,2
TFMN4.exp2.ACN3788.concY_largeLib_PCR_DpnI_cleanup.3.T3.P,SeqCenter_2026-05-26_QUO1022807,D9,TFMN4.exp2.ACN3788.concY_largeLib_PCR_DpnI_cleanup.3,TFMN4,exp2,ACN3788,concY_largeLib_PCR_DpnI_cleanup,3,3,P,verABLib_large,A186,B147,A186-B147,2
TFMN4.exp2.ACN3788.concY_largeLib_PCR_DpnI_cleanup.3.T3.P,SeqCenter_2026-05-26_QUO1022807,D9,TFMN4.exp2.ACN3788.concY_largeLib_PCR_DpnI_cleanup.3,TFMN4,exp2,ACN3788,concY_largeLib_PCR_DpnI_cleanup,3,3,P,verABLib_large,A186,B26,A186-B26,5
TFMN4.exp2.ACN3788.concY_largeLib_PCR_DpnI_cleanup.3.T3.P,SeqCenter_2026-05-26_QUO1022807,D9,TFMN4.exp2.ACN3788.concY_largeLib_PCR_DpnI_cleanup.3,TFMN4,exp2,ACN3788,concY_largeLib_PCR_DpnI_cleanup,3,3,P,verABLib_large,A186,B3,A186-B3,2
TFMN4.exp2.ACN3788.concY_largeLib_PCR_DpnI_cleanup.3.T3.P,SeqCenter_2026-05-26_QUO1022807,D9,TFMN4.exp2.ACN3788.concY_largeLib_PCR_DpnI_cleanup.3,TFMN4,exp2,ACN3788,concY_largeLib_PCR_DpnI_cleanup,3,3,P,verABLib_large,A196,B123,A196-B123,1
TFMN4.exp2.ACN3788.concY_largeLib_PCR_DpnI_cleanup.3.T3.P,SeqCenter_2026-05-26_QUO1022807,D9,TFMN4.exp2.ACN3788.concY_largeLib_PCR_DpnI_cleanup.3,TFMN4,exp2,ACN3788,concY_largeLib_PCR_DpnI_cleanup,3,3,P,verABLib_large,A196,B136,A196-B136,4
TFMN4.exp2.ACN3788.concY_largeLib_PCR_DpnI_cleanup.3.T3.P,SeqCenter_2026-05-26_QUO1022807,D9,TFMN4.exp2.ACN3788.concY_largeLib_PCR_DpnI_cleanup.3,TFMN4,exp2,ACN3788,concY_largeLib_PCR_DpnI_cleanup,3,3,P,verABLib_large,A196,B152,A196-B152,2
TFMN4.exp2.ACN3788.concY_largeLib_PCR_DpnI_cleanup.3.T3.P,SeqCenter_2026-05-26_QUO1022807,D9,TFMN4.exp2.ACN3788.concY_largeLib_PCR_DpnI_cleanup.3,TFMN4,exp2,ACN3788,concY_largeLib_PCR_DpnI_cleanup,3,3,P,verABLib_large,A196,B171,A196-B171,7
TFMN4.exp2.ACN3788.concY_largeLib_PCR_DpnI_cleanup.3.T3.P,SeqCenter_2026-05-26_QUO1022807,D9,TFMN4.exp2.ACN3788.concY_largeLib_PCR_DpnI_cleanup.3,TFMN4,exp2,ACN3788,concY_largeLib_PCR_DpnI_cleanup,3,3,P,verABLib_large,A196,B2,A196-B2,5
TFMN4.exp2.ACN3788.concY_largeLib_PCR_DpnI_cleanup.3.T3.P,SeqCenter_2026-05-26_QUO1022807,D9,TFMN4.exp2.ACN3788.concY_largeLib_PCR_DpnI_cleanup.3,TFMN4,exp2,ACN3788,concY_largeLib_PCR_DpnI_cleanup,3,3,P,verABLib_large,A196,B27,A196-B27,8
TFMN4.exp2.ACN3788.concY_largeLib_PCR_DpnI_cleanup.3.T3.P,SeqCenter_2026-05-26_QUO1022807,D9,TFMN4.exp2.ACN3788.concY_largeLib_PCR_DpnI_cleanup.3,TFMN4,exp2,ACN3788,concY_largeLib_PCR_DpnI_cleanup,3,3,P,verABLib_large,A196,B4,A196-B4,4
TFMN4.exp2.ACN3788.concY_largeLib_PCR_DpnI_cleanup.3.T3.P,SeqCenter_2026-05-26_QUO1022807,D9,TFMN4.exp2.ACN3788.concY_largeLib_PCR_DpnI_cleanup.3,TFMN4,exp2,ACN3788,concY_largeLib_PCR_DpnI_cleanup,3,3,P,verABLib_large,A196,B51,A196-B51,3
TFMN4.exp2.ACN3788.concY_largeLib_PCR_DpnI_cleanup.3.T3.P,SeqCenter_2026-05-26_QUO1022807,D9,TFMN4.exp2.ACN3788.concY_largeLib_PCR_DpnI_cleanup.3,TFMN4,exp2,ACN3788,concY_largeLib_PCR_DpnI_cleanup,3,3,P,verABLib_large,A196,B52,A196-B52,1
TFMN4.exp2.ACN3788.concY_largeLib_PCR_DpnI_cleanup.3.T3.P,SeqCenter_2026-05-26_QUO1022807,D9,TFMN4.exp2.ACN3788.concY_largeLib_PCR_DpnI_cleanup.3,TFMN4,exp2,ACN3788,concY_largeLib_PCR_DpnI_cleanup,3,3,P,verABLib_large,A196,B75,A196-B75,1
TFMN4.exp2.ACN3788.concY_largeLib_PCR_DpnI_cleanup.3.T3.P,SeqCenter_2026-05-26_QUO1022807,D9,TFMN4.exp2.ACN3788.concY_largeLib_PCR_DpnI_cleanup.3,TFMN4,exp2,ACN3788,concY_largeLib_PCR_DpnI_cleanup,3,3,P,verABLib_large,A196,B79,A196-B79,8
TFMN4.exp2.ACN3788.concY_largeLib_PCR_DpnI_cleanup.3.T3.P,SeqCenter_2026-05-26_QUO1022807,D9,TFMN4.exp2.ACN3788.concY_largeLib_PCR_DpnI_cleanup.3,TFMN4,exp2,ACN3788,concY_largeLib_PCR_DpnI_cleanup,3,3,P,verABLib_large,A196,B87,A196-B87,16
TFMN4.exp2.ACN3788.concY_largeLib_PCR_DpnI_cleanup.3.T3.P,SeqCenter_2026-05-26_QUO1022807,D9,TFMN4.exp2.ACN3788.concY_largeLib_PCR_DpnI_cleanup.3,TFMN4,exp2,ACN3788,concY_largeLib_PCR_DpnI_cleanup,3,3,P,verABLib_large,A196,B93,A196-B93,1
TFMN4.exp2.ACN3788.concY_largeLib_PCR_DpnI_cleanup.3.T3.P,SeqCenter_2026-05-26_QUO1022807,D9,TFMN4.exp2.ACN3788.concY_largeLib_PCR_DpnI_cleanup.3,TFMN4,exp2,ACN3788,concY_largeLib_PCR_DpnI_cleanup,3,3,P,verABLib_large,A20,B34,A20-B34,1
TFMN4.exp2.ACN3788.concY_largeLib_PCR_DpnI_cleanup.3.T3.P,SeqCenter_2026-05-26_QUO1022807,D9,TFMN4.exp2.ACN3788.concY_largeLib_PCR_DpnI_cleanup.3,TFMN4,exp2,ACN3788,concY_largeLib_PCR_DpnI_cleanup,3,3,P,verABLib_large,A20,B71,A20-B71,2
TFMN4.exp2.ACN3788.concY_largeLib_PCR_DpnI_cleanup.3.T3.P,SeqCenter_2026-05-26_QUO1022807,D9,TFMN4.exp2.ACN3788.concY_largeLib_PCR_DpnI_cleanup.3,TFMN4,exp2,ACN3788,concY_largeLib_PCR_DpnI_cleanup,3,3,P,verABLib_large,A21,B6,A21-B6,8
TFMN4.exp2.ACN3788.concY_largeLib_PCR_DpnI_cleanup.3.T3.P,SeqCenter_2026-05-26_QUO1022807,D9,TFMN4.exp2.ACN3788.concY_largeLib_PCR_DpnI_cleanup.3,TFMN4,exp2,ACN3788,concY_largeLib_PCR_DpnI_cleanup,3,3,P,verABLib_large,A63,B6,A63-B6,7
TFMN4.exp2.ACN3788.concY_largeLib_PCR_DpnI_cleanup.3.T3.P,SeqCenter_2026-05-26_QUO1022807,D9,TFMN4.exp2.ACN3788.concY_largeLib_PCR_DpnI_cleanup.3,TFMN4,exp2,ACN3788,concY_largeLib_PCR_DpnI_cleanup,3,3,P,verABLib_large,A63,B75,A63-B75,2
TFMN4.exp2.ACN3788.concY_largeLib_PCR_DpnI_cleanup.3.T3.P,SeqCenter_2026-05-26_QUO1022807,D9,TFMN4.exp2.ACN3788.concY_largeLib_PCR_DpnI_cleanup.3,TFMN4,exp2,ACN3788,concY_largeLib_PCR_DpnI_cleanup,3,3,P,verABLib_large,A78,B137,A78-B137,3
TFMN4.exp2.ACN3788.concY_largeLib_PCR_DpnI_cleanup.3.T3.P,SeqCenter_2026-05-26_QUO1022807,D9,TFMN4.exp2.ACN3788.concY_largeLib_PCR_DpnI_cleanup.3,TFMN4,exp2,ACN3788,concY_largeLib_PCR_DpnI_cleanup,3,3,P,verABLib_large,A78,B159,A78-B159,2
TFMN4.exp2.ACN3788.concY_largeLib_PCR_DpnI_cleanup.3.T3.P,SeqCenter_2026-05-26_QUO1022807,D9,TFMN4.exp2.ACN3788.concY_largeLib_PCR_DpnI_cleanup.3,TFMN4,exp2,ACN3788,concY_largeLib_PCR_DpnI_cleanup,3,3,P,verABLib_large,A78,B40,A78-B40,1
TFMN4.exp2.ACN3788.concY_largeLib_PCR_DpnI_cleanup.3.T3.P,SeqCenter_2026-05-26_QUO1022807,D9,TFMN4.exp2.ACN3788.concY_largeLib_PCR_DpnI_cleanup.3,TFMN4,exp2,ACN3788,concY_largeLib_PCR_DpnI_cleanup,3,3,P,verABLib_large,A81,B117,A81-B117,1
TFMN4.exp2.ACN3788.concY_largeLib_PCR_DpnI_cleanup.3.T3.P,SeqCenter_2026-05-26_QUO1022807,D9,TFMN4.exp2.ACN3788.concY_largeLib_PCR_DpnI_cleanup.3,TFMN4,exp2,ACN3788,concY_largeLib_PCR_DpnI_cleanup,3,3,P,verABLib_large,A81,B132,A81-B132,4
TFMN4.exp2.ACN3788.concY_largeLib_PCR_DpnI_cleanup.3.T3.P,SeqCenter_2026-05-26_QUO1022807,D9,TFMN4.exp2.ACN3788.concY_largeLib_PCR_DpnI_cleanup.3,TFMN4,exp2,ACN3788,concY_largeLib_PCR_DpnI_cleanup,3,3,P,verABLib_large,A81,B137,A81-B137,5
TFMN4.exp2.ACN3788.concY_largeLib_PCR_DpnI_cleanup.3.T3.P,SeqCenter_2026-05-26_QUO1022807,D9,TFMN4.exp2.ACN3788.concY_largeLib_PCR_DpnI_cleanup.3,TFMN4,exp2,ACN3788,concY_largeLib_PCR_DpnI_cleanup,3,3,P,verABLib_large,A81,B165,A81-B165,2
TFMN4.exp2.ACN3788.concY_largeLib_PCR_DpnI_cleanup.3.T3.P,SeqCenter_2026-05-26_QUO1022807,D9,TFMN4.exp2.ACN3788.concY_largeLib_PCR_DpnI_cleanup.3,TFMN4,exp2,ACN3788,concY_largeLib_PCR_DpnI_cleanup,3,3,P,verABLib_large,A81,B6,A81-B6,3
TFMN4.exp2.ACN3788.concY_largeLib_PCR_DpnI_cleanup.3.T3.P,SeqCenter_2026-05-26_QUO1022807,D9,TFMN4.exp2.ACN3788.concY_largeLib_PCR_DpnI_cleanup.3,TFMN4,exp2,ACN3788,concY_largeLib_PCR_DpnI_cleanup,3,3,P,verABLib_large,A81,B91,A81-B91,3
TFMN4.exp2.ACN3788.concY_largeLib_PCR_DpnI_cleanup.3.T3.P,SeqCenter_2026-05-26_QUO1022807,D9,TFMN4.exp2.ACN3788.concY_largeLib_PCR_DpnI_cleanup.3,TFMN4,exp2,ACN3788,concY_largeLib_PCR_DpnI_cleanup,3,3,P,verABLib_large,A83,B50,A83-B50,1
TFMN4.exp2.ACN3788.concY_largeLib_PCR_DpnI_cleanup.3.T3.P,SeqCenter_2026-05-26_QUO1022807,D9,TFMN4.exp2.ACN3788.concY_largeLib_PCR_DpnI_cleanup.3,TFMN4,exp2,ACN3788,concY_largeLib_PCR_DpnI_cleanup,3,3,P,verABLib_large,A83,B84,A83-B84,2
TFMN4.exp2.ACN3788.concY_largeLib_PCR_DpnI_cleanup.3.T3.P,SeqCenter_2026-05-26_QUO1022807,D9,TFMN4.exp2.ACN3788.concY_largeLib_PCR_DpnI_cleanup.3,TFMN4,exp2,ACN3788,concY_largeLib_PCR_DpnI_cleanup,3,3,P,verABLib_large,A90,B117,A90-B117,3
TFMN4.exp2.ACN3788.concY_largeLib_PCR_DpnI_cleanup.3.T3.P,SeqCenter_2026-05-26_QUO1022807,D9,TFMN4.exp2.ACN3788.concY_largeLib_PCR_DpnI_cleanup.3,TFMN4,exp2,ACN3788,concY_largeLib_PCR_DpnI_cleanup,3,3,P,verABLib_large,A90,B18,A90-B18,1
TFMN4.exp2.ACN3788.concY_largeLib_PCR_DpnI_cleanup.3.T3.P,SeqCenter_2026-05-26_QUO1022807,D9,TFMN4.exp2.ACN3788.concY_largeLib_PCR_DpnI_cleanup.3,TFMN4,exp2,ACN3788,concY_largeLib_PCR_DpnI_cleanup,3,3,P,verABLib_large,A96,B12,A96-B12,1
TFMN4.exp2.ACN3788.concY_largeLib_PCR_DpnI_cleanup.3.T3.P,SeqCenter_2026-05-26_QUO1022807,D9,TFMN4.exp2.ACN3788.concY_largeLib_PCR_DpnI_cleanup.3,TFMN4,exp2,ACN3788,concY_largeLib_PCR_DpnI_cleanup,3,3,P,verABLib_large,A96,B27,A96-B27,2
TFMN4.exp2.ACN3788.concY_largeLib_PCR_DpnI_cleanup.3.T4.P,SeqCenter_2026-05-26_QUO1022807,D9,TFMN4.exp2.ACN3788.concY_largeLib_PCR_DpnI_cleanup.3,TFMN4,exp2,ACN3788,concY_largeLib_PCR_DpnI_cleanup,3,4,P,verABLib_large,A12,B60,A12-B60,2
TFMN4.exp2.ACN3788.concY_largeLib_PCR_DpnI_cleanup.3.T4.P,SeqCenter_2026-05-26_QUO1022807,D9,TFMN4.exp2.ACN3788.concY_largeLib_PCR_DpnI_cleanup.3,TFMN4,exp2,ACN3788,concY_largeLib_PCR_DpnI_cleanup,3,4,P,verABLib_large,A143,B117,A143-B117,1
TFMN4.exp2.ACN3788.concY_largeLib_PCR_DpnI_cleanup.3.T4.P,SeqCenter_2026-05-26_QUO1022807,D9,TFMN4.exp2.ACN3788.concY_largeLib_PCR_DpnI_cleanup.3,TFMN4,exp2,ACN3788,concY_largeLib_PCR_DpnI_cleanup,3,4,P,verABLib_large,A152,B151,A152-B151,3
TFMN4.exp2.ACN3788.concY_largeLib_PCR_DpnI_cleanup.3.T4.P,SeqCenter_2026-05-26_QUO1022807,D9,TFMN4.exp2.ACN3788.concY_largeLib_PCR_DpnI_cleanup.3,TFMN4,exp2,ACN3788,concY_largeLib_PCR_DpnI_cleanup,3,4,P,verABLib_large,A152,B27,A152-B27,1
TFMN4.exp2.ACN3788.concY_largeLib_PCR_DpnI_cleanup.3.T4.P,SeqCenter_2026-05-26_QUO1022807,D9,TFMN4.exp2.ACN3788.concY_largeLib_PCR_DpnI_cleanup.3,TFMN4,exp2,ACN3788,concY_largeLib_PCR_DpnI_cleanup,3,4,P,verABLib_large,A153,B6,A153-B6,3
TFMN4.exp2.ACN3788.concY_largeLib_PCR_DpnI_cleanup.3.T4.P,SeqCenter_2026-05-26_QUO1022807,D9,TFMN4.exp2.ACN3788.concY_largeLib_PCR_DpnI_cleanup.3,TFMN4,exp2,ACN3788,concY_largeLib_PCR_DpnI_cleanup,3,4,P,verABLib_large,A16,B117,A16-B117,1
TFMN4.exp2.ACN3788.concY_largeLib_PCR_DpnI_cleanup.3.T4.P,SeqCenter_2026-05-26_QUO1022807,D9,TFMN4.exp2.ACN3788.concY_largeLib_PCR_DpnI_cleanup.3,TFMN4,exp2,ACN3788,concY_largeLib_PCR_DpnI_cleanup,3,4,P,verABLib_large,A16,B137,A16-B137,3
TFMN4.exp2.ACN3788.concY_largeLib_PCR_DpnI_cleanup.3.T4.P,SeqCenter_2026-05-26_QUO1022807,D9,TFMN4.exp2.ACN3788.concY_largeLib_PCR_DpnI_cleanup.3,TFMN4,exp2,ACN3788,concY_largeLib_PCR_DpnI_cleanup,3,4,P,verABLib_large,A16,B65,A16-B65,2
TFMN4.exp2.ACN3788.concY_largeLib_PCR_DpnI_cleanup.3.T4.P,SeqCenter_2026-05-26_QUO1022807,D9,TFMN4.exp2.ACN3788.concY_largeLib_PCR_DpnI_cleanup.3,TFMN4,exp2,ACN3788,concY_largeLib_PCR_DpnI_cleanup,3,4,P,verABLib_large,A16,B79,A16-B79,3
TFMN4.exp2.ACN3788.concY_largeLib_PCR_DpnI_cleanup.3.T4.P,SeqCenter_2026-05-26_QUO1022807,D9,TFMN4.exp2.ACN3788.concY_largeLib_PCR_DpnI_cleanup.3,TFMN4,exp2,ACN3788,concY_largeLib_PCR_DpnI_cleanup,3,4,P,verABLib_large,A176,B59,A176-B59,1
TFMN4.exp2.ACN3788.concY_largeLib_PCR_DpnI_cleanup.3.T4.P,SeqCenter_2026-05-26_QUO1022807,D9,TFMN4.exp2.ACN3788.concY_largeLib_PCR_DpnI_cleanup.3,TFMN4,exp2,ACN3788,concY_largeLib_PCR_DpnI_cleanup,3,4,P,verABLib_large,A186,B147,A186-B147,2
TFMN4.exp2.ACN3788.concY_largeLib_PCR_DpnI_cleanup.3.T4.P,SeqCenter_2026-05-26_QUO1022807,D9,TFMN4.exp2.ACN3788.concY_largeLib_PCR_DpnI_cleanup.3,TFMN4,exp2,ACN3788,concY_largeLib_PCR_DpnI_cleanup,3,4,P,verABLib_large,A186,B26,A186-B26,4
TFMN4.exp2.ACN3788.concY_largeLib_PCR_DpnI_cleanup.3.T4.P,SeqCenter_2026-05-26_QUO1022807,D9,TFMN4.exp2.ACN3788.concY_largeLib_PCR_DpnI_cleanup.3,TFMN4,exp2,ACN3788,concY_largeLib_PCR_DpnI_cleanup,3,4,P,verABLib_large,A186,B3,A186-B3,8
TFMN4.exp2.ACN3788.concY_largeLib_PCR_DpnI_cleanup.3.T4.P,SeqCenter_2026-05-26_QUO1022807,D9,TFMN4.exp2.ACN3788.concY_largeLib_PCR_DpnI_cleanup.3,TFMN4,exp2,ACN3788,concY_largeLib_PCR_DpnI_cleanup,3,4,P,verABLib_large,A196,B136,A196-B136,5
TFMN4.exp2.ACN3788.concY_largeLib_PCR_DpnI_cleanup.3.T4.P,SeqCenter_2026-05-26_QUO1022807,D9,TFMN4.exp2.ACN3788.concY_largeLib_PCR_DpnI_cleanup.3,TFMN4,exp2,ACN3788,concY_largeLib_PCR_DpnI_cleanup,3,4,P,verABLib_large,A196,B15,A196-B15,2
TFMN4.exp2.ACN3788.concY_largeLib_PCR_DpnI_cleanup.3.T4.P,SeqCenter_2026-05-26_QUO1022807,D9,TFMN4.exp2.ACN3788.concY_largeLib_PCR_DpnI_cleanup.3,TFMN4,exp2,ACN3788,concY_largeLib_PCR_DpnI_cleanup,3,4,P,verABLib_large,A196,B152,A196-B152,1
TFMN4.exp2.ACN3788.concY_largeLib_PCR_DpnI_cleanup.3.T4.P,SeqCenter_2026-05-26_QUO1022807,D9,TFMN4.exp2.ACN3788.concY_largeLib_PCR_DpnI_cleanup.3,TFMN4,exp2,ACN3788,concY_largeLib_PCR_DpnI_cleanup,3,4,P,verABLib_large,A196,B171,A196-B171,9
TFMN4.exp2.ACN3788.concY_largeLib_PCR_DpnI_cleanup.3.T4.P,SeqCenter_2026-05-26_QUO1022807,D9,TFMN4.exp2.ACN3788.concY_largeLib_PCR_DpnI_cleanup.3,TFMN4,exp2,ACN3788,concY_largeLib_PCR_DpnI_cleanup,3,4,P,verABLib_large,A196,B2,A196-B2,8
TFMN4.exp2.ACN3788.concY_largeLib_PCR_DpnI_cleanup.3.T4.P,SeqCenter_2026-05-26_QUO1022807,D9,TFMN4.exp2.ACN3788.concY_largeLib_PCR_DpnI_cleanup.3,TFMN4,exp2,ACN3788,concY_largeLib_PCR_DpnI_cleanup,3,4,P,verABLib_large,A196,B27,A196-B27,3
TFMN4.exp2.ACN3788.concY_largeLib_PCR_DpnI_cleanup.3.T4.P,SeqCenter_2026-05-26_QUO1022807,D9,TFMN4.exp2.ACN3788.concY_largeLib_PCR_DpnI_cleanup.3,TFMN4,exp2,ACN3788,concY_largeLib_PCR_DpnI_cleanup,3,4,P,verABLib_large,A196,B4,A196-B4,6
TFMN4.exp2.ACN3788.concY_largeLib_PCR_DpnI_cleanup.3.T4.P,SeqCenter_2026-05-26_QUO1022807,D9,TFMN4.exp2.ACN3788.concY_largeLib_PCR_DpnI_cleanup.3,TFMN4,exp2,ACN3788,concY_largeLib_PCR_DpnI_cleanup,3,4,P,verABLib_large,A196,B51,A196-B51,16
TFMN4.exp2.ACN3788.concY_largeLib_PCR_DpnI_cleanup.3.T4.P,SeqCenter_2026-05-26_QUO1022807,D9,TFMN4.exp2.ACN3788.concY_largeLib_PCR_DpnI_cleanup.3,TFMN4,exp2,ACN3788,concY_largeLib_PCR_DpnI_cleanup,3,4,P,verABLib_large,A196,B52,A196-B52,9
TFMN4.exp2.ACN3788.concY_largeLib_PCR_DpnI_cleanup.3.T4.P,SeqCenter_2026-05-26_QUO1022807,D9,TFMN4.exp2.ACN3788.concY_largeLib_PCR_DpnI_cleanup.3,TFMN4,exp2,ACN3788,concY_largeLib_PCR_DpnI_cleanup,3,4,P,verABLib_large,A196,B75,A196-B75,5
TFMN4.exp2.ACN3788.concY_largeLib_PCR_DpnI_cleanup.3.T4.P,SeqCenter_2026-05-26_QUO1022807,D9,TFMN4.exp2.ACN3788.concY_largeLib_PCR_DpnI_cleanup.3,TFMN4,exp2,ACN3788,concY_largeLib_PCR_DpnI_cleanup,3,4,P,verABLib_large,A196,B79,A196-B79,12
TFMN4.exp2.ACN3788.concY_largeLib_PCR_DpnI_cleanup.3.T4.P,SeqCenter_2026-05-26_QUO1022807,D9,TFMN4.exp2.ACN3788.concY_largeLib_PCR_DpnI_cleanup.3,TFMN4,exp2,ACN3788,concY_largeLib_PCR_DpnI_cleanup,3,4,P,verABLib_large,A196,B87,A196-B87,24
TFMN4.exp2.ACN3788.concY_largeLib_PCR_DpnI_cleanup.3.T4.P,SeqCenter_2026-05-26_QUO1022807,D9,TFMN4.exp2.ACN3788.concY_largeLib_PCR_DpnI_cleanup.3,TFMN4,exp2,ACN3788,concY_largeLib_PCR_DpnI_cleanup,3,4,P,verABLib_large,A20,B101,A20-B101,1
TFMN4.exp2.ACN3788.concY_largeLib_PCR_DpnI_cleanup.3.T4.P,SeqCenter_2026-05-26_QUO1022807,D9,TFMN4.exp2.ACN3788.concY_largeLib_PCR_DpnI_cleanup.3,TFMN4,exp2,ACN3788,concY_largeLib_PCR_DpnI_cleanup,3,4,P,verABLib_large,A20,B71,A20-B71,1
TFMN4.exp2.ACN3788.concY_largeLib_PCR_DpnI_cleanup.3.T4.P,SeqCenter_2026-05-26_QUO1022807,D9,TFMN4.exp2.ACN3788.concY_largeLib_PCR_DpnI_cleanup.3,TFMN4,exp2,ACN3788,concY_largeLib_PCR_DpnI_cleanup,3,4,P,verABLib_large,A21,B6,A21-B6,9
TFMN4.exp2.ACN3788.concY_largeLib_PCR_DpnI_cleanup.3.T4.P,SeqCenter_2026-05-26_QUO1022807,D9,TFMN4.exp2.ACN3788.concY_largeLib_PCR_DpnI_cleanup.3,TFMN4,exp2,ACN3788,concY_largeLib_PCR_DpnI_cleanup,3,4,P,verABLib_large,A63,B147,A63-B147,1
TFMN4.exp2.ACN3788.concY_largeLib_PCR_DpnI_cleanup.3.T4.P,SeqCenter_2026-05-26_QUO1022807,D9,TFMN4.exp2.ACN3788.concY_largeLib_PCR_DpnI_cleanup.3,TFMN4,exp2,ACN3788,concY_largeLib_PCR_DpnI_cleanup,3,4,P,verABLib_large,A63,B6,A63-B6,5
TFMN4.exp2.ACN3788.concY_largeLib_PCR_DpnI_cleanup.3.T4.P,SeqCenter_2026-05-26_QUO1022807,D9,TFMN4.exp2.ACN3788.concY_largeLib_PCR_DpnI_cleanup.3,TFMN4,exp2,ACN3788,concY_largeLib_PCR_DpnI_cleanup,3,4,P,verABLib_large,A63,B75,A63-B75,1
TFMN4.exp2.ACN3788.concY_largeLib_PCR_DpnI_cleanup.3.T4.P,SeqCenter_2026-05-26_QUO1022807,D9,TFMN4.exp2.ACN3788.concY_largeLib_PCR_DpnI_cleanup.3,TFMN4,exp2,ACN3788,concY_largeLib_PCR_DpnI_cleanup,3,4,P,verABLib_large,A78,B137,A78-B137,5
TFMN4.exp2.ACN3788.concY_largeLib_PCR_DpnI_cleanup.3.T4.P,SeqCenter_2026-05-26_QUO1022807,D9,TFMN4.exp2.ACN3788.concY_largeLib_PCR_DpnI_cleanup.3,TFMN4,exp2,ACN3788,concY_largeLib_PCR_DpnI_cleanup,3,4,P,verABLib_large,A78,B3,A78-B3,1
TFMN4.exp2.ACN3788.concY_largeLib_PCR_DpnI_cleanup.3.T4.P,SeqCenter_2026-05-26_QUO1022807,D9,TFMN4.exp2.ACN3788.concY_largeLib_PCR_DpnI_cleanup.3,TFMN4,exp2,ACN3788,concY_largeLib_PCR_DpnI_cleanup,3,4,P,verABLib_large,A78,B40,A78-B40,1
TFMN4.exp2.ACN3788.concY_largeLib_PCR_DpnI_cleanup.3.T4.P,SeqCenter_2026-05-26_QUO1022807,D9,TFMN4.exp2.ACN3788.concY_largeLib_PCR_DpnI_cleanup.3,TFMN4,exp2,ACN3788,concY_largeLib_PCR_DpnI_cleanup,3,4,P,verABLib_large,A81,B11,A81-B11,1
TFMN4.exp2.ACN3788.concY_largeLib_PCR_DpnI_cleanup.3.T4.P,SeqCenter_2026-05-26_QUO1022807,D9,TFMN4.exp2.ACN3788.concY_largeLib_PCR_DpnI_cleanup.3,TFMN4,exp2,ACN3788,concY_largeLib_PCR_DpnI_cleanup,3,4,P,verABLib_large,A81,B117,A81-B117,2
TFMN4.exp2.ACN3788.concY_largeLib_PCR_DpnI_cleanup.3.T4.P,SeqCenter_2026-05-26_QUO1022807,D9,TFMN4.exp2.ACN3788.concY_largeLib_PCR_DpnI_cleanup.3,TFMN4,exp2,ACN3788,concY_largeLib_PCR_DpnI_cleanup,3,4,P,verABLib_large,A81,B6,A81-B6,3
TFMN4.exp2.ACN3788.concY_largeLib_PCR_DpnI_cleanup.3.T4.P,SeqCenter_2026-05-26_QUO1022807,D9,TFMN4.exp2.ACN3788.concY_largeLib_PCR_DpnI_cleanup.3,TFMN4,exp2,ACN3788,concY_largeLib_PCR_DpnI_cleanup,3,4,P,verABLib_large,A83,B138,A83-B138,3
TFMN4.exp2.ACN3788.concY_largeLib_PCR_DpnI_cleanup.3.T4.P,SeqCenter_2026-05-26_QUO1022807,D9,TFMN4.exp2.ACN3788.concY_largeLib_PCR_DpnI_cleanup.3,TFMN4,exp2,ACN3788,concY_largeLib_PCR_DpnI_cleanup,3,4,P,verABLib_large,A83,B84,A83-B84,6
TFMN4.exp2.ACN3788.concY_largeLib_PCR_DpnI_cleanup.3.T4.P,SeqCenter_2026-05-26_QUO1022807,D9,TFMN4.exp2.ACN3788.concY_largeLib_PCR_DpnI_cleanup.3,TFMN4,exp2,ACN3788,concY_largeLib_PCR_DpnI_cleanup,3,4,P,verABLib_large,A90,B6,A90-B6,5
TFMN4.exp2.ACN3788.concY_largeLib_PCR_DpnI_cleanup.3.T4.P,SeqCenter_2026-05-26_QUO1022807,D9,TFMN4.exp2.ACN3788.concY_largeLib_PCR_DpnI_cleanup.3,TFMN4,exp2,ACN3788,concY_largeLib_PCR_DpnI_cleanup,3,4,P,verABLib_large,A96,B27,A96-B27,1
TFMN4.exp2.ACN3788.concY_largeLib_PCR_DpnI_cleanup.3.T4.P,SeqCenter_2026-05-26_QUO1022807,D9,TFMN4.exp2.ACN3788.concY_largeLib_PCR_DpnI_cleanup.3,TFMN4,exp2,ACN3788,concY_largeLib_PCR_DpnI_cleanup,3,4,P,verABLib_large,A96,B87,A96-B87,4
TFMN4.exp2.ACN3788.concY_largeLib_PCR_DpnI_cleanup.3.T6.P,SeqCenter_2026-05-26_QUO1022807,D9,TFMN4.exp2.ACN3788.concY_largeLib_PCR_DpnI_cleanup.3,TFMN4,exp2,ACN3788,concY_largeLib_PCR_DpnI_cleanup,3,6,P,verABLib_large,A15,B117,A15-B117,1
TFMN4.exp2.ACN3788.concY_largeLib_PCR_DpnI_cleanup.3.T6.P,SeqCenter_2026-05-26_QUO1022807,D9,TFMN4.exp2.ACN3788.concY_largeLib_PCR_DpnI_cleanup.3,TFMN4,exp2,ACN3788,concY_largeLib_PCR_DpnI_cleanup,3,6,P,verABLib_large,A153,B6,A153-B6,2
TFMN4.exp2.ACN3788.concY_largeLib_PCR_DpnI_cleanup.3.T6.P,SeqCenter_2026-05-26_QUO1022807,D9,TFMN4.exp2.ACN3788.concY_largeLib_PCR_DpnI_cleanup.3,TFMN4,exp2,ACN3788,concY_largeLib_PCR_DpnI_cleanup,3,6,P,verABLib_large,A16,B117,A16-B117,4
TFMN4.exp2.ACN3788.concY_largeLib_PCR_DpnI_cleanup.3.T6.P,SeqCenter_2026-05-26_QUO1022807,D9,TFMN4.exp2.ACN3788.concY_largeLib_PCR_DpnI_cleanup.3,TFMN4,exp2,ACN3788,concY_largeLib_PCR_DpnI_cleanup,3,6,P,verABLib_large,A16,B137,A16-B137,9
TFMN4.exp2.ACN3788.concY_largeLib_PCR_DpnI_cleanup.3.T6.P,SeqCenter_2026-05-26_QUO1022807,D9,TFMN4.exp2.ACN3788.concY_largeLib_PCR_DpnI_cleanup.3,TFMN4,exp2,ACN3788,concY_largeLib_PCR_DpnI_cleanup,3,6,P,verABLib_large,A16,B154,A16-B154,3
TFMN4.exp2.ACN3788.concY_largeLib_PCR_DpnI_cleanup.3.T6.P,SeqCenter_2026-05-26_QUO1022807,D9,TFMN4.exp2.ACN3788.concY_largeLib_PCR_DpnI_cleanup.3,TFMN4,exp2,ACN3788,concY_largeLib_PCR_DpnI_cleanup,3,6,P,verABLib_large,A176,B18,A176-B18,1
TFMN4.exp2.ACN3788.concY_largeLib_PCR_DpnI_cleanup.3.T6.P,SeqCenter_2026-05-26_QUO1022807,D9,TFMN4.exp2.ACN3788.concY_largeLib_PCR_DpnI_cleanup.3,TFMN4,exp2,ACN3788,concY_largeLib_PCR_DpnI_cleanup,3,6,P,verABLib_large,A186,B26,A186-B26,4
TFMN4.exp2.ACN3788.concY_largeLib_PCR_DpnI_cleanup.3.T6.P,SeqCenter_2026-05-26_QUO1022807,D9,TFMN4.exp2.ACN3788.concY_largeLib_PCR_DpnI_cleanup.3,TFMN4,exp2,ACN3788,concY_largeLib_PCR_DpnI_cleanup,3,6,P,verABLib_large,A186,B3,A186-B3,6
TFMN4.exp2.ACN3788.concY_largeLib_PCR_DpnI_cleanup.3.T6.P,SeqCenter_2026-05-26_QUO1022807,D9,TFMN4.exp2.ACN3788.concY_largeLib_PCR_DpnI_cleanup.3,TFMN4,exp2,ACN3788,concY_largeLib_PCR_DpnI_cleanup,3,6,P,verABLib_large,A196,B123,A196-B123,2
TFMN4.exp2.ACN3788.concY_largeLib_PCR_DpnI_cleanup.3.T6.P,SeqCenter_2026-05-26_QUO1022807,D9,TFMN4.exp2.ACN3788.concY_largeLib_PCR_DpnI_cleanup.3,TFMN4,exp2,ACN3788,concY_largeLib_PCR_DpnI_cleanup,3,6,P,verABLib_large,A196,B136,A196-B136,8
TFMN4.exp2.ACN3788.concY_largeLib_PCR_DpnI_cleanup.3.T6.P,SeqCenter_2026-05-26_QUO1022807,D9,TFMN4.exp2.ACN3788.concY_largeLib_PCR_DpnI_cleanup.3,TFMN4,exp2,ACN3788,concY_largeLib_PCR_DpnI_cleanup,3,6,P,verABLib_large,A196,B15,A196-B15,2
TFMN4.exp2.ACN3788.concY_largeLib_PCR_DpnI_cleanup.3.T6.P,SeqCenter_2026-05-26_QUO1022807,D9,TFMN4.exp2.ACN3788.concY_largeLib_PCR_DpnI_cleanup.3,TFMN4,exp2,ACN3788,concY_largeLib_PCR_DpnI_cleanup,3,6,P,verABLib_large,A196,B171,A196-B171,11
TFMN4.exp2.ACN3788.concY_largeLib_PCR_DpnI_cleanup.3.T6.P,SeqCenter_2026-05-26_QUO1022807,D9,TFMN4.exp2.ACN3788.concY_largeLib_PCR_DpnI_cleanup.3,TFMN4,exp2,ACN3788,concY_largeLib_PCR_DpnI_cleanup,3,6,P,verABLib_large,A196,B2,A196-B2,11
TFMN4.exp2.ACN3788.concY_largeLib_PCR_DpnI_cleanup.3.T6.P,SeqCenter_2026-05-26_QUO1022807,D9,TFMN4.exp2.ACN3788.concY_largeLib_PCR_DpnI_cleanup.3,TFMN4,exp2,ACN3788,concY_largeLib_PCR_DpnI_cleanup,3,6,P,verABLib_large,A196,B27,A196-B27,5
TFMN4.exp2.ACN3788.concY_largeLib_PCR_DpnI_cleanup.3.T6.P,SeqCenter_2026-05-26_QUO1022807,D9,TFMN4.exp2.ACN3788.concY_largeLib_PCR_DpnI_cleanup.3,TFMN4,exp2,ACN3788,concY_largeLib_PCR_DpnI_cleanup,3,6,P,verABLib_large,A196,B4,A196-B4,1
TFMN4.exp2.ACN3788.concY_largeLib_PCR_DpnI_cleanup.3.T6.P,SeqCenter_2026-05-26_QUO1022807,D9,TFMN4.exp2.ACN3788.concY_largeLib_PCR_DpnI_cleanup.3,TFMN4,exp2,ACN3788,concY_largeLib_PCR_DpnI_cleanup,3,6,P,verABLib_large,A196,B51,A196-B51,7
TFMN4.exp2.ACN3788.concY_largeLib_PCR_DpnI_cleanup.3.T6.P,SeqCenter_2026-05-26_QUO1022807,D9,TFMN4.exp2.ACN3788.concY_largeLib_PCR_DpnI_cleanup.3,TFMN4,exp2,ACN3788,concY_largeLib_PCR_DpnI_cleanup,3,6,P,verABLib_large,A196,B52,A196-B52,2
TFMN4.exp2.ACN3788.concY_largeLib_PCR_DpnI_cleanup.3.T6.P,SeqCenter_2026-05-26_QUO1022807,D9,TFMN4.exp2.ACN3788.concY_largeLib_PCR_DpnI_cleanup.3,TFMN4,exp2,ACN3788,concY_largeLib_PCR_DpnI_cleanup,3,6,P,verABLib_large,A196,B75,A196-B75,2
TFMN4.exp2.ACN3788.concY_largeLib_PCR_DpnI_cleanup.3.T6.P,SeqCenter_2026-05-26_QUO1022807,D9,TFMN4.exp2.ACN3788.concY_largeLib_PCR_DpnI_cleanup.3,TFMN4,exp2,ACN3788,concY_largeLib_PCR_DpnI_cleanup,3,6,P,verABLib_large,A196,B79,A196-B79,8
TFMN4.exp2.ACN3788.concY_largeLib_PCR_DpnI_cleanup.3.T6.P,SeqCenter_2026-05-26_QUO1022807,D9,TFMN4.exp2.ACN3788.concY_largeLib_PCR_DpnI_cleanup.3,TFMN4,exp2,ACN3788,concY_largeLib_PCR_DpnI_cleanup,3,6,P,verABLib_large,A196,B87,A196-B87,33
TFMN4.exp2.ACN3788.concY_largeLib_PCR_DpnI_cleanup.3.T6.P,SeqCenter_2026-05-26_QUO1022807,D9,TFMN4.exp2.ACN3788.concY_largeLib_PCR_DpnI_cleanup.3,TFMN4,exp2,ACN3788,concY_largeLib_PCR_DpnI_cleanup,3,6,P,verABLib_large,A20,B69,A20-B69,1
TFMN4.exp2.ACN3788.concY_largeLib_PCR_DpnI_cleanup.3.T6.P,SeqCenter_2026-05-26_QUO1022807,D9,TFMN4.exp2.ACN3788.concY_largeLib_PCR_DpnI_cleanup.3,TFMN4,exp2,ACN3788,concY_largeLib_PCR_DpnI_cleanup,3,6,P,verABLib_large,A20,B71,A20-B71,4
TFMN4.exp2.ACN3788.concY_largeLib_PCR_DpnI_cleanup.3.T6.P,SeqCenter_2026-05-26_QUO1022807,D9,TFMN4.exp2.ACN3788.concY_largeLib_PCR_DpnI_cleanup.3,TFMN4,exp2,ACN3788,concY_largeLib_PCR_DpnI_cleanup,3,6,P,verABLib_large,A21,B6,A21-B6,8
TFMN4.exp2.ACN3788.concY_largeLib_PCR_DpnI_cleanup.3.T6.P,SeqCenter_2026-05-26_QUO1022807,D9,TFMN4.exp2.ACN3788.concY_largeLib_PCR_DpnI_cleanup.3,TFMN4,exp2,ACN3788,concY_largeLib_PCR_DpnI_cleanup,3,6,P,verABLib_large,A63,B122,A63-B122,2
TFMN4.exp2.ACN3788.concY_largeLib_PCR_DpnI_cleanup.3.T6.P,SeqCenter_2026-05-26_QUO1022807,D9,TFMN4.exp2.ACN3788.concY_largeLib_PCR_DpnI_cleanup.3,TFMN4,exp2,ACN3788,concY_largeLib_PCR_DpnI_cleanup,3,6,P,verABLib_large,A63,B6,A63-B6,10
TFMN4.exp2.ACN3788.concY_largeLib_PCR_DpnI_cleanup.3.T6.P,SeqCenter_2026-05-26_QUO1022807,D9,TFMN4.exp2.ACN3788.concY_largeLib_PCR_DpnI_cleanup.3,TFMN4,exp2,ACN3788,concY_largeLib_PCR_DpnI_cleanup,3,6,P,verABLib_large,A78,B137,A78-B137,20
TFMN4.exp2.ACN3788.concY_largeLib_PCR_DpnI_cleanup.3.T6.P,SeqCenter_2026-05-26_QUO1022807,D9,TFMN4.exp2.ACN3788.concY_largeLib_PCR_DpnI_cleanup.3,TFMN4,exp2,ACN3788,concY_largeLib_PCR_DpnI_cleanup,3,6,P,verABLib_large,A78,B3,A78-B3,1
TFMN4.exp2.ACN3788.concY_largeLib_PCR_DpnI_cleanup.3.T6.P,SeqCenter_2026-05-26_QUO1022807,D9,TFMN4.exp2.ACN3788.concY_largeLib_PCR_DpnI_cleanup.3,TFMN4,exp2,ACN3788,concY_largeLib_PCR_DpnI_cleanup,3,6,P,verABLib_large,A78,B40,A78-B40,3
TFMN4.exp2.ACN3788.concY_largeLib_PCR_DpnI_cleanup.3.T6.P,SeqCenter_2026-05-26_QUO1022807,D9,TFMN4.exp2.ACN3788.concY_largeLib_PCR_DpnI_cleanup.3,TFMN4,exp2,ACN3788,concY_largeLib_PCR_DpnI_cleanup,3,6,P,verABLib_large,A78,B47,A78-B47,2
TFMN4.exp2.ACN3788.concY_largeLib_PCR_DpnI_cleanup.3.T6.P,SeqCenter_2026-05-26_QUO1022807,D9,TFMN4.exp2.ACN3788.concY_largeLib_PCR_DpnI_cleanup.3,TFMN4,exp2,ACN3788,concY_largeLib_PCR_DpnI_cleanup,3,6,P,verABLib_large,A81,B117,A81-B117,1
TFMN4.exp2.ACN3788.concY_largeLib_PCR_DpnI_cleanup.3.T6.P,SeqCenter_2026-05-26_QUO1022807,D9,TFMN4.exp2.ACN3788.concY_largeLib_PCR_DpnI_cleanup.3,TFMN4,exp2,ACN3788,concY_largeLib_PCR_DpnI_cleanup,3,6,P,verABLib_large,A81,B132,A81-B132,2
TFMN4.exp2.ACN3788.concY_largeLib_PCR_DpnI_cleanup.3.T6.P,SeqCenter_2026-05-26_QUO1022807,D9,TFMN4.exp2.ACN3788.concY_largeLib_PCR_DpnI_cleanup.3,TFMN4,exp2,ACN3788,concY_largeLib_PCR_DpnI_cleanup,3,6,P,verABLib_large,A81,B137,A81-B137,3
TFMN4.exp2.ACN3788.concY_largeLib_PCR_DpnI_cleanup.3.T6.P,SeqCenter_2026-05-26_QUO1022807,D9,TFMN4.exp2.ACN3788.concY_largeLib_PCR_DpnI_cleanup.3,TFMN4,exp2,ACN3788,concY_largeLib_PCR_DpnI_cleanup,3,6,P,verABLib_large,A81,B174,A81-B174,3
TFMN4.exp2.ACN3788.concY_largeLib_PCR_DpnI_cleanup.3.T6.P,SeqCenter_2026-05-26_QUO1022807,D9,TFMN4.exp2.ACN3788.concY_largeLib_PCR_DpnI_cleanup.3,TFMN4,exp2,ACN3788,concY_largeLib_PCR_DpnI_cleanup,3,6,P,verABLib_large,A81,B6,A81-B6,15
TFMN4.exp2.ACN3788.concY_largeLib_PCR_DpnI_cleanup.3.T6.P,SeqCenter_2026-05-26_QUO1022807,D9,TFMN4.exp2.ACN3788.concY_largeLib_PCR_DpnI_cleanup.3,TFMN4,exp2,ACN3788,concY_largeLib_PCR_DpnI_cleanup,3,6,P,verABLib_large,A81,B91,A81-B91,1
TFMN4.exp2.ACN3788.concY_largeLib_PCR_DpnI_cleanup.3.T6.P,SeqCenter_2026-05-26_QUO1022807,D9,TFMN4.exp2.ACN3788.concY_largeLib_PCR_DpnI_cleanup.3,TFMN4,exp2,ACN3788,concY_largeLib_PCR_DpnI_cleanup,3,6,P,verABLib_large,A83,B137,A83-B137,1
TFMN4.exp2.ACN3788.concY_largeLib_PCR_DpnI_cleanup.3.T6.P,SeqCenter_2026-05-26_QUO1022807,D9,TFMN4.exp2.ACN3788.concY_largeLib_PCR_DpnI_cleanup.3,TFMN4,exp2,ACN3788,concY_largeLib_PCR_DpnI_cleanup,3,6,P,verABLib_large,A83,B138,A83-B138,3
TFMN4.exp2.ACN3788.concY_largeLib_PCR_DpnI_cleanup.3.T6.P,SeqCenter_2026-05-26_QUO1022807,D9,TFMN4.exp2.ACN3788.concY_largeLib_PCR_DpnI_cleanup.3,TFMN4,exp2,ACN3788,concY_largeLib_PCR_DpnI_cleanup,3,6,P,verABLib_large,A83,B84,A83-B84,3
TFMN4.exp2.ACN3788.concY_largeLib_PCR_DpnI_cleanup.3.T6.P,SeqCenter_2026-05-26_QUO1022807,D9,TFMN4.exp2.ACN3788.concY_largeLib_PCR_DpnI_cleanup.3,TFMN4,exp2,ACN3788,concY_largeLib_PCR_DpnI_cleanup,3,6,P,verABLib_large,A90,B6,A90-B6,1
TFMN4.exp2.ACN3788.concY_largeLib_PCR_DpnI_cleanup.3.T6.P,SeqCenter_2026-05-26_QUO1022807,D9,TFMN4.exp2.ACN3788.concY_largeLib_PCR_DpnI_cleanup.3,TFMN4,exp2,ACN3788,concY_largeLib_PCR_DpnI_cleanup,3,6,P,verABLib_large,A96,B132,A96-B132,1
TFMN4.exp2.ACN3788.concY_largeLib_PCR_DpnI_cleanup.3.T6.P,SeqCenter_2026-05-26_QUO1022807,D9,TFMN4.exp2.ACN3788.concY_largeLib_PCR_DpnI_cleanup.3,TFMN4,exp2,ACN3788,concY_largeLib_PCR_DpnI_cleanup,3,6,P,verABLib_large,A96,B27,A96-B27,4
TFMN4.exp2.ACN3788.concY_largeLib_PCR_DpnI_cleanup.3.T6.P,SeqCenter_2026-05-26_QUO1022807,D9,TFMN4.exp2.ACN3788.concY_largeLib_PCR_DpnI_cleanup.3,TFMN4,exp2,ACN3788,concY_largeLib_PCR_DpnI_cleanup,3,6,P,verABLib_large,A96,B75,A96-B75,1
TFMN4.exp2.ACN3788.concY_largeLib_PCR_DpnI_cleanup.4.T13.P,SeqCenter_2026-05-26_QUO1022807,E9,TFMN4.exp2.ACN3788.concY_largeLib_PCR_DpnI_cleanup.4,TFMN4,exp2,ACN3788,concY_largeLib_PCR_DpnI_cleanup,4,13,P,verABLib_large,A176,B30,A176-B30,2
TFMN4.exp2.ACN3788.concY_largeLib_PCR_DpnI_cleanup.4.T13.P,SeqCenter_2026-05-26_QUO1022807,E9,TFMN4.exp2.ACN3788.concY_largeLib_PCR_DpnI_cleanup.4,TFMN4,exp2,ACN3788,concY_largeLib_PCR_DpnI_cleanup,4,13,P,verABLib_large,A196,B4,A196-B4,240
TFMN4.exp2.ACN3788.concY_largeLib_PCR_DpnI_cleanup.4.T13.P,SeqCenter_2026-05-26_QUO1022807,E9,TFMN4.exp2.ACN3788.concY_largeLib_PCR_DpnI_cleanup.4,TFMN4,exp2,ACN3788,concY_largeLib_PCR_DpnI_cleanup,4,13,P,verABLib_large,A81,B12,A81-B12,2
TFMN4.exp2.ACN3788.concY_largeLib_PCR_DpnI_cleanup.4.T3.P,SeqCenter_2026-05-26_QUO1022807,E9,TFMN4.exp2.ACN3788.concY_largeLib_PCR_DpnI_cleanup.4,TFMN4,exp2,ACN3788,concY_largeLib_PCR_DpnI_cleanup,4,3,P,verABLib_large,A143,B130,A143-B130,2
TFMN4.exp2.ACN3788.concY_largeLib_PCR_DpnI_cleanup.4.T3.P,SeqCenter_2026-05-26_QUO1022807,E9,TFMN4.exp2.ACN3788.concY_largeLib_PCR_DpnI_cleanup.4,TFMN4,exp2,ACN3788,concY_largeLib_PCR_DpnI_cleanup,4,3,P,verABLib_large,A152,B15,A152-B15,3
TFMN4.exp2.ACN3788.concY_largeLib_PCR_DpnI_cleanup.4.T3.P,SeqCenter_2026-05-26_QUO1022807,E9,TFMN4.exp2.ACN3788.concY_largeLib_PCR_DpnI_cleanup.4,TFMN4,exp2,ACN3788,concY_largeLib_PCR_DpnI_cleanup,4,3,P,verABLib_large,A152,B151,A152-B151,4
TFMN4.exp2.ACN3788.concY_largeLib_PCR_DpnI_cleanup.4.T3.P,SeqCenter_2026-05-26_QUO1022807,E9,TFMN4.exp2.ACN3788.concY_largeLib_PCR_DpnI_cleanup.4,TFMN4,exp2,ACN3788,concY_largeLib_PCR_DpnI_cleanup,4,3,P,verABLib_large,A152,B154,A152-B154,4
TFMN4.exp2.ACN3788.concY_largeLib_PCR_DpnI_cleanup.4.T3.P,SeqCenter_2026-05-26_QUO1022807,E9,TFMN4.exp2.ACN3788.concY_largeLib_PCR_DpnI_cleanup.4,TFMN4,exp2,ACN3788,concY_largeLib_PCR_DpnI_cleanup,4,3,P,verABLib_large,A152,B171,A152-B171,1
TFMN4.exp2.ACN3788.concY_largeLib_PCR_DpnI_cleanup.4.T3.P,SeqCenter_2026-05-26_QUO1022807,E9,TFMN4.exp2.ACN3788.concY_largeLib_PCR_DpnI_cleanup.4,TFMN4,exp2,ACN3788,concY_largeLib_PCR_DpnI_cleanup,4,3,P,verABLib_large,A152,B32,A152-B32,4
TFMN4.exp2.ACN3788.concY_largeLib_PCR_DpnI_cleanup.4.T3.P,SeqCenter_2026-05-26_QUO1022807,E9,TFMN4.exp2.ACN3788.concY_largeLib_PCR_DpnI_cleanup.4,TFMN4,exp2,ACN3788,concY_largeLib_PCR_DpnI_cleanup,4,3,P,verABLib_large,A152,B9,A152-B9,1
TFMN4.exp2.ACN3788.concY_largeLib_PCR_DpnI_cleanup.4.T3.P,SeqCenter_2026-05-26_QUO1022807,E9,TFMN4.exp2.ACN3788.concY_largeLib_PCR_DpnI_cleanup.4,TFMN4,exp2,ACN3788,concY_largeLib_PCR_DpnI_cleanup,4,3,P,verABLib_large,A153,B117,A153-B117,1
TFMN4.exp2.ACN3788.concY_largeLib_PCR_DpnI_cleanup.4.T3.P,SeqCenter_2026-05-26_QUO1022807,E9,TFMN4.exp2.ACN3788.concY_largeLib_PCR_DpnI_cleanup.4,TFMN4,exp2,ACN3788,concY_largeLib_PCR_DpnI_cleanup,4,3,P,verABLib_large,A153,B6,A153-B6,6
TFMN4.exp2.ACN3788.concY_largeLib_PCR_DpnI_cleanup.4.T3.P,SeqCenter_2026-05-26_QUO1022807,E9,TFMN4.exp2.ACN3788.concY_largeLib_PCR_DpnI_cleanup.4,TFMN4,exp2,ACN3788,concY_largeLib_PCR_DpnI_cleanup,4,3,P,verABLib_large,A16,B101,A16-B101,1
TFMN4.exp2.ACN3788.concY_largeLib_PCR_DpnI_cleanup.4.T3.P,SeqCenter_2026-05-26_QUO1022807,E9,TFMN4.exp2.ACN3788.concY_largeLib_PCR_DpnI_cleanup.4,TFMN4,exp2,ACN3788,concY_largeLib_PCR_DpnI_cleanup,4,3,P,verABLib_large,A16,B117,A16-B117,11
TFMN4.exp2.ACN3788.concY_largeLib_PCR_DpnI_cleanup.4.T3.P,SeqCenter_2026-05-26_QUO1022807,E9,TFMN4.exp2.ACN3788.concY_largeLib_PCR_DpnI_cleanup.4,TFMN4,exp2,ACN3788,concY_largeLib_PCR_DpnI_cleanup,4,3,P,verABLib_large,A16,B12,A16-B12,1
TFMN4.exp2.ACN3788.concY_largeLib_PCR_DpnI_cleanup.4.T3.P,SeqCenter_2026-05-26_QUO1022807,E9,TFMN4.exp2.ACN3788.concY_largeLib_PCR_DpnI_cleanup.4,TFMN4,exp2,ACN3788,concY_largeLib_PCR_DpnI_cleanup,4,3,P,verABLib_large,A16,B51,A16-B51,4
TFMN4.exp2.ACN3788.concY_largeLib_PCR_DpnI_cleanup.4.T3.P,SeqCenter_2026-05-26_QUO1022807,E9,TFMN4.exp2.ACN3788.concY_largeLib_PCR_DpnI_cleanup.4,TFMN4,exp2,ACN3788,concY_largeLib_PCR_DpnI_cleanup,4,3,P,verABLib_large,A16,B75,A16-B75,2
TFMN4.exp2.ACN3788.concY_largeLib_PCR_DpnI_cleanup.4.T3.P,SeqCenter_2026-05-26_QUO1022807,E9,TFMN4.exp2.ACN3788.concY_largeLib_PCR_DpnI_cleanup.4,TFMN4,exp2,ACN3788,concY_largeLib_PCR_DpnI_cleanup,4,3,P,verABLib_large,A176,B101,A176-B101,1
TFMN4.exp2.ACN3788.concY_largeLib_PCR_DpnI_cleanup.4.T3.P,SeqCenter_2026-05-26_QUO1022807,E9,TFMN4.exp2.ACN3788.concY_largeLib_PCR_DpnI_cleanup.4,TFMN4,exp2,ACN3788,concY_largeLib_PCR_DpnI_cleanup,4,3,P,verABLib_large,A176,B103,A176-B103,1
TFMN4.exp2.ACN3788.concY_largeLib_PCR_DpnI_cleanup.4.T3.P,SeqCenter_2026-05-26_QUO1022807,E9,TFMN4.exp2.ACN3788.concY_largeLib_PCR_DpnI_cleanup.4,TFMN4,exp2,ACN3788,concY_largeLib_PCR_DpnI_cleanup,4,3,P,verABLib_large,A176,B30,A176-B30,1
TFMN4.exp2.ACN3788.concY_largeLib_PCR_DpnI_cleanup.4.T3.P,SeqCenter_2026-05-26_QUO1022807,E9,TFMN4.exp2.ACN3788.concY_largeLib_PCR_DpnI_cleanup.4,TFMN4,exp2,ACN3788,concY_largeLib_PCR_DpnI_cleanup,4,3,P,verABLib_large,A176,B6,A176-B6,1
TFMN4.exp2.ACN3788.concY_largeLib_PCR_DpnI_cleanup.4.T3.P,SeqCenter_2026-05-26_QUO1022807,E9,TFMN4.exp2.ACN3788.concY_largeLib_PCR_DpnI_cleanup.4,TFMN4,exp2,ACN3788,concY_largeLib_PCR_DpnI_cleanup,4,3,P,verABLib_large,A186,B137,A186-B137,1
TFMN4.exp2.ACN3788.concY_largeLib_PCR_DpnI_cleanup.4.T3.P,SeqCenter_2026-05-26_QUO1022807,E9,TFMN4.exp2.ACN3788.concY_largeLib_PCR_DpnI_cleanup.4,TFMN4,exp2,ACN3788,concY_largeLib_PCR_DpnI_cleanup,4,3,P,verABLib_large,A196,B103,A196-B103,2
TFMN4.exp2.ACN3788.concY_largeLib_PCR_DpnI_cleanup.4.T3.P,SeqCenter_2026-05-26_QUO1022807,E9,TFMN4.exp2.ACN3788.concY_largeLib_PCR_DpnI_cleanup.4,TFMN4,exp2,ACN3788,concY_largeLib_PCR_DpnI_cleanup,4,3,P,verABLib_large,A196,B136,A196-B136,3
TFMN4.exp2.ACN3788.concY_largeLib_PCR_DpnI_cleanup.4.T3.P,SeqCenter_2026-05-26_QUO1022807,E9,TFMN4.exp2.ACN3788.concY_largeLib_PCR_DpnI_cleanup.4,TFMN4,exp2,ACN3788,concY_largeLib_PCR_DpnI_cleanup,4,3,P,verABLib_large,A196,B150,A196-B150,9
TFMN4.exp2.ACN3788.concY_largeLib_PCR_DpnI_cleanup.4.T3.P,SeqCenter_2026-05-26_QUO1022807,E9,TFMN4.exp2.ACN3788.concY_largeLib_PCR_DpnI_cleanup.4,TFMN4,exp2,ACN3788,concY_largeLib_PCR_DpnI_cleanup,4,3,P,verABLib_large,A196,B165,A196-B165,1
TFMN4.exp2.ACN3788.concY_largeLib_PCR_DpnI_cleanup.4.T3.P,SeqCenter_2026-05-26_QUO1022807,E9,TFMN4.exp2.ACN3788.concY_largeLib_PCR_DpnI_cleanup.4,TFMN4,exp2,ACN3788,concY_largeLib_PCR_DpnI_cleanup,4,3,P,verABLib_large,A196,B171,A196-B171,9
TFMN4.exp2.ACN3788.concY_largeLib_PCR_DpnI_cleanup.4.T3.P,SeqCenter_2026-05-26_QUO1022807,E9,TFMN4.exp2.ACN3788.concY_largeLib_PCR_DpnI_cleanup.4,TFMN4,exp2,ACN3788,concY_largeLib_PCR_DpnI_cleanup,4,3,P,verABLib_large,A196,B174,A196-B174,5
TFMN4.exp2.ACN3788.concY_largeLib_PCR_DpnI_cleanup.4.T3.P,SeqCenter_2026-05-26_QUO1022807,E9,TFMN4.exp2.ACN3788.concY_largeLib_PCR_DpnI_cleanup.4,TFMN4,exp2,ACN3788,concY_largeLib_PCR_DpnI_cleanup,4,3,P,verABLib_large,A196,B4,A196-B4,7
TFMN4.exp2.ACN3788.concY_largeLib_PCR_DpnI_cleanup.4.T3.P,SeqCenter_2026-05-26_QUO1022807,E9,TFMN4.exp2.ACN3788.concY_largeLib_PCR_DpnI_cleanup.4,TFMN4,exp2,ACN3788,concY_largeLib_PCR_DpnI_cleanup,4,3,P,verABLib_large,A196,B70,A196-B70,4
TFMN4.exp2.ACN3788.concY_largeLib_PCR_DpnI_cleanup.4.T3.P,SeqCenter_2026-05-26_QUO1022807,E9,TFMN4.exp2.ACN3788.concY_largeLib_PCR_DpnI_cleanup.4,TFMN4,exp2,ACN3788,concY_largeLib_PCR_DpnI_cleanup,4,3,P,verABLib_large,A196,B75,A196-B75,2
TFMN4.exp2.ACN3788.concY_largeLib_PCR_DpnI_cleanup.4.T3.P,SeqCenter_2026-05-26_QUO1022807,E9,TFMN4.exp2.ACN3788.concY_largeLib_PCR_DpnI_cleanup.4,TFMN4,exp2,ACN3788,concY_largeLib_PCR_DpnI_cleanup,4,3,P,verABLib_large,A196,B79,A196-B79,4
TFMN4.exp2.ACN3788.concY_largeLib_PCR_DpnI_cleanup.4.T3.P,SeqCenter_2026-05-26_QUO1022807,E9,TFMN4.exp2.ACN3788.concY_largeLib_PCR_DpnI_cleanup.4,TFMN4,exp2,ACN3788,concY_largeLib_PCR_DpnI_cleanup,4,3,P,verABLib_large,A196,B85,A196-B85,5
TFMN4.exp2.ACN3788.concY_largeLib_PCR_DpnI_cleanup.4.T3.P,SeqCenter_2026-05-26_QUO1022807,E9,TFMN4.exp2.ACN3788.concY_largeLib_PCR_DpnI_cleanup.4,TFMN4,exp2,ACN3788,concY_largeLib_PCR_DpnI_cleanup,4,3,P,verABLib_large,A196,B9,A196-B9,6
TFMN4.exp2.ACN3788.concY_largeLib_PCR_DpnI_cleanup.4.T3.P,SeqCenter_2026-05-26_QUO1022807,E9,TFMN4.exp2.ACN3788.concY_largeLib_PCR_DpnI_cleanup.4,TFMN4,exp2,ACN3788,concY_largeLib_PCR_DpnI_cleanup,4,3,P,verABLib_large,A196,B98,A196-B98,5
TFMN4.exp2.ACN3788.concY_largeLib_PCR_DpnI_cleanup.4.T3.P,SeqCenter_2026-05-26_QUO1022807,E9,TFMN4.exp2.ACN3788.concY_largeLib_PCR_DpnI_cleanup.4,TFMN4,exp2,ACN3788,concY_largeLib_PCR_DpnI_cleanup,4,3,P,verABLib_large,A63,B117,A63-B117,1
TFMN4.exp2.ACN3788.concY_largeLib_PCR_DpnI_cleanup.4.T3.P,SeqCenter_2026-05-26_QUO1022807,E9,TFMN4.exp2.ACN3788.concY_largeLib_PCR_DpnI_cleanup.4,TFMN4,exp2,ACN3788,concY_largeLib_PCR_DpnI_cleanup,4,3,P,verABLib_large,A63,B2,A63-B2,2
TFMN4.exp2.ACN3788.concY_largeLib_PCR_DpnI_cleanup.4.T3.P,SeqCenter_2026-05-26_QUO1022807,E9,TFMN4.exp2.ACN3788.concY_largeLib_PCR_DpnI_cleanup.4,TFMN4,exp2,ACN3788,concY_largeLib_PCR_DpnI_cleanup,4,3,P,verABLib_large,A78,B117,A78-B117,3
TFMN4.exp2.ACN3788.concY_largeLib_PCR_DpnI_cleanup.4.T3.P,SeqCenter_2026-05-26_QUO1022807,E9,TFMN4.exp2.ACN3788.concY_largeLib_PCR_DpnI_cleanup.4,TFMN4,exp2,ACN3788,concY_largeLib_PCR_DpnI_cleanup,4,3,P,verABLib_large,A78,B143,A78-B143,1
TFMN4.exp2.ACN3788.concY_largeLib_PCR_DpnI_cleanup.4.T3.P,SeqCenter_2026-05-26_QUO1022807,E9,TFMN4.exp2.ACN3788.concY_largeLib_PCR_DpnI_cleanup.4,TFMN4,exp2,ACN3788,concY_largeLib_PCR_DpnI_cleanup,4,3,P,verABLib_large,A78,B155,A78-B155,2
TFMN4.exp2.ACN3788.concY_largeLib_PCR_DpnI_cleanup.4.T3.P,SeqCenter_2026-05-26_QUO1022807,E9,TFMN4.exp2.ACN3788.concY_largeLib_PCR_DpnI_cleanup.4,TFMN4,exp2,ACN3788,concY_largeLib_PCR_DpnI_cleanup,4,3,P,verABLib_large,A78,B18,A78-B18,4
TFMN4.exp2.ACN3788.concY_largeLib_PCR_DpnI_cleanup.4.T3.P,SeqCenter_2026-05-26_QUO1022807,E9,TFMN4.exp2.ACN3788.concY_largeLib_PCR_DpnI_cleanup.4,TFMN4,exp2,ACN3788,concY_largeLib_PCR_DpnI_cleanup,4,3,P,verABLib_large,A78,B70,A78-B70,1
TFMN4.exp2.ACN3788.concY_largeLib_PCR_DpnI_cleanup.4.T3.P,SeqCenter_2026-05-26_QUO1022807,E9,TFMN4.exp2.ACN3788.concY_largeLib_PCR_DpnI_cleanup.4,TFMN4,exp2,ACN3788,concY_largeLib_PCR_DpnI_cleanup,4,3,P,verABLib_large,A81,B117,A81-B117,1
TFMN4.exp2.ACN3788.concY_largeLib_PCR_DpnI_cleanup.4.T3.P,SeqCenter_2026-05-26_QUO1022807,E9,TFMN4.exp2.ACN3788.concY_largeLib_PCR_DpnI_cleanup.4,TFMN4,exp2,ACN3788,concY_largeLib_PCR_DpnI_cleanup,4,3,P,verABLib_large,A81,B18,A81-B18,1
TFMN4.exp2.ACN3788.concY_largeLib_PCR_DpnI_cleanup.4.T3.P,SeqCenter_2026-05-26_QUO1022807,E9,TFMN4.exp2.ACN3788.concY_largeLib_PCR_DpnI_cleanup.4,TFMN4,exp2,ACN3788,concY_largeLib_PCR_DpnI_cleanup,4,3,P,verABLib_large,A81,B42,A81-B42,1
TFMN4.exp2.ACN3788.concY_largeLib_PCR_DpnI_cleanup.4.T3.P,SeqCenter_2026-05-26_QUO1022807,E9,TFMN4.exp2.ACN3788.concY_largeLib_PCR_DpnI_cleanup.4,TFMN4,exp2,ACN3788,concY_largeLib_PCR_DpnI_cleanup,4,3,P,verABLib_large,A81,B70,A81-B70,3
TFMN4.exp2.ACN3788.concY_largeLib_PCR_DpnI_cleanup.4.T3.P,SeqCenter_2026-05-26_QUO1022807,E9,TFMN4.exp2.ACN3788.concY_largeLib_PCR_DpnI_cleanup.4,TFMN4,exp2,ACN3788,concY_largeLib_PCR_DpnI_cleanup,4,3,P,verABLib_large,A83,B101,A83-B101,3
TFMN4.exp2.ACN3788.concY_largeLib_PCR_DpnI_cleanup.4.T3.P,SeqCenter_2026-05-26_QUO1022807,E9,TFMN4.exp2.ACN3788.concY_largeLib_PCR_DpnI_cleanup.4,TFMN4,exp2,ACN3788,concY_largeLib_PCR_DpnI_cleanup,4,3,P,verABLib_large,A83,B130,A83-B130,2
TFMN4.exp2.ACN3788.concY_largeLib_PCR_DpnI_cleanup.4.T3.P,SeqCenter_2026-05-26_QUO1022807,E9,TFMN4.exp2.ACN3788.concY_largeLib_PCR_DpnI_cleanup.4,TFMN4,exp2,ACN3788,concY_largeLib_PCR_DpnI_cleanup,4,3,P,verABLib_large,A83,B18,A83-B18,1
TFMN4.exp2.ACN3788.concY_largeLib_PCR_DpnI_cleanup.4.T3.P,SeqCenter_2026-05-26_QUO1022807,E9,TFMN4.exp2.ACN3788.concY_largeLib_PCR_DpnI_cleanup.4,TFMN4,exp2,ACN3788,concY_largeLib_PCR_DpnI_cleanup,4,3,P,verABLib_large,A90,B11,A90-B11,3
TFMN4.exp2.ACN3788.concY_largeLib_PCR_DpnI_cleanup.4.T3.P,SeqCenter_2026-05-26_QUO1022807,E9,TFMN4.exp2.ACN3788.concY_largeLib_PCR_DpnI_cleanup.4,TFMN4,exp2,ACN3788,concY_largeLib_PCR_DpnI_cleanup,4,3,P,verABLib_large,A90,B123,A90-B123,1
TFMN4.exp2.ACN3788.concY_largeLib_PCR_DpnI_cleanup.4.T3.P,SeqCenter_2026-05-26_QUO1022807,E9,TFMN4.exp2.ACN3788.concY_largeLib_PCR_DpnI_cleanup.4,TFMN4,exp2,ACN3788,concY_largeLib_PCR_DpnI_cleanup,4,3,P,verABLib_large,A96,B101,A96-B101,2
TFMN4.exp2.ACN3788.concY_largeLib_PCR_DpnI_cleanup.4.T3.P,SeqCenter_2026-05-26_QUO1022807,E9,TFMN4.exp2.ACN3788.concY_largeLib_PCR_DpnI_cleanup.4,TFMN4,exp2,ACN3788,concY_largeLib_PCR_DpnI_cleanup,4,3,P,verABLib_large,A96,B75,A96-B75,3
TFMN4.exp2.ACN3788.concY_largeLib_PCR_DpnI_cleanup.4.T3.P,SeqCenter_2026-05-26_QUO1022807,E9,TFMN4.exp2.ACN3788.concY_largeLib_PCR_DpnI_cleanup.4,TFMN4,exp2,ACN3788,concY_largeLib_PCR_DpnI_cleanup,4,3,P,verABLib_large,A96,B79,A96-B79,3
TFMN4.exp2.ACN3788.concY_largeLib_PCR_DpnI_cleanup.4.T4.P,SeqCenter_2026-05-26_QUO1022807,E9,TFMN4.exp2.ACN3788.concY_largeLib_PCR_DpnI_cleanup.4,TFMN4,exp2,ACN3788,concY_largeLib_PCR_DpnI_cleanup,4,4,P,verABLib_large,A152,B151,A152-B151,3
TFMN4.exp2.ACN3788.concY_largeLib_PCR_DpnI_cleanup.4.T4.P,SeqCenter_2026-05-26_QUO1022807,E9,TFMN4.exp2.ACN3788.concY_largeLib_PCR_DpnI_cleanup.4,TFMN4,exp2,ACN3788,concY_largeLib_PCR_DpnI_cleanup,4,4,P,verABLib_large,A152,B154,A152-B154,1
TFMN4.exp2.ACN3788.concY_largeLib_PCR_DpnI_cleanup.4.T4.P,SeqCenter_2026-05-26_QUO1022807,E9,TFMN4.exp2.ACN3788.concY_largeLib_PCR_DpnI_cleanup.4,TFMN4,exp2,ACN3788,concY_largeLib_PCR_DpnI_cleanup,4,4,P,verABLib_large,A152,B171,A152-B171,1
TFMN4.exp2.ACN3788.concY_largeLib_PCR_DpnI_cleanup.4.T4.P,SeqCenter_2026-05-26_QUO1022807,E9,TFMN4.exp2.ACN3788.concY_largeLib_PCR_DpnI_cleanup.4,TFMN4,exp2,ACN3788,concY_largeLib_PCR_DpnI_cleanup,4,4,P,verABLib_large,A152,B2,A152-B2,1
TFMN4.exp2.ACN3788.concY_largeLib_PCR_DpnI_cleanup.4.T4.P,SeqCenter_2026-05-26_QUO1022807,E9,TFMN4.exp2.ACN3788.concY_largeLib_PCR_DpnI_cleanup.4,TFMN4,exp2,ACN3788,concY_largeLib_PCR_DpnI_cleanup,4,4,P,verABLib_large,A152,B32,A152-B32,1
TFMN4.exp2.ACN3788.concY_largeLib_PCR_DpnI_cleanup.4.T4.P,SeqCenter_2026-05-26_QUO1022807,E9,TFMN4.exp2.ACN3788.concY_largeLib_PCR_DpnI_cleanup.4,TFMN4,exp2,ACN3788,concY_largeLib_PCR_DpnI_cleanup,4,4,P,verABLib_large,A153,B101,A153-B101,2
TFMN4.exp2.ACN3788.concY_largeLib_PCR_DpnI_cleanup.4.T4.P,SeqCenter_2026-05-26_QUO1022807,E9,TFMN4.exp2.ACN3788.concY_largeLib_PCR_DpnI_cleanup.4,TFMN4,exp2,ACN3788,concY_largeLib_PCR_DpnI_cleanup,4,4,P,verABLib_large,A153,B117,A153-B117,3
TFMN4.exp2.ACN3788.concY_largeLib_PCR_DpnI_cleanup.4.T4.P,SeqCenter_2026-05-26_QUO1022807,E9,TFMN4.exp2.ACN3788.concY_largeLib_PCR_DpnI_cleanup.4,TFMN4,exp2,ACN3788,concY_largeLib_PCR_DpnI_cleanup,4,4,P,verABLib_large,A153,B165,A153-B165,2
TFMN4.exp2.ACN3788.concY_largeLib_PCR_DpnI_cleanup.4.T4.P,SeqCenter_2026-05-26_QUO1022807,E9,TFMN4.exp2.ACN3788.concY_largeLib_PCR_DpnI_cleanup.4,TFMN4,exp2,ACN3788,concY_largeLib_PCR_DpnI_cleanup,4,4,P,verABLib_large,A153,B6,A153-B6,8
TFMN4.exp2.ACN3788.concY_largeLib_PCR_DpnI_cleanup.4.T4.P,SeqCenter_2026-05-26_QUO1022807,E9,TFMN4.exp2.ACN3788.concY_largeLib_PCR_DpnI_cleanup.4,TFMN4,exp2,ACN3788,concY_largeLib_PCR_DpnI_cleanup,4,4,P,verABLib_large,A16,B51,A16-B51,7
TFMN4.exp2.ACN3788.concY_largeLib_PCR_DpnI_cleanup.4.T4.P,SeqCenter_2026-05-26_QUO1022807,E9,TFMN4.exp2.ACN3788.concY_largeLib_PCR_DpnI_cleanup.4,TFMN4,exp2,ACN3788,concY_largeLib_PCR_DpnI_cleanup,4,4,P,verABLib_large,A176,B101,A176-B101,1
TFMN4.exp2.ACN3788.concY_largeLib_PCR_DpnI_cleanup.4.T4.P,SeqCenter_2026-05-26_QUO1022807,E9,TFMN4.exp2.ACN3788.concY_largeLib_PCR_DpnI_cleanup.4,TFMN4,exp2,ACN3788,concY_largeLib_PCR_DpnI_cleanup,4,4,P,verABLib_large,A176,B30,A176-B30,4
TFMN4.exp2.ACN3788.concY_largeLib_PCR_DpnI_cleanup.4.T4.P,SeqCenter_2026-05-26_QUO1022807,E9,TFMN4.exp2.ACN3788.concY_largeLib_PCR_DpnI_cleanup.4,TFMN4,exp2,ACN3788,concY_largeLib_PCR_DpnI_cleanup,4,4,P,verABLib_large,A176,B6,A176-B6,4
TFMN4.exp2.ACN3788.concY_largeLib_PCR_DpnI_cleanup.4.T4.P,SeqCenter_2026-05-26_QUO1022807,E9,TFMN4.exp2.ACN3788.concY_largeLib_PCR_DpnI_cleanup.4,TFMN4,exp2,ACN3788,concY_largeLib_PCR_DpnI_cleanup,4,4,P,verABLib_large,A196,B103,A196-B103,6
TFMN4.exp2.ACN3788.concY_largeLib_PCR_DpnI_cleanup.4.T4.P,SeqCenter_2026-05-26_QUO1022807,E9,TFMN4.exp2.ACN3788.concY_largeLib_PCR_DpnI_cleanup.4,TFMN4,exp2,ACN3788,concY_largeLib_PCR_DpnI_cleanup,4,4,P,verABLib_large,A196,B117,A196-B117,1
TFMN4.exp2.ACN3788.concY_largeLib_PCR_DpnI_cleanup.4.T4.P,SeqCenter_2026-05-26_QUO1022807,E9,TFMN4.exp2.ACN3788.concY_largeLib_PCR_DpnI_cleanup.4,TFMN4,exp2,ACN3788,concY_largeLib_PCR_DpnI_cleanup,4,4,P,verABLib_large,A196,B136,A196-B136,3
TFMN4.exp2.ACN3788.concY_largeLib_PCR_DpnI_cleanup.4.T4.P,SeqCenter_2026-05-26_QUO1022807,E9,TFMN4.exp2.ACN3788.concY_largeLib_PCR_DpnI_cleanup.4,TFMN4,exp2,ACN3788,concY_largeLib_PCR_DpnI_cleanup,4,4,P,verABLib_large,A196,B147,A196-B147,6
TFMN4.exp2.ACN3788.concY_largeLib_PCR_DpnI_cleanup.4.T4.P,SeqCenter_2026-05-26_QUO1022807,E9,TFMN4.exp2.ACN3788.concY_largeLib_PCR_DpnI_cleanup.4,TFMN4,exp2,ACN3788,concY_largeLib_PCR_DpnI_cleanup,4,4,P,verABLib_large,A196,B150,A196-B150,10
TFMN4.exp2.ACN3788.concY_largeLib_PCR_DpnI_cleanup.4.T4.P,SeqCenter_2026-05-26_QUO1022807,E9,TFMN4.exp2.ACN3788.concY_largeLib_PCR_DpnI_cleanup.4,TFMN4,exp2,ACN3788,concY_largeLib_PCR_DpnI_cleanup,4,4,P,verABLib_large,A196,B171,A196-B171,5
TFMN4.exp2.ACN3788.concY_largeLib_PCR_DpnI_cleanup.4.T4.P,SeqCenter_2026-05-26_QUO1022807,E9,TFMN4.exp2.ACN3788.concY_largeLib_PCR_DpnI_cleanup.4,TFMN4,exp2,ACN3788,concY_largeLib_PCR_DpnI_cleanup,4,4,P,verABLib_large,A196,B174,A196-B174,11
TFMN4.exp2.ACN3788.concY_largeLib_PCR_DpnI_cleanup.4.T4.P,SeqCenter_2026-05-26_QUO1022807,E9,TFMN4.exp2.ACN3788.concY_largeLib_PCR_DpnI_cleanup.4,TFMN4,exp2,ACN3788,concY_largeLib_PCR_DpnI_cleanup,4,4,P,verABLib_large,A196,B4,A196-B4,77
TFMN4.exp2.ACN3788.concY_largeLib_PCR_DpnI_cleanup.4.T4.P,SeqCenter_2026-05-26_QUO1022807,E9,TFMN4.exp2.ACN3788.concY_largeLib_PCR_DpnI_cleanup.4,TFMN4,exp2,ACN3788,concY_largeLib_PCR_DpnI_cleanup,4,4,P,verABLib_large,A196,B6,A196-B6,15
TFMN4.exp2.ACN3788.concY_largeLib_PCR_DpnI_cleanup.4.T4.P,SeqCenter_2026-05-26_QUO1022807,E9,TFMN4.exp2.ACN3788.concY_largeLib_PCR_DpnI_cleanup.4,TFMN4,exp2,ACN3788,concY_largeLib_PCR_DpnI_cleanup,4,4,P,verABLib_large,A196,B65,A196-B65,3
TFMN4.exp2.ACN3788.concY_largeLib_PCR_DpnI_cleanup.4.T4.P,SeqCenter_2026-05-26_QUO1022807,E9,TFMN4.exp2.ACN3788.concY_largeLib_PCR_DpnI_cleanup.4,TFMN4,exp2,ACN3788,concY_largeLib_PCR_DpnI_cleanup,4,4,P,verABLib_large,A196,B70,A196-B70,2
TFMN4.exp2.ACN3788.concY_largeLib_PCR_DpnI_cleanup.4.T4.P,SeqCenter_2026-05-26_QUO1022807,E9,TFMN4.exp2.ACN3788.concY_largeLib_PCR_DpnI_cleanup.4,TFMN4,exp2,ACN3788,concY_largeLib_PCR_DpnI_cleanup,4,4,P,verABLib_large,A196,B75,A196-B75,12
TFMN4.exp2.ACN3788.concY_largeLib_PCR_DpnI_cleanup.4.T4.P,SeqCenter_2026-05-26_QUO1022807,E9,TFMN4.exp2.ACN3788.concY_largeLib_PCR_DpnI_cleanup.4,TFMN4,exp2,ACN3788,concY_largeLib_PCR_DpnI_cleanup,4,4,P,verABLib_large,A196,B79,A196-B79,14
TFMN4.exp2.ACN3788.concY_largeLib_PCR_DpnI_cleanup.4.T4.P,SeqCenter_2026-05-26_QUO1022807,E9,TFMN4.exp2.ACN3788.concY_largeLib_PCR_DpnI_cleanup.4,TFMN4,exp2,ACN3788,concY_largeLib_PCR_DpnI_cleanup,4,4,P,verABLib_large,A196,B85,A196-B85,8
TFMN4.exp2.ACN3788.concY_largeLib_PCR_DpnI_cleanup.4.T4.P,SeqCenter_2026-05-26_QUO1022807,E9,TFMN4.exp2.ACN3788.concY_largeLib_PCR_DpnI_cleanup.4,TFMN4,exp2,ACN3788,concY_largeLib_PCR_DpnI_cleanup,4,4,P,verABLib_large,A196,B9,A196-B9,14
TFMN4.exp2.ACN3788.concY_largeLib_PCR_DpnI_cleanup.4.T4.P,SeqCenter_2026-05-26_QUO1022807,E9,TFMN4.exp2.ACN3788.concY_largeLib_PCR_DpnI_cleanup.4,TFMN4,exp2,ACN3788,concY_largeLib_PCR_DpnI_cleanup,4,4,P,verABLib_large,A196,B98,A196-B98,4
TFMN4.exp2.ACN3788.concY_largeLib_PCR_DpnI_cleanup.4.T4.P,SeqCenter_2026-05-26_QUO1022807,E9,TFMN4.exp2.ACN3788.concY_largeLib_PCR_DpnI_cleanup.4,TFMN4,exp2,ACN3788,concY_largeLib_PCR_DpnI_cleanup,4,4,P,verABLib_large,A63,B117,A63-B117,5
TFMN4.exp2.ACN3788.concY_largeLib_PCR_DpnI_cleanup.4.T4.P,SeqCenter_2026-05-26_QUO1022807,E9,TFMN4.exp2.ACN3788.concY_largeLib_PCR_DpnI_cleanup.4,TFMN4,exp2,ACN3788,concY_largeLib_PCR_DpnI_cleanup,4,4,P,verABLib_large,A63,B18,A63-B18,1
TFMN4.exp2.ACN3788.concY_largeLib_PCR_DpnI_cleanup.4.T4.P,SeqCenter_2026-05-26_QUO1022807,E9,TFMN4.exp2.ACN3788.concY_largeLib_PCR_DpnI_cleanup.4,TFMN4,exp2,ACN3788,concY_largeLib_PCR_DpnI_cleanup,4,4,P,verABLib_large,A78,B101,A78-B101,2
TFMN4.exp2.ACN3788.concY_largeLib_PCR_DpnI_cleanup.4.T4.P,SeqCenter_2026-05-26_QUO1022807,E9,TFMN4.exp2.ACN3788.concY_largeLib_PCR_DpnI_cleanup.4,TFMN4,exp2,ACN3788,concY_largeLib_PCR_DpnI_cleanup,4,4,P,verABLib_large,A78,B117,A78-B117,5
TFMN4.exp2.ACN3788.concY_largeLib_PCR_DpnI_cleanup.4.T4.P,SeqCenter_2026-05-26_QUO1022807,E9,TFMN4.exp2.ACN3788.concY_largeLib_PCR_DpnI_cleanup.4,TFMN4,exp2,ACN3788,concY_largeLib_PCR_DpnI_cleanup,4,4,P,verABLib_large,A78,B144,A78-B144,1
TFMN4.exp2.ACN3788.concY_largeLib_PCR_DpnI_cleanup.4.T4.P,SeqCenter_2026-05-26_QUO1022807,E9,TFMN4.exp2.ACN3788.concY_largeLib_PCR_DpnI_cleanup.4,TFMN4,exp2,ACN3788,concY_largeLib_PCR_DpnI_cleanup,4,4,P,verABLib_large,A78,B70,A78-B70,2
TFMN4.exp2.ACN3788.concY_largeLib_PCR_DpnI_cleanup.4.T4.P,SeqCenter_2026-05-26_QUO1022807,E9,TFMN4.exp2.ACN3788.concY_largeLib_PCR_DpnI_cleanup.4,TFMN4,exp2,ACN3788,concY_largeLib_PCR_DpnI_cleanup,4,4,P,verABLib_large,A81,B117,A81-B117,1
TFMN4.exp2.ACN3788.concY_largeLib_PCR_DpnI_cleanup.4.T4.P,SeqCenter_2026-05-26_QUO1022807,E9,TFMN4.exp2.ACN3788.concY_largeLib_PCR_DpnI_cleanup.4,TFMN4,exp2,ACN3788,concY_largeLib_PCR_DpnI_cleanup,4,4,P,verABLib_large,A81,B18,A81-B18,3
TFMN4.exp2.ACN3788.concY_largeLib_PCR_DpnI_cleanup.4.T4.P,SeqCenter_2026-05-26_QUO1022807,E9,TFMN4.exp2.ACN3788.concY_largeLib_PCR_DpnI_cleanup.4,TFMN4,exp2,ACN3788,concY_largeLib_PCR_DpnI_cleanup,4,4,P,verABLib_large,A81,B30,A81-B30,5
TFMN4.exp2.ACN3788.concY_largeLib_PCR_DpnI_cleanup.4.T4.P,SeqCenter_2026-05-26_QUO1022807,E9,TFMN4.exp2.ACN3788.concY_largeLib_PCR_DpnI_cleanup.4,TFMN4,exp2,ACN3788,concY_largeLib_PCR_DpnI_cleanup,4,4,P,verABLib_large,A81,B87,A81-B87,1
TFMN4.exp2.ACN3788.concY_largeLib_PCR_DpnI_cleanup.4.T4.P,SeqCenter_2026-05-26_QUO1022807,E9,TFMN4.exp2.ACN3788.concY_largeLib_PCR_DpnI_cleanup.4,TFMN4,exp2,ACN3788,concY_largeLib_PCR_DpnI_cleanup,4,4,P,verABLib_large,A83,B18,A83-B18,3
TFMN4.exp2.ACN3788.concY_largeLib_PCR_DpnI_cleanup.4.T4.P,SeqCenter_2026-05-26_QUO1022807,E9,TFMN4.exp2.ACN3788.concY_largeLib_PCR_DpnI_cleanup.4,TFMN4,exp2,ACN3788,concY_largeLib_PCR_DpnI_cleanup,4,4,P,verABLib_large,A96,B75,A96-B75,5
TFMN4.exp2.ACN3788.concY_largeLib_PCR_DpnI_cleanup.4.T4.P,SeqCenter_2026-05-26_QUO1022807,E9,TFMN4.exp2.ACN3788.concY_largeLib_PCR_DpnI_cleanup.4,TFMN4,exp2,ACN3788,concY_largeLib_PCR_DpnI_cleanup,4,4,P,verABLib_large,A96,B79,A96-B79,4
TFMN4.exp2.ACN3788.concY_largeLib_PCR_DpnI_cleanup.4.T6.P,SeqCenter_2026-05-26_QUO1022807,E9,TFMN4.exp2.ACN3788.concY_largeLib_PCR_DpnI_cleanup.4,TFMN4,exp2,ACN3788,concY_largeLib_PCR_DpnI_cleanup,4,6,P,verABLib_large,A153,B6,A153-B6,1
TFMN4.exp2.ACN3788.concY_largeLib_PCR_DpnI_cleanup.4.T6.P,SeqCenter_2026-05-26_QUO1022807,E9,TFMN4.exp2.ACN3788.concY_largeLib_PCR_DpnI_cleanup.4,TFMN4,exp2,ACN3788,concY_largeLib_PCR_DpnI_cleanup,4,6,P,verABLib_large,A196,B117,A196-B117,2
TFMN4.exp2.ACN3788.concY_largeLib_PCR_DpnI_cleanup.4.T6.P,SeqCenter_2026-05-26_QUO1022807,E9,TFMN4.exp2.ACN3788.concY_largeLib_PCR_DpnI_cleanup.4,TFMN4,exp2,ACN3788,concY_largeLib_PCR_DpnI_cleanup,4,6,P,verABLib_large,A196,B4,A196-B4,150
TFMN4.exp2.ACN3788.concY_largeLib_PCR_DpnI_cleanup.4.T6.P,SeqCenter_2026-05-26_QUO1022807,E9,TFMN4.exp2.ACN3788.concY_largeLib_PCR_DpnI_cleanup.4,TFMN4,exp2,ACN3788,concY_largeLib_PCR_DpnI_cleanup,4,6,P,verABLib_large,A196,B52,A196-B52,1
TFMN4.exp2.ACN3788.concY_largeLib_PCR_DpnI_cleanup.4.T6.P,SeqCenter_2026-05-26_QUO1022807,E9,TFMN4.exp2.ACN3788.concY_largeLib_PCR_DpnI_cleanup.4,TFMN4,exp2,ACN3788,concY_largeLib_PCR_DpnI_cleanup,4,6,P,verABLib_large,A196,B6,A196-B6,7
TFMN4.exp2.ACN3788.concY_largeLib_PCR_DpnI_cleanup.4.T6.P,SeqCenter_2026-05-26_QUO1022807,E9,TFMN4.exp2.ACN3788.concY_largeLib_PCR_DpnI_cleanup.4,TFMN4,exp2,ACN3788,concY_largeLib_PCR_DpnI_cleanup,4,6,P,verABLib_large,A196,B70,A196-B70,1
TFMN4.exp2.ACN3788.concY_largeLib_PCR_DpnI_cleanup.4.T6.P,SeqCenter_2026-05-26_QUO1022807,E9,TFMN4.exp2.ACN3788.concY_largeLib_PCR_DpnI_cleanup.4,TFMN4,exp2,ACN3788,concY_largeLib_PCR_DpnI_cleanup,4,6,P,verABLib_large,A196,B85,A196-B85,2
TFMN4.exp2.ACN3788.concY_largeLib_PCR_DpnI_cleanup.4.T6.P,SeqCenter_2026-05-26_QUO1022807,E9,TFMN4.exp2.ACN3788.concY_largeLib_PCR_DpnI_cleanup.4,TFMN4,exp2,ACN3788,concY_largeLib_PCR_DpnI_cleanup,4,6,P,verABLib_large,A196,B9,A196-B9,2
TFMN4.exp2.ACN3788.concY_largeLib_PCR_DpnI_cleanup.4.T6.P,SeqCenter_2026-05-26_QUO1022807,E9,TFMN4.exp2.ACN3788.concY_largeLib_PCR_DpnI_cleanup.4,TFMN4,exp2,ACN3788,concY_largeLib_PCR_DpnI_cleanup,4,6,P,verABLib_large,A63,B26,A63-B26,1
TFMN4.exp2.ACN3788.concY_largeLib_PCR_DpnI_cleanup.4.T6.P,SeqCenter_2026-05-26_QUO1022807,E9,TFMN4.exp2.ACN3788.concY_largeLib_PCR_DpnI_cleanup.4,TFMN4,exp2,ACN3788,concY_largeLib_PCR_DpnI_cleanup,4,6,P,verABLib_large,A81,B30,A81-B30,2
TFMN4.exp2.ACN3788.concY_largeLib_PCR_DpnI_cleanup.4.T6.P,SeqCenter_2026-05-26_QUO1022807,E9,TFMN4.exp2.ACN3788.concY_largeLib_PCR_DpnI_cleanup.4,TFMN4,exp2,ACN3788,concY_largeLib_PCR_DpnI_cleanup,4,6,P,verABLib_large,A83,B101,A83-B101,3
TFMN4.exp2.ACN3788.concY_largeLib_PCR_DpnI_cleanup.4.T6.P,SeqCenter_2026-05-26_QUO1022807,E9,TFMN4.exp2.ACN3788.concY_largeLib_PCR_DpnI_cleanup.4,TFMN4,exp2,ACN3788,concY_largeLib_PCR_DpnI_cleanup,4,6,P,verABLib_large,A96,B6,A96-B6,1
TFMN4.exp2.ACN3788.concY_largeLib_PCR_DpnI_cleanup.5.T3.P,SeqCenter_2026-05-26_QUO1022807,F9,TFMN4.exp2.ACN3788.concY_largeLib_PCR_DpnI_cleanup.5,TFMN4,exp2,ACN3788,concY_largeLib_PCR_DpnI_cleanup,5,3,P,verABLib_large,A153,B40,A153-B40,16
TFMN4.exp2.ACN3788.concY_largeLib_PCR_DpnI_cleanup.5.T3.P,SeqCenter_2026-05-26_QUO1022807,F9,TFMN4.exp2.ACN3788.concY_largeLib_PCR_DpnI_cleanup.5,TFMN4,exp2,ACN3788,concY_largeLib_PCR_DpnI_cleanup,5,3,P,verABLib_large,A176,B8,A176-B8,8
TFMN4.exp2.ACN3788.concY_largeLib_PCR_DpnI_cleanup.5.T3.P,SeqCenter_2026-05-26_QUO1022807,F9,TFMN4.exp2.ACN3788.concY_largeLib_PCR_DpnI_cleanup.5,TFMN4,exp2,ACN3788,concY_largeLib_PCR_DpnI_cleanup,5,3,P,verABLib_large,A25,B40,A25-B40,1
TFMN4.exp2.ACN3788.concY_largeLib_PCR_DpnI_cleanup.5.T3.P,SeqCenter_2026-05-26_QUO1022807,F9,TFMN4.exp2.ACN3788.concY_largeLib_PCR_DpnI_cleanup.5,TFMN4,exp2,ACN3788,concY_largeLib_PCR_DpnI_cleanup,5,3,P,verABLib_large,A81,B26,A81-B26,15
TFMN4.exp2.ACN3788.concY_largeLib_PCR_DpnI_cleanup.5.T4.P,SeqCenter_2026-05-26_QUO1022807,F9,TFMN4.exp2.ACN3788.concY_largeLib_PCR_DpnI_cleanup.5,TFMN4,exp2,ACN3788,concY_largeLib_PCR_DpnI_cleanup,5,4,P,verABLib_large,A145,B40,A145-B40,2
TFMN4.exp2.ACN3788.concY_largeLib_PCR_DpnI_cleanup.5.T4.P,SeqCenter_2026-05-26_QUO1022807,F9,TFMN4.exp2.ACN3788.concY_largeLib_PCR_DpnI_cleanup.5,TFMN4,exp2,ACN3788,concY_largeLib_PCR_DpnI_cleanup,5,4,P,verABLib_large,A153,B40,A153-B40,92
TFMN4.exp2.ACN3788.concY_largeLib_PCR_DpnI_cleanup.5.T4.P,SeqCenter_2026-05-26_QUO1022807,F9,TFMN4.exp2.ACN3788.concY_largeLib_PCR_DpnI_cleanup.5,TFMN4,exp2,ACN3788,concY_largeLib_PCR_DpnI_cleanup,5,4,P,verABLib_large,A153,B8,A153-B8,1
TFMN4.exp2.ACN3788.concY_largeLib_PCR_DpnI_cleanup.5.T4.P,SeqCenter_2026-05-26_QUO1022807,F9,TFMN4.exp2.ACN3788.concY_largeLib_PCR_DpnI_cleanup.5,TFMN4,exp2,ACN3788,concY_largeLib_PCR_DpnI_cleanup,5,4,P,verABLib_large,A155,B40,A155-B40,1
TFMN4.exp2.ACN3788.concY_largeLib_PCR_DpnI_cleanup.5.T4.P,SeqCenter_2026-05-26_QUO1022807,F9,TFMN4.exp2.ACN3788.concY_largeLib_PCR_DpnI_cleanup.5,TFMN4,exp2,ACN3788,concY_largeLib_PCR_DpnI_cleanup,5,4,P,verABLib_large,A176,B8,A176-B8,3
TFMN4.exp2.ACN3788.concY_largeLib_PCR_DpnI_cleanup.5.T4.P,SeqCenter_2026-05-26_QUO1022807,F9,TFMN4.exp2.ACN3788.concY_largeLib_PCR_DpnI_cleanup.5,TFMN4,exp2,ACN3788,concY_largeLib_PCR_DpnI_cleanup,5,4,P,verABLib_large,A25,B40,A25-B40,1
TFMN4.exp2.ACN3788.concY_largeLib_PCR_DpnI_cleanup.5.T4.P,SeqCenter_2026-05-26_QUO1022807,F9,TFMN4.exp2.ACN3788.concY_largeLib_PCR_DpnI_cleanup.5,TFMN4,exp2,ACN3788,concY_largeLib_PCR_DpnI_cleanup,5,4,P,verABLib_large,A81,B26,A81-B26,38
TFMN4.exp2.ACN3788.concY_smallLib_PCR_DpnI_cleanup.4.T3.P,SeqCenter_2026-05-26_QUO1022807,G8,TFMN4.exp2.ACN3788.concY_smallLib_PCR_DpnI_cleanup.4,TFMN4,exp2,ACN3788,concY_smallLib_PCR_DpnI_cleanup,4,3,P,verABLib_large,A63,B102,A63-B102,4
