Sample,DNA_construct,Replicate,Candidate,verA,verB,n_obs_timepoints,total_reads,max_count,transfers_observed,freq_T3,freq_T13,s_per_cycle,se_per_cycle,r2_per_cycle,s_per_generation,se_per_generation,s_per_hour_measured,s_per_hour_nominal,monotonic,quality,estimable,sweep_winner
B4_p_bcfr,pyruvate,bcfr,A196-B59,A196,B59,2,410,247,"3,4",0.04125537838521893,0.0,0.4034354552015429,0.5862006925448903,0.3214117786803099,0.119471547354627,0.1450010222033549,0.015281646030361473,0.04034354552015429,True,fair,True,False
B4_p_bcfr,pyruvate,bcfr,A78-B137,A78,B137,2,260,163,"3,4",0.02455074664641863,0.0,0.344216138522859,0.6537622230543707,0.2170488462214094,0.10888991118069388,0.16658461155767032,0.01303849009556284,0.0344216138522859,True,fair,True,False
B4_p_bcfr,pyruvate,bcfr,A81-B8,A81,B8,3,4031,2983,"3,4,13",0.06276891926094659,0.8464812712826334,0.3424774872779115,0.06467152169625257,0.9655693230023846,0.10479250267367594,0.01851921969244621,0.012972632093860285,0.03424774872779115,True,good,True,True
B4_p_bcfr,pyruvate,bcfr,A89-B121,A89,B121,1,2,2,13,0.0,0.0005675368898978433,0.3420947025844083,0.0024342134676646654,0.999949370616982,0.10379829025644279,0.0006278969643298291,0.01295813267365183,0.03420947025844083,False,none,False,False
B4_p_bcfr,pyruvate,bcfr,A113-B8,A113,B8,1,1,1,13,0.0,0.00028376844494892167,0.28859943570562857,0.006290791614075702,0.9995250877823523,0.08756948725167987,0.000651824488204452,0.010931796807031385,0.028859943570562856,False,none,False,False
B4_p_bcfr,pyruvate,bcfr,A186-B99,A186,B99,1,1,1,13,0.0,0.00028376844494892167,0.28859943570562857,0.006290791614075702,0.9995250877823523,0.08756948725167987,0.000651824488204452,0.010931796807031385,0.028859943570562856,False,none,False,False
B4_p_bcfr,pyruvate,bcfr,A42-B18,A42,B18,1,1,1,13,0.0,0.00028376844494892167,0.28859943570562857,0.006290791614075702,0.9995250877823523,0.08756948725167987,0.000651824488204452,0.010931796807031385,0.028859943570562856,False,none,False,False
B4_p_bcfr,pyruvate,bcfr,A51-B84,A51,B84,1,1,1,13,0.0,0.00028376844494892167,0.28859943570562857,0.006290791614075702,0.9995250877823523,0.08756948725167987,0.000651824488204452,0.010931796807031385,0.028859943570562856,False,none,False,False
B4_p_bcfr,pyruvate,bcfr,A81-B5,A81,B5,1,1,1,13,0.0,0.00028376844494892167,0.28859943570562857,0.006290791614075702,0.9995250877823523,0.08756948725167987,0.000651824488204452,0.010931796807031385,0.028859943570562856,False,none,False,False
B4_p_bcfr,pyruvate,bcfr,A81-B7,A81,B7,1,1,1,13,0.0,0.00028376844494892167,0.28859943570562857,0.006290791614075702,0.9995250877823523,0.08756948725167987,0.000651824488204452,0.010931796807031385,0.028859943570562856,False,none,False,False
B4_p_bcfr,pyruvate,bcfr,A186-B79,A186,B79,3,443,257,"3,4,13",0.03214376107314604,0.07292849035187288,0.27148763080214494,0.04123879046812215,0.9774469674690826,0.08187681388014335,0.013533007506935927,0.010283622378869128,0.027148763080214494,False,good,True,False
B4_p_bcfr,pyruvate,bcfr,A138-B79,A138,B79,2,2,1,"4,13",0.0,0.00028376844494892167,0.2031094859417591,0.09129171597755775,0.8319303501660965,0.06238900048465094,0.02688088973765677,0.007693541134157542,0.02031094859417591,True,fair,True,False
B4_p_bcfr,pyruvate,bcfr,A78-B141,A78,B141,2,2,1,"4,13",0.0,0.00028376844494892167,0.2031094859417591,0.09129171597755775,0.8319303501660965,0.06238900048465094,0.02688088973765677,0.007693541134157542,0.02031094859417591,True,fair,True,False
B4_p_bcfr,pyruvate,bcfr,A93-B8,A93,B8,2,2,1,"4,13",0.0,0.00028376844494892167,0.2031094859417591,0.09129171597755775,0.8319303501660965,0.06238900048465094,0.02688088973765677,0.007693541134157542,0.02031094859417591,True,fair,True,False
B4_p_bcfr,pyruvate,bcfr,A101-B8,A101,B8,2,2,1,"3,13",0.0002531004808909137,0.00028376844494892167,0.20181766798385764,0.06236149964013413,0.9128414336641948,0.06062815335022018,0.01966034340853722,0.007644608635752184,0.020181766798385764,True,fair,True,False
B4_p_bcfr,pyruvate,bcfr,A65-B8,A65,B8,2,2,1,"3,13",0.0002531004808909137,0.00028376844494892167,0.20181766798385764,0.06236149964013413,0.9128414336641948,0.06062815335022018,0.01966034340853722,0.007644608635752184,0.020181766798385764,True,fair,True,False
B4_p_bcfr,pyruvate,bcfr,A152-B100,A152,B100,3,38,15,"3,4,13",0.0037965072133637054,0.0031214528944381384,0.1526314272200985,0.001296153808894016,0.9999278902761499,0.046197311518770226,0.000536994336207781,0.005781493455306762,0.015263142722009852,False,good,True,False
B4_p_bcfr,pyruvate,bcfr,A143-B84,A143,B84,3,556,293,"3,4,13",0.033409263477600606,0.03717366628830874,0.11970682240747921,0.10817953370601836,0.5504543993470377,0.03713556629288024,0.032104305702365686,0.004534349333616637,0.011970682240747921,False,fair,True,False
B4_p_bcfr,pyruvate,bcfr,A148-B30,A148,B30,1,1,1,4,0.0,0.0,0.0930075125109146,0.14516233732806827,0.2910386720114704,0.02932883718984277,0.043569434882389256,0.0035230118375346444,0.00930075125109146,False,none,False,False
B4_p_bcfr,pyruvate,bcfr,A152-B94,A152,B94,1,1,1,4,0.0,0.0,0.0930075125109146,0.14516233732806827,0.2910386720114704,0.02932883718984277,0.043569434882389256,0.0035230118375346444,0.00930075125109146,False,none,False,False
B4_p_bcfr,pyruvate,bcfr,A193-B117,A193,B117,1,1,1,4,0.0,0.0,0.0930075125109146,0.14516233732806827,0.2910386720114704,0.02932883718984277,0.043569434882389256,0.0035230118375346444,0.00930075125109146,False,none,False,False
B4_p_bcfr,pyruvate,bcfr,A193-B123,A193,B123,1,1,1,4,0.0,0.0,0.0930075125109146,0.14516233732806827,0.2910386720114704,0.02932883718984277,0.043569434882389256,0.0035230118375346444,0.00930075125109146,False,none,False,False
B4_p_bcfr,pyruvate,bcfr,A193-B27,A193,B27,1,1,1,4,0.0,0.0,0.0930075125109146,0.14516233732806827,0.2910386720114704,0.02932883718984277,0.043569434882389256,0.0035230118375346444,0.00930075125109146,False,none,False,False
B4_p_bcfr,pyruvate,bcfr,A196-B40,A196,B40,1,1,1,4,0.0,0.0,0.0930075125109146,0.14516233732806827,0.2910386720114704,0.02932883718984277,0.043569434882389256,0.0035230118375346444,0.00930075125109146,False,none,False,False
B4_p_bcfr,pyruvate,bcfr,A196-B55,A196,B55,1,1,1,4,0.0,0.0,0.0930075125109146,0.14516233732806827,0.2910386720114704,0.02932883718984277,0.043569434882389256,0.0035230118375346444,0.00930075125109146,False,none,False,False
B4_p_bcfr,pyruvate,bcfr,A20-B101,A20,B101,1,1,1,4,0.0,0.0,0.0930075125109146,0.14516233732806827,0.2910386720114704,0.02932883718984277,0.043569434882389256,0.0035230118375346444,0.00930075125109146,False,none,False,False
B4_p_bcfr,pyruvate,bcfr,A31-B151,A31,B151,1,1,1,4,0.0,0.0,0.0930075125109146,0.14516233732806827,0.2910386720114704,0.02932883718984277,0.043569434882389256,0.0035230118375346444,0.00930075125109146,False,none,False,False
B4_p_bcfr,pyruvate,bcfr,A4-B171,A4,B171,1,1,1,4,0.0,0.0,0.0930075125109146,0.14516233732806827,0.2910386720114704,0.02932883718984277,0.043569434882389256,0.0035230118375346444,0.00930075125109146,False,none,False,False
B4_p_bcfr,pyruvate,bcfr,A4-B2,A4,B2,1,1,1,4,0.0,0.0,0.0930075125109146,0.14516233732806827,0.2910386720114704,0.02932883718984277,0.043569434882389256,0.0035230118375346444,0.00930075125109146,False,none,False,False
B4_p_bcfr,pyruvate,bcfr,A5-B87,A5,B87,1,1,1,4,0.0,0.0,0.0930075125109146,0.14516233732806827,0.2910386720114704,0.02932883718984277,0.043569434882389256,0.0035230118375346444,0.00930075125109146,False,none,False,False
B4_p_bcfr,pyruvate,bcfr,A66-B151,A66,B151,1,1,1,4,0.0,0.0,0.0930075125109146,0.14516233732806827,0.2910386720114704,0.02932883718984277,0.043569434882389256,0.0035230118375346444,0.00930075125109146,False,none,False,False
B4_p_bcfr,pyruvate,bcfr,A68-B59,A68,B59,1,1,1,4,0.0,0.0,0.0930075125109146,0.14516233732806827,0.2910386720114704,0.02932883718984277,0.043569434882389256,0.0035230118375346444,0.00930075125109146,False,none,False,False
B4_p_bcfr,pyruvate,bcfr,A78-B109,A78,B109,1,1,1,4,0.0,0.0,0.0930075125109146,0.14516233732806827,0.2910386720114704,0.02932883718984277,0.043569434882389256,0.0035230118375346444,0.00930075125109146,False,none,False,False
B4_p_bcfr,pyruvate,bcfr,A84-B75,A84,B75,1,1,1,4,0.0,0.0,0.0930075125109146,0.14516233732806827,0.2910386720114704,0.02932883718984277,0.043569434882389256,0.0035230118375346444,0.00930075125109146,False,none,False,False
B4_p_bcfr,pyruvate,bcfr,A86-B151,A86,B151,1,1,1,4,0.0,0.0,0.0930075125109146,0.14516233732806827,0.2910386720114704,0.02932883718984277,0.043569434882389256,0.0035230118375346444,0.00930075125109146,False,none,False,False
B4_p_bcfr,pyruvate,bcfr,A90-B117,A90,B117,1,1,1,4,0.0,0.0,0.0930075125109146,0.14516233732806827,0.2910386720114704,0.02932883718984277,0.043569434882389256,0.0035230118375346444,0.00930075125109146,False,none,False,False
B4_p_bcfr,pyruvate,bcfr,A90-B26,A90,B26,1,1,1,4,0.0,0.0,0.0930075125109146,0.14516233732806827,0.2910386720114704,0.02932883718984277,0.043569434882389256,0.0035230118375346444,0.00930075125109146,False,none,False,False
B4_p_bcfr,pyruvate,bcfr,A102-B159,A102,B159,1,1,1,3,0.0002531004808909137,0.0,0.08545211354853195,0.07973194308735947,0.5345875947221232,0.02526302704455907,0.024544884487604775,0.0032368224828989377,0.008545211354853196,False,none,False,False
B4_p_bcfr,pyruvate,bcfr,A114-B74,A114,B74,1,1,1,3,0.0002531004808909137,0.0,0.08545211354853195,0.07973194308735947,0.5345875947221232,0.02526302704455907,0.024544884487604775,0.0032368224828989377,0.008545211354853196,False,none,False,False
B4_p_bcfr,pyruvate,bcfr,A126-B151,A126,B151,1,1,1,3,0.0002531004808909137,0.0,0.08545211354853195,0.07973194308735947,0.5345875947221232,0.02526302704455907,0.024544884487604775,0.0032368224828989377,0.008545211354853196,False,none,False,False
B4_p_bcfr,pyruvate,bcfr,A140-B1,A140,B1,1,1,1,3,0.0002531004808909137,0.0,0.08545211354853195,0.07973194308735947,0.5345875947221232,0.02526302704455907,0.024544884487604775,0.0032368224828989377,0.008545211354853196,False,none,False,False
B4_p_bcfr,pyruvate,bcfr,A152-B38,A152,B38,1,1,1,3,0.0002531004808909137,0.0,0.08545211354853195,0.07973194308735947,0.5345875947221232,0.02526302704455907,0.024544884487604775,0.0032368224828989377,0.008545211354853196,False,none,False,False
B4_p_bcfr,pyruvate,bcfr,A152-B78,A152,B78,1,1,1,3,0.0002531004808909137,0.0,0.08545211354853195,0.07973194308735947,0.5345875947221232,0.02526302704455907,0.024544884487604775,0.0032368224828989377,0.008545211354853196,False,none,False,False
B4_p_bcfr,pyruvate,bcfr,A153-B105,A153,B105,1,1,1,3,0.0002531004808909137,0.0,0.08545211354853195,0.07973194308735947,0.5345875947221232,0.02526302704455907,0.024544884487604775,0.0032368224828989377,0.008545211354853196,False,none,False,False
B4_p_bcfr,pyruvate,bcfr,A153-B7,A153,B7,1,1,1,3,0.0002531004808909137,0.0,0.08545211354853195,0.07973194308735947,0.5345875947221232,0.02526302704455907,0.024544884487604775,0.0032368224828989377,0.008545211354853196,False,none,False,False
B4_p_bcfr,pyruvate,bcfr,A153-B75,A153,B75,1,1,1,3,0.0002531004808909137,0.0,0.08545211354853195,0.07973194308735947,0.5345875947221232,0.02526302704455907,0.024544884487604775,0.0032368224828989377,0.008545211354853196,False,none,False,False
B4_p_bcfr,pyruvate,bcfr,A178-B79,A178,B79,1,1,1,3,0.0002531004808909137,0.0,0.08545211354853195,0.07973194308735947,0.5345875947221232,0.02526302704455907,0.024544884487604775,0.0032368224828989377,0.008545211354853196,False,none,False,False
B4_p_bcfr,pyruvate,bcfr,A18-B117,A18,B117,1,1,1,3,0.0002531004808909137,0.0,0.08545211354853195,0.07973194308735947,0.5345875947221232,0.02526302704455907,0.024544884487604775,0.0032368224828989377,0.008545211354853196,False,none,False,False
B4_p_bcfr,pyruvate,bcfr,A180-B47,A180,B47,1,1,1,3,0.0002531004808909137,0.0,0.08545211354853195,0.07973194308735947,0.5345875947221232,0.02526302704455907,0.024544884487604775,0.0032368224828989377,0.008545211354853196,False,none,False,False
B4_p_bcfr,pyruvate,bcfr,A186-B30,A186,B30,1,1,1,3,0.0002531004808909137,0.0,0.08545211354853195,0.07973194308735947,0.5345875947221232,0.02526302704455907,0.024544884487604775,0.0032368224828989377,0.008545211354853196,False,none,False,False
B4_p_bcfr,pyruvate,bcfr,A186-B78,A186,B78,1,1,1,3,0.0002531004808909137,0.0,0.08545211354853195,0.07973194308735947,0.5345875947221232,0.02526302704455907,0.024544884487604775,0.0032368224828989377,0.008545211354853196,False,none,False,False
B4_p_bcfr,pyruvate,bcfr,A188-B77,A188,B77,1,1,1,3,0.0002531004808909137,0.0,0.08545211354853195,0.07973194308735947,0.5345875947221232,0.02526302704455907,0.024544884487604775,0.0032368224828989377,0.008545211354853196,False,none,False,False
B4_p_bcfr,pyruvate,bcfr,A195-B117,A195,B117,1,1,1,3,0.0002531004808909137,0.0,0.08545211354853195,0.07973194308735947,0.5345875947221232,0.02526302704455907,0.024544884487604775,0.0032368224828989377,0.008545211354853196,False,none,False,False
B4_p_bcfr,pyruvate,bcfr,A20-B150,A20,B150,1,1,1,3,0.0002531004808909137,0.0,0.08545211354853195,0.07973194308735947,0.5345875947221232,0.02526302704455907,0.024544884487604775,0.0032368224828989377,0.008545211354853196,False,none,False,False
B4_p_bcfr,pyruvate,bcfr,A20-B161,A20,B161,1,1,1,3,0.0002531004808909137,0.0,0.08545211354853195,0.07973194308735947,0.5345875947221232,0.02526302704455907,0.024544884487604775,0.0032368224828989377,0.008545211354853196,False,none,False,False
B4_p_bcfr,pyruvate,bcfr,A23-B70,A23,B70,1,1,1,3,0.0002531004808909137,0.0,0.08545211354853195,0.07973194308735947,0.5345875947221232,0.02526302704455907,0.024544884487604775,0.0032368224828989377,0.008545211354853196,False,none,False,False
B4_p_bcfr,pyruvate,bcfr,A23-B72,A23,B72,1,1,1,3,0.0002531004808909137,0.0,0.08545211354853195,0.07973194308735947,0.5345875947221232,0.02526302704455907,0.024544884487604775,0.0032368224828989377,0.008545211354853196,False,none,False,False
B4_p_bcfr,pyruvate,bcfr,A33-B3,A33,B3,1,1,1,3,0.0002531004808909137,0.0,0.08545211354853195,0.07973194308735947,0.5345875947221232,0.02526302704455907,0.024544884487604775,0.0032368224828989377,0.008545211354853196,False,none,False,False
B4_p_bcfr,pyruvate,bcfr,A36-B170,A36,B170,1,1,1,3,0.0002531004808909137,0.0,0.08545211354853195,0.07973194308735947,0.5345875947221232,0.02526302704455907,0.024544884487604775,0.0032368224828989377,0.008545211354853196,False,none,False,False
B4_p_bcfr,pyruvate,bcfr,A4-B15,A4,B15,1,1,1,3,0.0002531004808909137,0.0,0.08545211354853195,0.07973194308735947,0.5345875947221232,0.02526302704455907,0.024544884487604775,0.0032368224828989377,0.008545211354853196,False,none,False,False
B4_p_bcfr,pyruvate,bcfr,A4-B59,A4,B59,1,1,1,3,0.0002531004808909137,0.0,0.08545211354853195,0.07973194308735947,0.5345875947221232,0.02526302704455907,0.024544884487604775,0.0032368224828989377,0.008545211354853196,False,none,False,False
B4_p_bcfr,pyruvate,bcfr,A49-B123,A49,B123,1,1,1,3,0.0002531004808909137,0.0,0.08545211354853195,0.07973194308735947,0.5345875947221232,0.02526302704455907,0.024544884487604775,0.0032368224828989377,0.008545211354853196,False,none,False,False
B4_p_bcfr,pyruvate,bcfr,A50-B149,A50,B149,1,1,1,3,0.0002531004808909137,0.0,0.08545211354853195,0.07973194308735947,0.5345875947221232,0.02526302704455907,0.024544884487604775,0.0032368224828989377,0.008545211354853196,False,none,False,False
B4_p_bcfr,pyruvate,bcfr,A58-B18,A58,B18,1,1,1,3,0.0002531004808909137,0.0,0.08545211354853195,0.07973194308735947,0.5345875947221232,0.02526302704455907,0.024544884487604775,0.0032368224828989377,0.008545211354853196,False,none,False,False
B4_p_bcfr,pyruvate,bcfr,A63-B177,A63,B177,1,1,1,3,0.0002531004808909137,0.0,0.08545211354853195,0.07973194308735947,0.5345875947221232,0.02526302704455907,0.024544884487604775,0.0032368224828989377,0.008545211354853196,False,none,False,False
B4_p_bcfr,pyruvate,bcfr,A63-B19,A63,B19,1,1,1,3,0.0002531004808909137,0.0,0.08545211354853195,0.07973194308735947,0.5345875947221232,0.02526302704455907,0.024544884487604775,0.0032368224828989377,0.008545211354853196,False,none,False,False
B4_p_bcfr,pyruvate,bcfr,A66-B101,A66,B101,1,1,1,3,0.0002531004808909137,0.0,0.08545211354853195,0.07973194308735947,0.5345875947221232,0.02526302704455907,0.024544884487604775,0.0032368224828989377,0.008545211354853196,False,none,False,False
B4_p_bcfr,pyruvate,bcfr,A74-B130,A74,B130,1,1,1,3,0.0002531004808909137,0.0,0.08545211354853195,0.07973194308735947,0.5345875947221232,0.02526302704455907,0.024544884487604775,0.0032368224828989377,0.008545211354853196,False,none,False,False
B4_p_bcfr,pyruvate,bcfr,A77-B125,A77,B125,1,1,1,3,0.0002531004808909137,0.0,0.08545211354853195,0.07973194308735947,0.5345875947221232,0.02526302704455907,0.024544884487604775,0.0032368224828989377,0.008545211354853196,False,none,False,False
B4_p_bcfr,pyruvate,bcfr,A78-B102,A78,B102,1,1,1,3,0.0002531004808909137,0.0,0.08545211354853195,0.07973194308735947,0.5345875947221232,0.02526302704455907,0.024544884487604775,0.0032368224828989377,0.008545211354853196,False,none,False,False
B4_p_bcfr,pyruvate,bcfr,A78-B89,A78,B89,1,1,1,3,0.0002531004808909137,0.0,0.08545211354853195,0.07973194308735947,0.5345875947221232,0.02526302704455907,0.024544884487604775,0.0032368224828989377,0.008545211354853196,False,none,False,False
B4_p_bcfr,pyruvate,bcfr,A81-B38,A81,B38,1,1,1,3,0.0002531004808909137,0.0,0.08545211354853195,0.07973194308735947,0.5345875947221232,0.02526302704455907,0.024544884487604775,0.0032368224828989377,0.008545211354853196,False,none,False,False
B4_p_bcfr,pyruvate,bcfr,A81-B87,A81,B87,1,1,1,3,0.0002531004808909137,0.0,0.08545211354853195,0.07973194308735947,0.5345875947221232,0.02526302704455907,0.024544884487604775,0.0032368224828989377,0.008545211354853196,False,none,False,False
B4_p_bcfr,pyruvate,bcfr,A90-B156,A90,B156,1,1,1,3,0.0002531004808909137,0.0,0.08545211354853195,0.07973194308735947,0.5345875947221232,0.02526302704455907,0.024544884487604775,0.0032368224828989377,0.008545211354853196,False,none,False,False
B4_p_bcfr,pyruvate,bcfr,A91-B170,A91,B170,1,1,1,3,0.0002531004808909137,0.0,0.08545211354853195,0.07973194308735947,0.5345875947221232,0.02526302704455907,0.024544884487604775,0.0032368224828989377,0.008545211354853196,False,none,False,False
B4_p_bcfr,pyruvate,bcfr,A93-B18,A93,B18,1,1,1,3,0.0002531004808909137,0.0,0.08545211354853195,0.07973194308735947,0.5345875947221232,0.02526302704455907,0.024544884487604775,0.0032368224828989377,0.008545211354853196,False,none,False,False
B4_p_bcfr,pyruvate,bcfr,A93-B75,A93,B75,1,1,1,3,0.0002531004808909137,0.0,0.08545211354853195,0.07973194308735947,0.5345875947221232,0.02526302704455907,0.024544884487604775,0.0032368224828989377,0.008545211354853196,False,none,False,False
B4_p_bcfr,pyruvate,bcfr,A196-B83,A196,B83,2,2,1,"3,4",0.0002531004808909137,0.0,0.06305390795014149,0.044299516693028805,0.6695239065219658,0.019442942092329087,0.012837454924712886,0.002388405604172026,0.006305390795014148,True,fair,True,False
B4_p_bcfr,pyruvate,bcfr,A78-B155,A78,B155,2,2,1,"3,4",0.0002531004808909137,0.0,0.06305390795014149,0.044299516693028805,0.6695239065219658,0.019442942092329087,0.012837454924712886,0.002388405604172026,0.006305390795014148,True,fair,True,False
B4_p_bcfr,pyruvate,bcfr,A81-B15,A81,B15,2,2,1,"3,4",0.0002531004808909137,0.0,0.06305390795014149,0.044299516693028805,0.6695239065219658,0.019442942092329087,0.012837454924712886,0.002388405604172026,0.006305390795014148,True,fair,True,False
B4_p_bcfr,pyruvate,bcfr,A90-B165,A90,B165,2,2,1,"3,4",0.0002531004808909137,0.0,0.06305390795014149,0.044299516693028805,0.6695239065219658,0.019442942092329087,0.012837454924712886,0.002388405604172026,0.006305390795014148,True,fair,True,False
B4_p_bcfr,pyruvate,bcfr,A96-B127,A96,B127,2,2,1,"3,4",0.0002531004808909137,0.0,0.06305390795014149,0.044299516693028805,0.6695239065219658,0.019442942092329087,0.012837454924712886,0.002388405604172026,0.006305390795014148,True,fair,True,False
B4_p_bcfr,pyruvate,bcfr,A96-B47,A96,B47,2,2,1,"3,4",0.0002531004808909137,0.0,0.06305390795014149,0.044299516693028805,0.6695239065219658,0.019442942092329087,0.012837454924712886,0.002388405604172026,0.006305390795014148,True,fair,True,False
B4_p_bcfr,pyruvate,bcfr,A186-B18,A186,B18,1,2,2,4,0.0,0.0,0.041184089680261174,0.20969135579738027,0.03714157541637175,0.01407122687772227,0.06368394597644661,0.00156000339697959,0.004118408968026117,False,none,False,False
B4_p_bcfr,pyruvate,bcfr,A96-B145,A96,B145,1,2,2,4,0.0,0.0,0.041184089680261174,0.20969135579738027,0.03714157541637175,0.01407122687772227,0.06368394597644661,0.00156000339697959,0.004118408968026117,False,none,False,False
B4_p_bcfr,pyruvate,bcfr,A176-B120,A176,B120,2,3,2,"3,4",0.0002531004808909137,0.0,0.0389788997129845,0.13215081737739576,0.08003683101790326,0.013098731826121106,0.0396190793752041,0.0014764734739766859,0.0038978899712984504,True,fair,True,False
B4_p_bcfr,pyruvate,bcfr,A196-B75,A196,B75,2,3,2,"3,4",0.0002531004808909137,0.0,0.0389788997129845,0.13215081737739576,0.08003683101790326,0.013098731826121106,0.0396190793752041,0.0014764734739766859,0.0038978899712984504,True,fair,True,False
B4_p_bcfr,pyruvate,bcfr,A196-B91,A196,B91,2,3,2,"3,4",0.0002531004808909137,0.0,0.0389788997129845,0.13215081737739576,0.08003683101790326,0.013098731826121106,0.0396190793752041,0.0014764734739766859,0.0038978899712984504,True,fair,True,False
B4_p_bcfr,pyruvate,bcfr,A78-B77,A78,B77,3,528,343,"3,4,13",0.03163756011136421,0.0170261066969353,0.03599274537459282,0.19107355359410097,0.03426774477980821,0.01268505079956998,0.057706380209283224,0.001363361567219425,0.0035992745374592823,False,fair,True,False
B4_p_bcfr,pyruvate,bcfr,A186-B111,A186,B111,1,2,2,3,0.0005062009617818274,0.0,0.030551813641923723,0.12622373270569837,0.05534340979214092,0.00842330134952428,0.03815221366710801,0.0011572656682546866,0.003055181364192372,False,none,False,False
B4_p_bcfr,pyruvate,bcfr,A60-B11,A60,B11,1,2,2,3,0.0005062009617818274,0.0,0.030551813641923723,0.12622373270569837,0.05534340979214092,0.00842330134952428,0.03815221366710801,0.0011572656682546866,0.003055181364192372,False,none,False,False
B4_p_bcfr,pyruvate,bcfr,A90-B174,A90,B174,1,2,2,3,0.0005062009617818274,0.0,0.030551813641923723,0.12622373270569837,0.05534340979214092,0.00842330134952428,0.03815221366710801,0.0011572656682546866,0.003055181364192372,False,none,False,False
B4_p_bcfr,pyruvate,bcfr,A162-B137,A162,B137,2,3,2,"3,4",0.0005062009617818274,0.0,0.024418481868173813,0.023247100405002438,0.5245601627306782,0.007139170503996509,0.0072271284177163496,0.0009249424950065839,0.0024418481868173814,True,fair,True,False
B4_p_bcfr,pyruvate,bcfr,A20-B60,A20,B60,2,3,2,"3,4",0.0005062009617818274,0.0,0.024418481868173813,0.023247100405002438,0.5245601627306782,0.007139170503996509,0.0072271284177163496,0.0009249424950065839,0.0024418481868173814,True,fair,True,False
B4_p_bcfr,pyruvate,bcfr,A63-B117,A63,B117,2,3,2,"3,4",0.0005062009617818274,0.0,0.024418481868173813,0.023247100405002438,0.5245601627306782,0.007139170503996509,0.0072271284177163496,0.0009249424950065839,0.0024418481868173814,True,fair,True,False
B4_p_bcfr,pyruvate,bcfr,A132-B87,A132,B87,1,3,3,4,0.0,0.0,0.004813860333361722,0.2525002942842368,0.0003633334409671729,0.0033138615821806513,0.07707745731298406,0.00018234319444551976,0.00048138603333617214,False,none,False,False
B4_p_bcfr,pyruvate,bcfr,A176-B119,A176,B119,2,5,3,"3,4",0.0005062009617818274,0.0,0.004342523047546112,0.13465029249015256,0.0010390063280976136,0.002886994546262845,0.040556793258026816,0.00016448950937674668,0.0004342523047546112,True,fair,True,False
B4_p_bcfr,pyruvate,bcfr,A28-B70,A28,B70,1,3,3,3,0.0007593014426727411,0.0,-0.007687820621646397,0.15643817049849332,0.002409203359542089,-0.0032564437796907065,0.04696822086836515,-0.0002912053265775151,-0.0007687820621646397,False,none,False,False
B4_p_bcfr,pyruvate,bcfr,A78-B130,A78,B130,1,3,3,3,0.0007593014426727411,0.0,-0.007687820621646397,0.15643817049849332,0.002409203359542089,-0.0032564437796907065,0.04696822086836515,-0.0002912053265775151,-0.0007687820621646397,False,none,False,False
B4_p_bcfr,pyruvate,bcfr,A78-B151,A78,B151,3,385,193,"3,4,13",0.04884839281194634,0.008229284903518728,-0.007709584855398625,0.041660248775545396,0.033112665282304166,-0.0018392634232933058,0.012619061936335068,-0.00029202972937116006,-0.0007709584855398625,True,fair,True,False
B4_p_bcfr,pyruvate,bcfr,A20-B8,A20,B8,2,4,3,"3,4",0.0007593014426727411,0.0,-0.008800946973011748,0.07165533701967951,0.014861377588695546,-0.0033242032798715313,0.021454557178776826,-0.0003333692035231723,-0.0008800946973011748,True,fair,True,False
B4_p_bcfr,pyruvate,bcfr,A196-B117,A196,B117,3,540,370,"3,4,13",0.04125537838521893,0.0019863791146424517,-0.009847838195916982,0.5088161017761168,0.00037445312780104434,0.00837421248557368,0.14965460605545294,-0.00037302417408776445,-0.0009847838195916983,False,fair,True,False
B4_p_bcfr,pyruvate,bcfr,A186-B143,A186,B143,2,5,3,"3,4",0.0007593014426727411,0.0,-0.012123907696871031,0.010541981107442089,0.5694549519796666,-0.0035259415584941545,0.0033053967912028957,-0.0004592389279117815,-0.0012123907696871032,True,fair,True,False
B4_p_bcfr,pyruvate,bcfr,A90-B18,A90,B18,2,5,3,"3,4",0.0007593014426727411,0.0,-0.012123907696871031,0.010541981107442089,0.5694549519796666,-0.0035259415584941545,0.0033053967912028957,-0.0004592389279117815,-0.0012123907696871032,True,fair,True,False
B4_p_bcfr,pyruvate,bcfr,A96-B87,A96,B87,2,5,3,"3,4",0.0007593014426727411,0.0,-0.012123907696871031,0.010541981107442089,0.5694549519796666,-0.0035259415584941545,0.0033053967912028957,-0.0004592389279117815,-0.0012123907696871032,True,fair,True,False
B4_p_bcfr,pyruvate,bcfr,A196-B6,A196,B6,2,9,7,"3,4",0.0005062009617818274,0.0,-0.026846531726527914,0.3232053994380567,0.006852247240281328,-0.0037567809800482946,0.09794553110201155,-0.0010169140805502998,-0.0026846531726527913,True,fair,True,False
B4_p_bcfr,pyruvate,bcfr,A78-B84,A78,B84,2,220,116,"3,4",0.029359655783345987,0.0,-0.02803958253644753,0.33146597862931704,0.0071050716246587875,0.0008730664129044359,0.09004950507510139,-0.001062105399107861,-0.002803958253644753,True,fair,True,False
B4_p_bcfr,pyruvate,bcfr,A196-B30,A196,B30,2,55,32,"3,4",0.005821311060491015,0.0,-0.029897806567459485,0.4095143338064467,0.005301902388633706,0.0016245743297835062,0.11842756472228061,-0.001132492673009829,-0.0029897806567459485,True,fair,True,False
B4_p_bcfr,pyruvate,bcfr,A90-B84,A90,B84,2,7,4,"3,4",0.0010124019235636548,0.0,-0.03676113482780305,0.03564150904506307,0.5154601827915802,-0.010570092672960154,0.011161745376495709,-0.001392467228325873,-0.003676113482780305,True,fair,True,False
B4_p_bcfr,pyruvate,bcfr,A176-B26,A176,B26,1,4,4,3,0.0010124019235636548,0.0,-0.036761134827803056,0.17882439938989647,0.040546036820418796,-0.01212022727990143,0.05349379258621924,-0.0013924672283258735,-0.0036761134827803057,False,none,False,False
B4_p_bcfr,pyruvate,bcfr,A23-B162,A23,B162,1,5,5,4,0.0,0.0,-0.045040975887725536,0.3098307885226952,0.020695885728970187,-0.011471265788370984,0.09504459757200479,-0.0017060975715047551,-0.004504097588772554,False,none,False,False
B4_p_bcfr,pyruvate,bcfr,A96-B75,A96,B75,2,11,6,"3,4",0.0012655024044545685,0.0,-0.049976418223537405,0.15756816412196167,0.09140379417210132,-0.012499627804073673,0.04789111337121952,-0.0018930461448309623,-0.00499764182235374,True,fair,True,False
B4_p_bcfr,pyruvate,bcfr,A159-B49,A159,B49,2,15,9,"3,4",0.0015186028853454822,0.0,-0.052989321195210305,0.24405236801650596,0.04501994516408725,-0.011564346371396632,0.07365145818155171,-0.0020071712573943297,-0.00529893211952103,True,fair,True,False
B4_p_bcfr,pyruvate,bcfr,A176-B101,A176,B101,1,5,5,3,0.0012655024044545685,0.0,-0.06011660023698256,0.1966174757793202,0.08549319239278275,-0.01923404456217823,0.0586789321270694,-0.0022771439483705515,-0.006011660023698255,False,none,False,False
B4_p_bcfr,pyruvate,bcfr,A176-B65,A176,B65,1,5,5,3,0.0012655024044545685,0.0,-0.06011660023698256,0.1966174757793202,0.08549319239278275,-0.01923404456217823,0.0586789321270694,-0.0022771439483705515,-0.006011660023698255,False,none,False,False
B4_p_bcfr,pyruvate,bcfr,A83-B137,A83,B137,1,5,5,3,0.0012655024044545685,0.0,-0.06011660023698256,0.1966174757793202,0.08549319239278275,-0.01923404456217823,0.0586789321270694,-0.0022771439483705515,-0.006011660023698255,False,none,False,False
B4_p_bcfr,pyruvate,bcfr,A20-B178,A20,B178,2,13,7,"3,4",0.0015186028853454822,0.0,-0.06029779902678671,0.1658882797682235,0.11670210938064063,-0.015255790458522324,0.05047180446762452,-0.002284007538893436,-0.006029779902678671,True,fair,True,False
B4_p_bcfr,pyruvate,bcfr,A196-B15,A196,B15,2,118,60,"3,4",0.015186028853454821,0.0,-0.0603891964521734,0.33159886783996567,0.03210127923700823,-0.007944486200537955,0.09360864276997596,-0.002287469562582326,-0.00603891964521734,True,fair,True,False
B4_p_bcfr,pyruvate,bcfr,A83-B50,A83,B50,3,31,17,"3,4,13",0.004302708175145533,0.00028376844494892167,-0.06050038135145414,0.043958174728502906,0.6544871511006937,-0.017471839744619126,0.014007617784929932,-0.0022916811117975056,-0.006050038135145415,True,good,True,False
B4_p_bcfr,pyruvate,bcfr,A81-B132,A81,B132,3,239,153,"3,4,13",0.0387243735763098,0.0036889897843359817,-0.06246196198710571,0.05975633821830881,0.5221267883438361,-0.01943255377510085,0.017144242761262245,-0.0023659834086024894,-0.006246196198710571,True,fair,True,False
B4_p_bcfr,pyruvate,bcfr,A196-B122,A196,B122,2,16,9,"3,4",0.001771703366236396,0.0,-0.0636507430925645,0.21195345609464464,0.08272303134630354,-0.015173974106997204,0.06416328634315628,-0.002411012995930473,-0.0063650743092564495,True,fair,True,False
B4_p_bcfr,pyruvate,bcfr,A81-B3,A81,B3,3,27,17,"3,4,13",0.004302708175145533,0.00028376844494892167,-0.06432080091446007,0.03568608620443333,0.7646319976205357,-0.019711406659902828,0.009863824651703006,-0.002436393974032579,-0.006432080091446008,True,good,True,False
B4_p_bcfr,pyruvate,bcfr,A196-B27,A196,B27,3,227,124,"3,4,13",0.025563148569982284,0.0005675368898978433,-0.06718515203703569,0.32843422413450957,0.04016487639450006,-0.011624995319579761,0.09667842816592455,-0.0025448921226149885,-0.006718515203703569,False,fair,True,False
B4_p_bcfr,pyruvate,bcfr,A63-B147,A63,B147,2,10,6,"3,4",0.0015186028853454822,0.0,-0.07207428814077584,0.02102840250319024,0.9215536963725454,-0.021234049870846716,0.007319391202425487,-0.002730086671999085,-0.007207428814077583,True,fair,True,False
B4_p_bcfr,pyruvate,bcfr,A143-B145,A143,B145,2,9,6,"3,4",0.0015186028853454822,0.0,-0.07588347439350773,0.03668720174019623,0.8105429417708376,-0.023181026595347893,0.009962767344789873,-0.002874374030057111,-0.007588347439350773,True,fair,True,False
B4_p_bcfr,pyruvate,bcfr,A23-B131,A23,B131,1,7,7,4,0.0,0.0,-0.07925870827859946,0.3489431754156748,0.0490610886802324,-0.02163461433602381,0.10730974378353329,-0.0030022237984317977,-0.007925870827859945,False,none,False,False
B4_p_bcfr,pyruvate,bcfr,A176-B132,A176,B132,2,7,6,"3,4",0.0015186028853454822,0.0,-0.08120709189360038,0.1646523107729598,0.19565633059863397,-0.02594168715624835,0.04856169281887777,-0.0030760262080909238,-0.008120709189360038,True,fair,True,False
B4_p_bcfr,pyruvate,bcfr,A196-B87,A196,B87,3,645,335,"3,4,13",0.07542394330549228,0.00340522133938706,-0.08580165375260616,0.2212902671549641,0.13068974062931937,-0.020788975430883032,0.0669248686417097,-0.003250062642144173,-0.008580165375260617,False,fair,True,False
B4_p_bcfr,pyruvate,bcfr,A196-B150,A196,B150,2,42,22,"3,4",0.005062009617818274,0.0,-0.08889181755641459,0.2768446580821774,0.09346243306926472,-0.019266991671899724,0.08233103699555361,-0.003367114301379341,-0.008889181755641459,True,fair,True,False
B4_p_bcfr,pyruvate,bcfr,A90-B47,A90,B47,2,10,7,"3,4",0.001771703366236396,0.0,-0.09351163241217673,0.06631841745507282,0.6653518644915775,-0.028827300982439533,0.018554885467675846,-0.003542107288340028,-0.009351163241217673,True,fair,True,False
B4_p_bcfr,pyruvate,bcfr,A196-B2,A196,B2,3,133,68,"3,4,13",0.016198430777018477,0.00028376844494892167,-0.09427120260183963,0.26724679371482346,0.11066232228020012,-0.020982138840483566,0.07959577685304772,-0.0035708788864333195,-0.009427120260183964,True,fair,True,False
B4_p_bcfr,pyruvate,bcfr,A20-B75,A20,B75,1,7,7,3,0.001771703366236396,0.0,-0.09626107829387665,0.22402466148586386,0.15585684729345917,-0.03023569610131167,0.06666569270225295,-0.003646252965677146,-0.009626107829387665,False,none,False,False
B4_p_bcfr,pyruvate,bcfr,A196-B8,A196,B8,2,33,17,"3,4",0.004049607694254619,0.0,-0.09678010860660037,0.23494778663072297,0.14506498538212642,-0.02308059811041866,0.070758828135911,-0.0036659132047954686,-0.009678010860660037,True,fair,True,False
B4_p_bcfr,pyruvate,bcfr,A78-B150,A78,B150,2,12,8,"3,4",0.0020248038471273096,0.0,-0.10466678327394226,0.0384456279788574,0.8811194147165127,-0.03176862953469581,0.009918805308624616,-0.003964650881588722,-0.010466678327394226,True,fair,True,False
B4_p_bcfr,pyruvate,bcfr,A81-B40,A81,B40,2,57,29,"3,4",0.007339913945836497,0.0,-0.10744770018743224,0.25827065404221505,0.14754241948053437,-0.024371227669403445,0.07666670504806622,-0.004069988643463343,-0.010744770018743225,True,fair,True,False
B4_p_bcfr,pyruvate,bcfr,A196-B171,A196,B171,2,181,101,"3,4",0.025563148569982284,0.0,-0.11289283866859937,0.26038070242495975,0.15823607684172736,-0.02395573343910164,0.07377826378426974,-0.004276243888962097,-0.011289283866859937,True,fair,True,False
B4_p_bcfr,pyruvate,bcfr,A78-B142,A78,B142,2,14,9,"3,4",0.002277904328018223,0.0,-0.11345810157701289,0.01445586817265589,0.9840256298533488,-0.033979783047969385,0.002505342718809675,-0.00429765536276564,-0.011345810157701289,True,fair,True,False
B4_p_bcfr,pyruvate,bcfr,A63-B75,A63,B75,2,9,8,"3,4",0.0020248038471273096,0.0,-0.1154419522395105,0.2056556870743357,0.23960049168676778,-0.036583652904723735,0.06045574931958981,-0.00437280122119358,-0.011544195223951049,True,fair,True,False
B4_p_bcfr,pyruvate,bcfr,A78-B103,A78,B103,2,9,8,"3,4",0.0020248038471273096,0.0,-0.1154419522395105,0.2056556870743357,0.23960049168676778,-0.036583652904723735,0.06045574931958981,-0.00437280122119358,-0.011544195223951049,True,fair,True,False
B4_p_bcfr,pyruvate,bcfr,A60-B77,A60,B77,1,10,10,4,0.0,0.0,-0.11604034219722764,0.3911450967963775,0.08089254674948143,-0.032566745819753225,0.12054324347966465,-0.004395467507470744,-0.011604034219722763,False,none,False,False
B4_p_bcfr,pyruvate,bcfr,A20-B126,A20,B126,2,12,9,"3,4",0.002277904328018223,0.0,-0.12510196673012924,0.11659162993872135,0.5351676609458844,-0.038905917738956616,0.03306782417978521,-0.004738710860989744,-0.012510196673012924,True,fair,True,False
B4_p_bcfr,pyruvate,bcfr,A96-B140,A96,B140,2,12,9,"3,4",0.002277904328018223,0.0,-0.12510196673012924,0.11659162993872135,0.5351676609458844,-0.038905917738956616,0.03306782417978521,-0.004738710860989744,-0.012510196673012924,True,fair,True,False
B4_p_bcfr,pyruvate,bcfr,A20-B84,A20,B84,2,22,13,"3,4",0.003290306251581878,0.0,-0.1339263613910845,0.0576432551899882,0.8437018438372652,-0.03841771513127983,0.01954744489698401,-0.005072968234510777,-0.01339263613910845,True,fair,True,False
B4_p_bcfr,pyruvate,bcfr,A78-B26,A78,B26,2,26,15,"3,4",0.0037965072133637054,0.0,-0.138763236725105,0.08482383121896347,0.7279774751371302,-0.03907228043669026,0.027718079101498597,-0.00525618320928428,-0.013876323672510498,True,fair,True,False
B4_p_bcfr,pyruvate,bcfr,A153-B30,A153,B30,2,165,94,"3,4",0.023791445203745886,0.0,-0.1427167892749108,0.23134789053253504,0.2756543737884388,-0.03296560780196842,0.06696925784583649,-0.005405938987686015,-0.01427167892749108,True,fair,True,False
B4_p_bcfr,pyruvate,bcfr,A81-B4,A81,B4,2,12,10,"3,4",0.002531004808909137,0.0,-0.1429256443222756,0.19021430113935991,0.360855347347378,-0.04498616880956634,0.055074540541916885,-0.005413850163722561,-0.014292564432227562,True,fair,True,False
B4_p_bcfr,pyruvate,bcfr,A81-B65,A81,B65,2,11,10,"3,4",0.002531004808909137,0.0,-0.14308547589033205,0.2380575927754089,0.2653896905249611,-0.045162595259526254,0.06984065446079943,-0.005419904389785305,-0.014308547589033205,True,fair,True,False
B4_p_bcfr,pyruvate,bcfr,A159-B24,A159,B24,2,15,11,"3,4",0.0027841052898000505,0.0,-0.1471946497167129,0.10893088747429674,0.6461330562609902,-0.045418321241758354,0.030183130440199626,-0.005575554913511852,-0.01471946497167129,True,fair,True,False
B4_p_bcfr,pyruvate,bcfr,A90-B154,A90,B154,2,15,11,"3,4",0.0027841052898000505,0.0,-0.1471946497167129,0.10893088747429674,0.6461330562609902,-0.045418321241758354,0.030183130440199626,-0.005575554913511852,-0.01471946497167129,True,fair,True,False
B4_p_bcfr,pyruvate,bcfr,A78-B70,A78,B70,2,17,12,"3,4",0.0030372057706909645,0.0,-0.15337070144593848,0.08278569639778297,0.7743790593485023,-0.04685268000984776,0.022091490665607574,-0.0058094962668916094,-0.015337070144593849,True,fair,True,False
B4_p_bcfr,pyruvate,bcfr,A20-B11,A20,B11,2,21,14,"3,4",0.003543406732472792,0.0,-0.16196348435835747,0.038219981574830066,0.9472512800639493,-0.048546543219678814,0.008394126764714122,-0.006134980468119601,-0.01619634843583575,True,fair,True,False
B4_p_bcfr,pyruvate,bcfr,A153-B6,A153,B6,2,120,69,"3,4",0.017463933181473046,0.0,-0.16694488233026633,0.19995170364305367,0.41076004391481113,-0.04106383650145299,0.05988925659180532,-0.006323669785237362,-0.016694488233026633,True,fair,True,False
B4_p_bcfr,pyruvate,bcfr,A159-B77,A159,B77,2,25,16,"3,4",0.004049607694254619,0.0,-0.16703948498296303,0.0013993910949262661,0.9999298206328368,-0.04918929729389084,0.0028081385671272423,-0.006327253219051631,-0.016703948498296303,True,fair,True,False
B4_p_bcfr,pyruvate,bcfr,A63-B79,A63,B79,2,14,12,"3,4",0.0030372057706909645,0.0,-0.16768740859104792,0.2237958859361718,0.35956200771319136,-0.05276795973487568,0.06474518701271154,-0.006351795779963937,-0.01676874085910479,True,fair,True,False
B4_p_bcfr,pyruvate,bcfr,A81-B51,A81,B51,2,34,21,"3,4",0.005315110098709187,0.0,-0.1800778400652124,0.040910851807196356,0.950920437811879,-0.051691340762122534,0.01578981882066077,-0.00682113030550047,-0.01800778400652124,True,fair,True,False
B4_p_bcfr,pyruvate,bcfr,A96-B79,A96,B79,2,37,23,"3,4",0.005821311060491015,0.0,-0.18890269437379634,0.03866001186653617,0.9597997908954636,-0.05416612530590069,0.015380129990321876,-0.007155405089916528,-0.018890269437379634,True,fair,True,False
B4_p_bcfr,pyruvate,bcfr,A196-B123,A196,B123,3,107,78,"3,4,13",0.019741837509491267,0.0005675368898978433,-0.19020883409364656,0.1415624722340059,0.6435401830803502,-0.058667299862297455,0.038826245124186275,-0.007204880079304794,-0.019020883409364656,True,good,True,False
B4_p_bcfr,pyruvate,bcfr,A152-B151,A152,B151,2,69,41,"3,4",0.010377119716527461,0.0,-0.19574916964993266,0.12232489812193321,0.7191616612273191,-0.052639999881628485,0.039727111757783734,-0.007414741274618662,-0.019574916964993267,True,fair,True,False
B4_p_bcfr,pyruvate,bcfr,A152-B110,A152,B110,2,26,18,"3,4",0.004555808656036446,0.0,-0.19634885249438147,0.07118845535188843,0.8838212159099933,-0.059141138539975456,0.017255717082945154,-0.007437456533878086,-0.01963488524943815,True,fair,True,False
B4_p_bcfr,pyruvate,bcfr,A90-B119,A90,B119,2,29,20,"3,4",0.005062009617818274,0.0,-0.20730035156810378,0.06777890100498611,0.9034217141315093,-0.062192612218554474,0.015850229560814166,-0.007852286044246357,-0.020730035156810378,True,fair,True,False
B4_p_bcfr,pyruvate,bcfr,A90-B151,A90,B151,2,90,54,"3,4",0.01366742596810934,0.0,-0.20764227614319022,0.12981340382629988,0.7189860043480806,-0.05508012201784396,0.04190108842291717,-0.0078652377326966,-0.020764227614319022,True,fair,True,False
B4_p_bcfr,pyruvate,bcfr,A81-B18,A81,B18,2,71,43,"3,4",0.010883320678309289,0.0,-0.20963433885203792,0.10298319222510487,0.8055888028974425,-0.05702484341938351,0.03455114464244219,-0.007940694653486286,-0.020963433885203792,True,fair,True,False
B4_p_bcfr,pyruvate,bcfr,A81-B42,A81,B42,2,23,18,"3,4",0.004555808656036446,0.0,-0.21841505889802304,0.18470705413690242,0.5830367731581476,-0.06768175067471134,0.05105825809739456,-0.008273297685531176,-0.021841505889802305,True,fair,True,False
B4_p_bcfr,pyruvate,bcfr,A90-B120,A90,B120,3,116,78,"3,4,13",0.019741837509491267,0.00028376844494892167,-0.23110983884370703,0.05410118768174356,0.9480474574279101,-0.06852958377175464,0.010869814677662572,-0.00875416056226163,-0.023110983884370703,True,good,True,False
B4_p_bcfr,pyruvate,bcfr,A90-B159,A90,B159,2,27,21,"3,4",0.005315110098709187,0.0,-0.2396545867484734,0.1877741060643536,0.6196158381447934,-0.07399859580520327,0.05120114830193313,-0.009077825255623994,-0.02396545867484734,True,fair,True,False
B4_p_bcfr,pyruvate,bcfr,A78-B171,A78,B171,2,35,25,"3,4",0.006327512022272842,0.0,-0.24337453809443102,0.10510280679135446,0.8428151511143865,-0.07332427068293211,0.025806117535708925,-0.009218732503576932,-0.0243374538094431,True,fair,True,False
B4_p_bcfr,pyruvate,bcfr,A90-B59,A90,B59,2,50,34,"3,4",0.008605416350291066,0.0,-0.2598260054719661,0.04739300624136173,0.9678005002399342,-0.07617074486791572,0.007767193083221947,-0.009841894146665383,-0.02598260054719661,True,fair,True,False
B4_p_bcfr,pyruvate,bcfr,A81-B12,A81,B12,2,39,29,"3,4",0.007339913945836497,0.0,-0.27551543315103844,0.1530361020452271,0.7642169445780562,-0.08360619911370841,0.03907862191969042,-0.010436190649660547,-0.027551543315103844,True,fair,True,False
B4_p_bcfr,pyruvate,bcfr,A20-B30,A20,B30,2,62,42,"3,4",0.010630220197418374,0.0,-0.278932279169274,0.03763748382725609,0.9821183561368071,-0.08088942257310473,0.004122673936306175,-0.010565616635199773,-0.027893227916927398,True,fair,True,False
B4_p_bcfr,pyruvate,bcfr,A81-B84,A81,B84,2,75,51,"3,4",0.012908124525436599,0.0,-0.29987746908137825,0.036946726507774245,0.9850472415679271,-0.08628847235080783,0.0031163809943663824,-0.011358995040961297,-0.029987746908137825,True,fair,True,False
B4_p_bcfr,pyruvate,bcfr,A81-B140,A81,B140,2,43,33,"3,4",0.008352315869400152,0.0,-0.30475116437969735,0.1953634428301894,0.7087390721657086,-0.09293018771629158,0.0507541288080005,-0.011543604711352172,-0.030475116437969733,True,fair,True,False
B4_p_bcfr,pyruvate,bcfr,A81-B171,A81,B171,2,40,37,"3,4",0.009364717792963807,0.0,-0.34243536926418205,0.4231308363350554,0.39575198979506676,-0.10759911205960142,0.12063680482057246,-0.012971036714552351,-0.034243536926418204,True,fair,True,False
B4_p_bcfr,pyruvate,bcfr,A90-B145,A90,B145,2,96,68,"3,4",0.017210832700582133,0.0,-0.36117771612045374,0.08818792048303835,0.9437364613653249,-0.10421303271521826,0.015792179152487065,-0.013680974095471733,-0.03611777161204537,True,fair,True,False
B4_p_bcfr,pyruvate,bcfr,A81-B75,A81,B75,2,171,119,"3,4",0.03011895722601873,0.0,-0.3968717471507439,0.03921594322394707,0.9903304757240515,-0.11008011216735218,0.0004957873084820737,-0.015033020725406967,-0.039687174715074394,True,fair,True,False
B4_p_bcfr,pyruvate,bcfr,A90-B155,A90,B155,2,107,82,"3,4",0.020754239433054922,0.0,-0.4550846638397899,0.21647457571359793,0.815480255664933,-0.1340547587882779,0.049871230780554644,-0.01723805544847689,-0.04550846638397899,True,fair,True,False
B4_p_bcfr,pyruvate,bcfr,A63-B151,A63,B151,2,148,111,"3,4",0.02809415337889142,0.0,-0.4825774051682611,0.17391345986176243,0.8850520489708742,-0.13871976832054994,0.03597193051664248,-0.018279447165464435,-0.04825774051682611,True,fair,True,False
B4_p_bcfr,pyruvate,bcfr,A81-B27,A81,B27,2,164,125,"3,4",0.03163756011136421,0.0,-0.5205218554264041,0.2022647511641472,0.8688135299663695,-0.14955132175539812,0.042701485846852606,-0.01971673694796985,-0.052052185542640406,True,fair,True,False
B4_p_fbcr,pyruvate,fbcr,A81-B8,A81,B8,3,5057,3948,"3,4,13",0.06555944055944056,0.870946393117141,0.36392531369630865,0.05383518271192992,0.9785855631925601,0.11121259990837118,0.015109791566404717,0.013785049761223814,0.036392531369630866,True,good,True,True
B4_p_fbcr,pyruvate,fbcr,A65-B8,A65,B8,1,2,2,13,0.0,0.00044120891242003087,0.33559180364255065,0.0018522093967148886,0.9999695389936929,0.10182304240953144,0.0007784976654859768,0.01271181074403601,0.033559180364255065,False,none,False,False
B4_p_fbcr,pyruvate,fbcr,A186-B79,A186,B79,3,371,244,"3,4,13",0.018793706293706292,0.05382748731524377,0.29929794848466973,0.03991219826067347,0.9825277576458228,0.09031568639856502,0.013181085974654623,0.011337043503207187,0.029929794848466973,False,good,True,False
B4_p_fbcr,pyruvate,fbcr,A138-B79,A138,B79,1,1,1,13,0.0,0.00022060445621001543,0.28208966486588866,0.005656240037087962,0.9995981104257723,0.08559208817038144,0.0004876828688580189,0.010685214578253359,0.028208966486588865,False,none,False,False
B4_p_fbcr,pyruvate,fbcr,A145-B8,A145,B8,1,1,1,13,0.0,0.00022060445621001543,0.28208966486588866,0.005656240037087962,0.9995981104257723,0.08559208817038144,0.0004876828688580189,0.010685214578253359,0.028208966486588865,False,none,False,False
B4_p_fbcr,pyruvate,fbcr,A169-B73,A169,B73,1,1,1,13,0.0,0.00022060445621001543,0.28208966486588866,0.005656240037087962,0.9995981104257723,0.08559208817038144,0.0004876828688580189,0.010685214578253359,0.028208966486588865,False,none,False,False
B4_p_fbcr,pyruvate,fbcr,A66-B151,A66,B151,1,1,1,13,0.0,0.00022060445621001543,0.28208966486588866,0.005656240037087962,0.9995981104257723,0.08559208817038144,0.0004876828688580189,0.010685214578253359,0.028208966486588865,False,none,False,False
B4_p_fbcr,pyruvate,fbcr,A77-B8,A77,B8,1,1,1,13,0.0,0.00022060445621001543,0.28208966486588866,0.005656240037087962,0.9995981104257723,0.08559208817038144,0.0004876828688580189,0.010685214578253359,0.028208966486588865,False,none,False,False
B4_p_fbcr,pyruvate,fbcr,A78-B87,A78,B87,1,1,1,13,0.0,0.00022060445621001543,0.28208966486588866,0.005656240037087962,0.9995981104257723,0.08559208817038144,0.0004876828688580189,0.010685214578253359,0.028208966486588865,False,none,False,False
B4_p_fbcr,pyruvate,fbcr,A81-B5,A81,B5,1,1,1,13,0.0,0.00022060445621001543,0.28208966486588866,0.005656240037087962,0.9995981104257723,0.08559208817038144,0.0004876828688580189,0.010685214578253359,0.028208966486588865,False,none,False,False
B4_p_fbcr,pyruvate,fbcr,A81-B6,A81,B6,1,1,1,13,0.0,0.00022060445621001543,0.28208966486588866,0.005656240037087962,0.9995981104257723,0.08559208817038144,0.0004876828688580189,0.010685214578253359,0.028208966486588865,False,none,False,False
B4_p_fbcr,pyruvate,fbcr,A81-B7,A81,B7,1,1,1,13,0.0,0.00022060445621001543,0.28208966486588866,0.005656240037087962,0.9995981104257723,0.08559208817038144,0.0004876828688580189,0.010685214578253359,0.028208966486588865,False,none,False,False
B4_p_fbcr,pyruvate,fbcr,A89-B121,A89,B121,1,1,1,13,0.0,0.00022060445621001543,0.28208966486588866,0.005656240037087962,0.9995981104257723,0.08559208817038144,0.0004876828688580189,0.010685214578253359,0.028208966486588865,False,none,False,False
B4_p_fbcr,pyruvate,fbcr,A93-B8,A93,B8,2,3,2,"4,13",0.0,0.00044120891242003087,0.2503797102559393,0.07621824172180128,0.9151928971105792,0.07671626052644018,0.022208471425181613,0.009484079933937095,0.02503797102559393,True,fair,True,False
B4_p_fbcr,pyruvate,fbcr,A196-B59,A196,B59,3,529,318,"3,4,13",0.04589160839160839,0.00022060445621001543,0.1832650351975298,0.5839651190072431,0.08965817827239275,0.06549772674710973,0.15443672366577937,0.006941857393845826,0.018326503519752978,False,fair,True,False
B4_p_fbcr,pyruvate,fbcr,A143-B84,A143,B84,3,565,271,"3,4,13",0.031687062937062936,0.0328700639752923,0.13075490018809843,0.08518645460774701,0.7020260163423437,0.040294141590403246,0.02504908695182195,0.004952837128337062,0.013075490018809843,False,good,True,False
B4_p_fbcr,pyruvate,fbcr,A126-B137,A126,B137,1,1,1,4,0.0,0.0,0.08668999383343541,0.1441646608602032,0.2655662768931152,0.027397853690647806,0.043309183526425425,0.0032837118876301295,0.008668999383343541,False,none,False,False
B4_p_fbcr,pyruvate,fbcr,A132-B59,A132,B59,1,1,1,4,0.0,0.0,0.08668999383343541,0.1441646608602032,0.2655662768931152,0.027397853690647806,0.043309183526425425,0.0032837118876301295,0.008668999383343541,False,none,False,False
B4_p_fbcr,pyruvate,fbcr,A132-B84,A132,B84,1,1,1,4,0.0,0.0,0.08668999383343541,0.1441646608602032,0.2655662768931152,0.027397853690647806,0.043309183526425425,0.0032837118876301295,0.008668999383343541,False,none,False,False
B4_p_fbcr,pyruvate,fbcr,A133-B84,A133,B84,1,1,1,4,0.0,0.0,0.08668999383343541,0.1441646608602032,0.2655662768931152,0.027397853690647806,0.043309183526425425,0.0032837118876301295,0.008668999383343541,False,none,False,False
B4_p_fbcr,pyruvate,fbcr,A140-B70,A140,B70,1,1,1,4,0.0,0.0,0.08668999383343541,0.1441646608602032,0.2655662768931152,0.027397853690647806,0.043309183526425425,0.0032837118876301295,0.008668999383343541,False,none,False,False
B4_p_fbcr,pyruvate,fbcr,A152-B163,A152,B163,1,1,1,4,0.0,0.0,0.08668999383343541,0.1441646608602032,0.2655662768931152,0.027397853690647806,0.043309183526425425,0.0032837118876301295,0.008668999383343541,False,none,False,False
B4_p_fbcr,pyruvate,fbcr,A156-B30,A156,B30,1,1,1,4,0.0,0.0,0.08668999383343541,0.1441646608602032,0.2655662768931152,0.027397853690647806,0.043309183526425425,0.0032837118876301295,0.008668999383343541,False,none,False,False
B4_p_fbcr,pyruvate,fbcr,A176-B138,A176,B138,1,1,1,4,0.0,0.0,0.08668999383343541,0.1441646608602032,0.2655662768931152,0.027397853690647806,0.043309183526425425,0.0032837118876301295,0.008668999383343541,False,none,False,False
B4_p_fbcr,pyruvate,fbcr,A189-B174,A189,B174,1,1,1,4,0.0,0.0,0.08668999383343541,0.1441646608602032,0.2655662768931152,0.027397853690647806,0.043309183526425425,0.0032837118876301295,0.008668999383343541,False,none,False,False
B4_p_fbcr,pyruvate,fbcr,A193-B27,A193,B27,1,1,1,4,0.0,0.0,0.08668999383343541,0.1441646608602032,0.2655662768931152,0.027397853690647806,0.043309183526425425,0.0032837118876301295,0.008668999383343541,False,none,False,False
B4_p_fbcr,pyruvate,fbcr,A195-B2,A195,B2,1,1,1,4,0.0,0.0,0.08668999383343541,0.1441646608602032,0.2655662768931152,0.027397853690647806,0.043309183526425425,0.0032837118876301295,0.008668999383343541,False,none,False,False
B4_p_fbcr,pyruvate,fbcr,A196-B118,A196,B118,1,1,1,4,0.0,0.0,0.08668999383343541,0.1441646608602032,0.2655662768931152,0.027397853690647806,0.043309183526425425,0.0032837118876301295,0.008668999383343541,False,none,False,False
B4_p_fbcr,pyruvate,fbcr,A196-B146,A196,B146,1,1,1,4,0.0,0.0,0.08668999383343541,0.1441646608602032,0.2655662768931152,0.027397853690647806,0.043309183526425425,0.0032837118876301295,0.008668999383343541,False,none,False,False
B4_p_fbcr,pyruvate,fbcr,A196-B151,A196,B151,1,1,1,4,0.0,0.0,0.08668999383343541,0.1441646608602032,0.2655662768931152,0.027397853690647806,0.043309183526425425,0.0032837118876301295,0.008668999383343541,False,none,False,False
B4_p_fbcr,pyruvate,fbcr,A196-B91,A196,B91,1,1,1,4,0.0,0.0,0.08668999383343541,0.1441646608602032,0.2655662768931152,0.027397853690647806,0.043309183526425425,0.0032837118876301295,0.008668999383343541,False,none,False,False
B4_p_fbcr,pyruvate,fbcr,A27-B47,A27,B47,1,1,1,4,0.0,0.0,0.08668999383343541,0.1441646608602032,0.2655662768931152,0.027397853690647806,0.043309183526425425,0.0032837118876301295,0.008668999383343541,False,none,False,False
B4_p_fbcr,pyruvate,fbcr,A4-B171,A4,B171,1,1,1,4,0.0,0.0,0.08668999383343541,0.1441646608602032,0.2655662768931152,0.027397853690647806,0.043309183526425425,0.0032837118876301295,0.008668999383343541,False,none,False,False
B4_p_fbcr,pyruvate,fbcr,A4-B59,A4,B59,1,1,1,4,0.0,0.0,0.08668999383343541,0.1441646608602032,0.2655662768931152,0.027397853690647806,0.043309183526425425,0.0032837118876301295,0.008668999383343541,False,none,False,False
B4_p_fbcr,pyruvate,fbcr,A4-B87,A4,B87,1,1,1,4,0.0,0.0,0.08668999383343541,0.1441646608602032,0.2655662768931152,0.027397853690647806,0.043309183526425425,0.0032837118876301295,0.008668999383343541,False,none,False,False
B4_p_fbcr,pyruvate,fbcr,A44-B79,A44,B79,1,1,1,4,0.0,0.0,0.08668999383343541,0.1441646608602032,0.2655662768931152,0.027397853690647806,0.043309183526425425,0.0032837118876301295,0.008668999383343541,False,none,False,False
B4_p_fbcr,pyruvate,fbcr,A63-B119,A63,B119,1,1,1,4,0.0,0.0,0.08668999383343541,0.1441646608602032,0.2655662768931152,0.027397853690647806,0.043309183526425425,0.0032837118876301295,0.008668999383343541,False,none,False,False
B4_p_fbcr,pyruvate,fbcr,A78-B102,A78,B102,1,1,1,4,0.0,0.0,0.08668999383343541,0.1441646608602032,0.2655662768931152,0.027397853690647806,0.043309183526425425,0.0032837118876301295,0.008668999383343541,False,none,False,False
B4_p_fbcr,pyruvate,fbcr,A78-B159,A78,B159,1,1,1,4,0.0,0.0,0.08668999383343541,0.1441646608602032,0.2655662768931152,0.027397853690647806,0.043309183526425425,0.0032837118876301295,0.008668999383343541,False,none,False,False
B4_p_fbcr,pyruvate,fbcr,A78-B39,A78,B39,1,1,1,4,0.0,0.0,0.08668999383343541,0.1441646608602032,0.2655662768931152,0.027397853690647806,0.043309183526425425,0.0032837118876301295,0.008668999383343541,False,none,False,False
B4_p_fbcr,pyruvate,fbcr,A78-B57,A78,B57,1,1,1,4,0.0,0.0,0.08668999383343541,0.1441646608602032,0.2655662768931152,0.027397853690647806,0.043309183526425425,0.0032837118876301295,0.008668999383343541,False,none,False,False
B4_p_fbcr,pyruvate,fbcr,A78-B89,A78,B89,1,1,1,4,0.0,0.0,0.08668999383343541,0.1441646608602032,0.2655662768931152,0.027397853690647806,0.043309183526425425,0.0032837118876301295,0.008668999383343541,False,none,False,False
B4_p_fbcr,pyruvate,fbcr,A78-B97,A78,B97,1,1,1,4,0.0,0.0,0.08668999383343541,0.1441646608602032,0.2655662768931152,0.027397853690647806,0.043309183526425425,0.0032837118876301295,0.008668999383343541,False,none,False,False
B4_p_fbcr,pyruvate,fbcr,A81-B47,A81,B47,1,1,1,4,0.0,0.0,0.08668999383343541,0.1441646608602032,0.2655662768931152,0.027397853690647806,0.043309183526425425,0.0032837118876301295,0.008668999383343541,False,none,False,False
B4_p_fbcr,pyruvate,fbcr,A81-B57,A81,B57,1,1,1,4,0.0,0.0,0.08668999383343541,0.1441646608602032,0.2655662768931152,0.027397853690647806,0.043309183526425425,0.0032837118876301295,0.008668999383343541,False,none,False,False
B4_p_fbcr,pyruvate,fbcr,A93-B27,A93,B27,1,1,1,4,0.0,0.0,0.08668999383343541,0.1441646608602032,0.2655662768931152,0.027397853690647806,0.043309183526425425,0.0032837118876301295,0.008668999383343541,False,none,False,False
B4_p_fbcr,pyruvate,fbcr,A96-B145,A96,B145,1,1,1,4,0.0,0.0,0.08668999383343541,0.1441646608602032,0.2655662768931152,0.027397853690647806,0.043309183526425425,0.0032837118876301295,0.008668999383343541,False,none,False,False
B4_p_fbcr,pyruvate,fbcr,A1-B75,A1,B75,1,1,1,3,0.00021853146853146853,0.0,0.07865562181162733,0.08063089115475881,0.4876011747649788,0.02320964322046371,0.024774385270206447,0.0029793796140767928,0.007865562181162734,False,none,False,False
B4_p_fbcr,pyruvate,fbcr,A128-B23,A128,B23,1,1,1,3,0.00021853146853146853,0.0,0.07865562181162733,0.08063089115475881,0.4876011747649788,0.02320964322046371,0.024774385270206447,0.0029793796140767928,0.007865562181162734,False,none,False,False
B4_p_fbcr,pyruvate,fbcr,A132-B171,A132,B171,1,1,1,3,0.00021853146853146853,0.0,0.07865562181162733,0.08063089115475881,0.4876011747649788,0.02320964322046371,0.024774385270206447,0.0029793796140767928,0.007865562181162734,False,none,False,False
B4_p_fbcr,pyruvate,fbcr,A136-B49,A136,B49,1,1,1,3,0.00021853146853146853,0.0,0.07865562181162733,0.08063089115475881,0.4876011747649788,0.02320964322046371,0.024774385270206447,0.0029793796140767928,0.007865562181162734,False,none,False,False
B4_p_fbcr,pyruvate,fbcr,A147-B8,A147,B8,1,1,1,3,0.00021853146853146853,0.0,0.07865562181162733,0.08063089115475881,0.4876011747649788,0.02320964322046371,0.024774385270206447,0.0029793796140767928,0.007865562181162734,False,none,False,False
B4_p_fbcr,pyruvate,fbcr,A152-B38,A152,B38,1,1,1,3,0.00021853146853146853,0.0,0.07865562181162733,0.08063089115475881,0.4876011747649788,0.02320964322046371,0.024774385270206447,0.0029793796140767928,0.007865562181162734,False,none,False,False
B4_p_fbcr,pyruvate,fbcr,A153-B142,A153,B142,1,1,1,3,0.00021853146853146853,0.0,0.07865562181162733,0.08063089115475881,0.4876011747649788,0.02320964322046371,0.024774385270206447,0.0029793796140767928,0.007865562181162734,False,none,False,False
B4_p_fbcr,pyruvate,fbcr,A153-B150,A153,B150,1,1,1,3,0.00021853146853146853,0.0,0.07865562181162733,0.08063089115475881,0.4876011747649788,0.02320964322046371,0.024774385270206447,0.0029793796140767928,0.007865562181162734,False,none,False,False
B4_p_fbcr,pyruvate,fbcr,A154-B138,A154,B138,1,1,1,3,0.00021853146853146853,0.0,0.07865562181162733,0.08063089115475881,0.4876011747649788,0.02320964322046371,0.024774385270206447,0.0029793796140767928,0.007865562181162734,False,none,False,False
B4_p_fbcr,pyruvate,fbcr,A159-B55,A159,B55,1,1,1,3,0.00021853146853146853,0.0,0.07865562181162733,0.08063089115475881,0.4876011747649788,0.02320964322046371,0.024774385270206447,0.0029793796140767928,0.007865562181162734,False,none,False,False
B4_p_fbcr,pyruvate,fbcr,A159-B68,A159,B68,1,1,1,3,0.00021853146853146853,0.0,0.07865562181162733,0.08063089115475881,0.4876011747649788,0.02320964322046371,0.024774385270206447,0.0029793796140767928,0.007865562181162734,False,none,False,False
B4_p_fbcr,pyruvate,fbcr,A176-B117,A176,B117,1,1,1,3,0.00021853146853146853,0.0,0.07865562181162733,0.08063089115475881,0.4876011747649788,0.02320964322046371,0.024774385270206447,0.0029793796140767928,0.007865562181162734,False,none,False,False
B4_p_fbcr,pyruvate,fbcr,A176-B65,A176,B65,1,1,1,3,0.00021853146853146853,0.0,0.07865562181162733,0.08063089115475881,0.4876011747649788,0.02320964322046371,0.024774385270206447,0.0029793796140767928,0.007865562181162734,False,none,False,False
B4_p_fbcr,pyruvate,fbcr,A176-B68,A176,B68,1,1,1,3,0.00021853146853146853,0.0,0.07865562181162733,0.08063089115475881,0.4876011747649788,0.02320964322046371,0.024774385270206447,0.0029793796140767928,0.007865562181162734,False,none,False,False
B4_p_fbcr,pyruvate,fbcr,A186-B18,A186,B18,1,1,1,3,0.00021853146853146853,0.0,0.07865562181162733,0.08063089115475881,0.4876011747649788,0.02320964322046371,0.024774385270206447,0.0029793796140767928,0.007865562181162734,False,none,False,False
B4_p_fbcr,pyruvate,fbcr,A19-B38,A19,B38,1,1,1,3,0.00021853146853146853,0.0,0.07865562181162733,0.08063089115475881,0.4876011747649788,0.02320964322046371,0.024774385270206447,0.0029793796140767928,0.007865562181162734,False,none,False,False
B4_p_fbcr,pyruvate,fbcr,A192-B134,A192,B134,1,1,1,3,0.00021853146853146853,0.0,0.07865562181162733,0.08063089115475881,0.4876011747649788,0.02320964322046371,0.024774385270206447,0.0029793796140767928,0.007865562181162734,False,none,False,False
B4_p_fbcr,pyruvate,fbcr,A193-B87,A193,B87,1,1,1,3,0.00021853146853146853,0.0,0.07865562181162733,0.08063089115475881,0.4876011747649788,0.02320964322046371,0.024774385270206447,0.0029793796140767928,0.007865562181162734,False,none,False,False
B4_p_fbcr,pyruvate,fbcr,A196-B107,A196,B107,1,1,1,3,0.00021853146853146853,0.0,0.07865562181162733,0.08063089115475881,0.4876011747649788,0.02320964322046371,0.024774385270206447,0.0029793796140767928,0.007865562181162734,False,none,False,False
B4_p_fbcr,pyruvate,fbcr,A196-B143,A196,B143,1,1,1,3,0.00021853146853146853,0.0,0.07865562181162733,0.08063089115475881,0.4876011747649788,0.02320964322046371,0.024774385270206447,0.0029793796140767928,0.007865562181162734,False,none,False,False
B4_p_fbcr,pyruvate,fbcr,A196-B85,A196,B85,1,1,1,3,0.00021853146853146853,0.0,0.07865562181162733,0.08063089115475881,0.4876011747649788,0.02320964322046371,0.024774385270206447,0.0029793796140767928,0.007865562181162734,False,none,False,False
B4_p_fbcr,pyruvate,fbcr,A198-B101,A198,B101,1,1,1,3,0.00021853146853146853,0.0,0.07865562181162733,0.08063089115475881,0.4876011747649788,0.02320964322046371,0.024774385270206447,0.0029793796140767928,0.007865562181162734,False,none,False,False
B4_p_fbcr,pyruvate,fbcr,A20-B38,A20,B38,1,1,1,3,0.00021853146853146853,0.0,0.07865562181162733,0.08063089115475881,0.4876011747649788,0.02320964322046371,0.024774385270206447,0.0029793796140767928,0.007865562181162734,False,none,False,False
B4_p_fbcr,pyruvate,fbcr,A21-B158,A21,B158,1,1,1,3,0.00021853146853146853,0.0,0.07865562181162733,0.08063089115475881,0.4876011747649788,0.02320964322046371,0.024774385270206447,0.0029793796140767928,0.007865562181162734,False,none,False,False
B4_p_fbcr,pyruvate,fbcr,A50-B38,A50,B38,1,1,1,3,0.00021853146853146853,0.0,0.07865562181162733,0.08063089115475881,0.4876011747649788,0.02320964322046371,0.024774385270206447,0.0029793796140767928,0.007865562181162734,False,none,False,False
B4_p_fbcr,pyruvate,fbcr,A60-B151,A60,B151,1,1,1,3,0.00021853146853146853,0.0,0.07865562181162733,0.08063089115475881,0.4876011747649788,0.02320964322046371,0.024774385270206447,0.0029793796140767928,0.007865562181162734,False,none,False,False
B4_p_fbcr,pyruvate,fbcr,A63-B117,A63,B117,1,1,1,3,0.00021853146853146853,0.0,0.07865562181162733,0.08063089115475881,0.4876011747649788,0.02320964322046371,0.024774385270206447,0.0029793796140767928,0.007865562181162734,False,none,False,False
B4_p_fbcr,pyruvate,fbcr,A63-B91,A63,B91,1,1,1,3,0.00021853146853146853,0.0,0.07865562181162733,0.08063089115475881,0.4876011747649788,0.02320964322046371,0.024774385270206447,0.0029793796140767928,0.007865562181162734,False,none,False,False
B4_p_fbcr,pyruvate,fbcr,A65-B26,A65,B26,1,1,1,3,0.00021853146853146853,0.0,0.07865562181162733,0.08063089115475881,0.4876011747649788,0.02320964322046371,0.024774385270206447,0.0029793796140767928,0.007865562181162734,False,none,False,False
B4_p_fbcr,pyruvate,fbcr,A78-B140,A78,B140,1,1,1,3,0.00021853146853146853,0.0,0.07865562181162733,0.08063089115475881,0.4876011747649788,0.02320964322046371,0.024774385270206447,0.0029793796140767928,0.007865562181162734,False,none,False,False
B4_p_fbcr,pyruvate,fbcr,A81-B145,A81,B145,1,1,1,3,0.00021853146853146853,0.0,0.07865562181162733,0.08063089115475881,0.4876011747649788,0.02320964322046371,0.024774385270206447,0.0029793796140767928,0.007865562181162734,False,none,False,False
B4_p_fbcr,pyruvate,fbcr,A81-B30,A81,B30,1,1,1,3,0.00021853146853146853,0.0,0.07865562181162733,0.08063089115475881,0.4876011747649788,0.02320964322046371,0.024774385270206447,0.0029793796140767928,0.007865562181162734,False,none,False,False
B4_p_fbcr,pyruvate,fbcr,A85-B41,A85,B41,1,1,1,3,0.00021853146853146853,0.0,0.07865562181162733,0.08063089115475881,0.4876011747649788,0.02320964322046371,0.024774385270206447,0.0029793796140767928,0.007865562181162734,False,none,False,False
B4_p_fbcr,pyruvate,fbcr,A86-B107,A86,B107,1,1,1,3,0.00021853146853146853,0.0,0.07865562181162733,0.08063089115475881,0.4876011747649788,0.02320964322046371,0.024774385270206447,0.0029793796140767928,0.007865562181162734,False,none,False,False
B4_p_fbcr,pyruvate,fbcr,A87-B53,A87,B53,1,1,1,3,0.00021853146853146853,0.0,0.07865562181162733,0.08063089115475881,0.4876011747649788,0.02320964322046371,0.024774385270206447,0.0029793796140767928,0.007865562181162734,False,none,False,False
B4_p_fbcr,pyruvate,fbcr,A90-B174,A90,B174,1,1,1,3,0.00021853146853146853,0.0,0.07865562181162733,0.08063089115475881,0.4876011747649788,0.02320964322046371,0.024774385270206447,0.0029793796140767928,0.007865562181162734,False,none,False,False
B4_p_fbcr,pyruvate,fbcr,A96-B177,A96,B177,1,1,1,3,0.00021853146853146853,0.0,0.07865562181162733,0.08063089115475881,0.4876011747649788,0.02320964322046371,0.024774385270206447,0.0029793796140767928,0.007865562181162734,False,none,False,False
B4_p_fbcr,pyruvate,fbcr,A196-B2,A196,B2,2,191,102,"3,4",0.0194493006993007,0.0,0.07023581613895014,0.4453764695030981,0.024265780573607176,0.030651064826859524,0.11897813597870809,0.0026604475810208385,0.007023581613895014,True,fair,True,False
B4_p_fbcr,pyruvate,fbcr,A78-B77,A78,B77,3,550,323,"3,4,13",0.030812937062937064,0.018971983234061327,0.06472591960759753,0.14078713285785494,0.17448413801749474,0.020807017038241293,0.0422493398128629,0.002451739379075664,0.006472591960759754,False,fair,True,False
B4_p_fbcr,pyruvate,fbcr,A196-B75,A196,B75,2,2,1,"3,4",0.00021853146853146853,0.0,0.05640879059993872,0.04301791995037902,0.6322813757786867,0.017423472188536192,0.012508167404453426,0.0021366966136340424,0.0056408790599938715,True,fair,True,False
B4_p_fbcr,pyruvate,fbcr,A20-B117,A20,B117,2,2,1,"3,4",0.00021853146853146853,0.0,0.05640879059993872,0.04301791995037902,0.6322813757786867,0.017423472188536192,0.012508167404453426,0.0021366966136340424,0.0056408790599938715,True,fair,True,False
B4_p_fbcr,pyruvate,fbcr,A20-B60,A20,B60,2,2,1,"3,4",0.00021853146853146853,0.0,0.05640879059993872,0.04301791995037902,0.6322813757786867,0.017423472188536192,0.012508167404453426,0.0021366966136340424,0.0056408790599938715,True,fair,True,False
B4_p_fbcr,pyruvate,fbcr,A81-B15,A81,B15,2,2,1,"3,4",0.00021853146853146853,0.0,0.05640879059993872,0.04301791995037902,0.6322813757786867,0.017423472188536192,0.012508167404453426,0.0021366966136340424,0.0056408790599938715,True,fair,True,False
B4_p_fbcr,pyruvate,fbcr,A152-B100,A152,B100,3,58,34,"3,4,13",0.00743006993006993,0.0017648356496801235,0.042793275068221795,0.053091124608328336,0.3938260665253812,0.012477158403911162,0.01633275495296379,0.0016209573889477953,0.004279327506822179,True,fair,True,False
B4_p_fbcr,pyruvate,fbcr,A196-B86,A196,B86,1,2,2,4,0.0,0.0,0.034947386361630514,0.20865744268310474,0.027286423758425382,0.012160903294376217,0.06341325986681959,0.0013237646349102468,0.0034947386361630513,False,none,False,False
B4_p_fbcr,pyruvate,fbcr,A196-B30,A196,B30,2,65,42,"3,4",0.005026223776223776,0.0,0.032914027761146394,0.5459128806462354,0.0036219257369011215,0.023439334956005066,0.15542454518372273,0.0012467434758009998,0.0032914027761146393,True,fair,True,False
B4_p_fbcr,pyruvate,fbcr,A132-B87,A132,B87,2,3,2,"3,4",0.00021853146853146853,0.0,0.03241451536902274,0.13071250046955682,0.057933074511146376,0.01109752769053451,0.039248257477224324,0.001227822551856922,0.003241451536902274,True,fair,True,False
B4_p_fbcr,pyruvate,fbcr,A176-B101,A176,B101,2,3,2,"3,4",0.00021853146853146853,0.0,0.03241451536902274,0.13071250046955682,0.057933074511146376,0.01109752769053451,0.039248257477224324,0.001227822551856922,0.003241451536902274,True,fair,True,False
B4_p_fbcr,pyruvate,fbcr,A196-B150,A196,B150,2,94,55,"3,4",0.008522727272727272,0.0,0.031693052968806305,0.48737498557211467,0.004210843251893137,0.0218979256549547,0.136027716259834,0.0012004944306366026,0.0031693052968806306,True,fair,True,False
B4_p_fbcr,pyruvate,fbcr,A104-B151,A104,B151,1,2,2,3,0.00043706293706293706,0.0,0.0236768965401681,0.12712355469935116,0.03352644247987846,0.006349938105639053,0.0383811301426924,0.0008968521416730342,0.00236768965401681,False,none,False,False
B4_p_fbcr,pyruvate,fbcr,A176-B119,A176,B119,1,2,2,3,0.00043706293706293706,0.0,0.0236768965401681,0.12712355469935116,0.03352644247987846,0.006349938105639053,0.0383811301426924,0.0008968521416730342,0.00236768965401681,False,none,False,False
B4_p_fbcr,pyruvate,fbcr,A196-B34,A196,B34,1,2,2,3,0.00043706293706293706,0.0,0.0236768965401681,0.12712355469935116,0.03352644247987846,0.006349938105639053,0.0383811301426924,0.0008968521416730342,0.00236768965401681,False,none,False,False
B4_p_fbcr,pyruvate,fbcr,A4-B15,A4,B15,1,2,2,3,0.00043706293706293706,0.0,0.0236768965401681,0.12712355469935116,0.03352644247987846,0.006349938105639053,0.0383811301426924,0.0008968521416730342,0.00236768965401681,False,none,False,False
B4_p_fbcr,pyruvate,fbcr,A96-B127,A96,B127,1,2,2,3,0.00043706293706293706,0.0,0.0236768965401681,0.12712355469935116,0.03352644247987846,0.006349938105639053,0.0383811301426924,0.0008968521416730342,0.00236768965401681,False,none,False,False
B4_p_fbcr,pyruvate,fbcr,A196-B23,A196,B23,2,4,2,"3,4",0.00043706293706293706,0.0,0.007549459822079055,0.06245466218035433,0.014401314827309886,0.002948588842407477,0.018743225005298573,0.0002859643871999642,0.0007549459822079054,True,fair,True,False
B4_p_fbcr,pyruvate,fbcr,A90-B84,A90,B84,2,4,2,"3,4",0.00043706293706293706,0.0,0.007549459822079055,0.06245466218035433,0.014401314827309886,0.002948588842407477,0.018743225005298573,0.0002859643871999642,0.0007549459822079054,True,fair,True,False
B4_p_fbcr,pyruvate,fbcr,A196-B15,A196,B15,2,139,73,"3,4",0.014423076923076924,0.0,0.004010450846803527,0.40764771410799366,9.677748708780687e-05,0.011957182039209036,0.1121307514427531,0.00015191101692437603,0.00040104508468035273,True,fair,True,False
B4_p_fbcr,pyruvate,fbcr,A196-B27,A196,B27,3,292,162,"3,4,13",0.02819055944055944,0.00022060445621001543,9.985792409603455e-05,0.4358089362202201,5.2501629932422134e-08,0.011631766849087666,0.12215204367301039,3.782497124849794e-06,9.985792409603454e-06,False,fair,True,False
B4_p_fbcr,pyruvate,fbcr,A159-B24,A159,B24,2,5,3,"3,4",0.00043706293706293706,0.0,-0.0023667704491785314,0.1329250732148109,0.0003169281371800947,0.000843403971712967,0.040115100887291304,-8.96503958022171e-05,-0.00023667704491785315,True,fair,True,False
B4_p_fbcr,pyruvate,fbcr,A162-B137,A162,B137,1,3,3,3,0.0006555944055944056,0.0,-0.014600955160080687,0.15733593877507032,0.008538518219822877,-0.005339492378696734,0.047196224357530896,-0.0005530664833363897,-0.0014600955160080688,False,none,False,False
B4_p_fbcr,pyruvate,fbcr,A20-B75,A20,B75,1,3,3,3,0.0006555944055944056,0.0,-0.014600955160080687,0.15733593877507032,0.008538518219822877,-0.005339492378696734,0.047196224357530896,-0.0005530664833363897,-0.0014600955160080688,False,none,False,False
B4_p_fbcr,pyruvate,fbcr,A90-B165,A90,B165,1,3,3,3,0.0006555944055944056,0.0,-0.014600955160080687,0.15733593877507032,0.008538518219822877,-0.005339492378696734,0.047196224357530896,-0.0005530664833363897,-0.0014600955160080688,False,none,False,False
B4_p_fbcr,pyruvate,fbcr,A96-B47,A96,B47,1,3,3,3,0.0006555944055944056,0.0,-0.014600955160080687,0.15733593877507032,0.008538518219822877,-0.005339492378696734,0.047196224357530896,-0.0005530664833363897,-0.0014600955160080688,False,none,False,False
B4_p_fbcr,pyruvate,fbcr,A153-B105,A153,B105,2,5,3,"3,4",0.0006555944055944056,0.0,-0.018981480326655354,0.008874269141278469,0.8206291136637748,-0.005606142924203947,0.0028812183836520464,-0.0007189954669187635,-0.0018981480326655353,True,fair,True,False
B4_p_fbcr,pyruvate,fbcr,A153-B75,A153,B75,2,5,3,"3,4",0.0006555944055944056,0.0,-0.018981480326655354,0.008874269141278469,0.8206291136637748,-0.005606142924203947,0.0028812183836520464,-0.0007189954669187635,-0.0018981480326655353,True,fair,True,False
B4_p_fbcr,pyruvate,fbcr,A176-B120,A176,B120,2,5,3,"3,4",0.0006555944055944056,0.0,-0.018981480326655354,0.008874269141278469,0.8206291136637748,-0.005606142924203947,0.0028812183836520464,-0.0007189954669187635,-0.0018981480326655353,True,fair,True,False
B4_p_fbcr,pyruvate,fbcr,A186-B143,A186,B143,2,5,3,"3,4",0.0006555944055944056,0.0,-0.018981480326655354,0.008874269141278469,0.8206291136637748,-0.005606142924203947,0.0028812183836520464,-0.0007189954669187635,-0.0018981480326655353,True,fair,True,False
B4_p_fbcr,pyruvate,fbcr,A20-B126,A20,B126,2,5,3,"3,4",0.0006555944055944056,0.0,-0.018981480326655354,0.008874269141278469,0.8206291136637748,-0.005606142924203947,0.0028812183836520464,-0.0007189954669187635,-0.0018981480326655353,True,fair,True,False
B4_p_fbcr,pyruvate,fbcr,A78-B84,A78,B84,2,265,140,"3,4",0.030594405594405596,0.0,-0.02037622870797933,0.32998177329968054,0.003798524132494485,0.002697337862021995,0.08871678536293126,-0.0007718268449992172,-0.002037622870797933,True,fair,True,False
B4_p_fbcr,pyruvate,fbcr,A78-B130,A78,B130,2,6,3,"3,4",0.0006555944055944056,0.0,-0.02264948968523689,0.07908712382251847,0.07580032871341691,-0.005829080260085614,0.024056664094881493,-0.0008579352153498822,-0.002264948968523689,True,fair,True,False
B4_p_fbcr,pyruvate,fbcr,A83-B137,A83,B137,2,6,3,"3,4",0.0006555944055944056,0.0,-0.02264948968523689,0.07908712382251847,0.07580032871341691,-0.005829080260085614,0.024056664094881493,-0.0008579352153498822,-0.002264948968523689,True,fair,True,False
B4_p_fbcr,pyruvate,fbcr,A81-B132,A81,B132,3,296,189,"3,4,13",0.04130244755244755,0.0050739024928303554,-0.031489494947673335,0.06965318180471765,0.1697008648717967,-0.010168084677298458,0.020597931509486862,-0.001192783899533081,-0.0031489494947673337,True,fair,True,False
B4_p_fbcr,pyruvate,fbcr,A196-B117,A196,B117,3,576,405,"3,4,13",0.03496503496503497,0.0024266490183101697,-0.03673812795747284,0.45721531334874155,0.006415012846596957,-0.0019923854849429085,0.1365215031006538,-0.0013915957559648803,-0.003673812795747284,False,fair,True,False
B4_p_fbcr,pyruvate,fbcr,A78-B151,A78,B151,3,396,225,"3,4,13",0.049169580419580416,0.005515111405250386,-0.04192314619515336,0.004827023266665859,0.9869162764063781,-0.012637452611130664,0.0009436215243937439,-0.0015879979619376273,-0.004192314619515336,True,good,True,False
B4_p_fbcr,pyruvate,fbcr,A90-B18,A90,B18,2,7,4,"3,4",0.0008741258741258741,0.0,-0.043696891000473394,0.03373506746065476,0.626557887703324,-0.012674925445804366,0.010678747878599659,-0.0016551852651694467,-0.00436968910004734,True,fair,True,False
B4_p_fbcr,pyruvate,fbcr,A81-B4,A81,B4,2,5,4,"3,4",0.0008741258741258741,0.0,-0.0436968910004734,0.11042132340291931,0.13539777559005528,-0.014177363795855156,0.032728505178834286,-0.0016551852651694472,-0.00436968910004734,True,fair,True,False
B4_p_fbcr,pyruvate,fbcr,A81-B84,A81,B84,2,123,62,"3,4",0.01333041958041958,0.0,-0.04633419041862272,0.35543083428809735,0.016709929210806607,-0.0033704507959555325,0.09965487669740566,-0.0017550829704023757,-0.004633419041862272,True,fair,True,False
B4_p_fbcr,pyruvate,fbcr,A78-B137,A78,B137,3,361,206,"3,4,13",0.033216783216783216,0.0006618133686300463,-0.049852433155064955,0.38341433434814426,0.01662475674876951,-0.004971908835233582,0.11176606720332383,-0.0018883497407221575,-0.004985243315506495,False,fair,True,False
B4_p_fbcr,pyruvate,fbcr,A196-B87,A196,B87,3,919,518,"3,4,13",0.08588286713286714,0.0017648356496801235,-0.05170556357479373,0.3786560576888721,0.018304651612724987,-0.0055149822250454205,0.11023809599838787,-0.001958544074802793,-0.005170556357479373,False,fair,True,False
B4_p_fbcr,pyruvate,fbcr,A196-B6,A196,B6,2,9,8,"3,4",0.00021853146853146853,0.0,-0.053884654899219474,0.38517055933277855,0.019195806225680845,-0.011886415160530765,0.11757955991534805,-0.0020410854128492225,-0.005388465489921947,True,fair,True,False
B4_p_fbcr,pyruvate,fbcr,A96-B140,A96,B140,2,12,7,"3,4",0.0010926573426573427,0.0,-0.05482137978596554,0.1989598617252131,0.07056479764660328,-0.013198974668643993,0.06035124439890626,-0.0020765674161350584,-0.005482137978596554,True,fair,True,False
B4_p_fbcr,pyruvate,fbcr,A186-B30,A186,B30,2,9,5,"3,4",0.0010926573426573427,0.0,-0.06163133661299146,0.05402179597767837,0.5655126209224283,-0.017682887847435706,0.01703684197180139,-0.0023345203262496767,-0.006163133661299146,True,fair,True,False
B4_p_fbcr,pyruvate,fbcr,A78-B142,A78,B142,2,9,5,"3,4",0.0010926573426573427,0.0,-0.06163133661299146,0.05402179597767837,0.5655126209224283,-0.017682887847435706,0.01703684197180139,-0.0023345203262496767,-0.006163133661299146,True,fair,True,False
B4_p_fbcr,pyruvate,fbcr,A196-B8,A196,B8,2,30,18,"3,4",0.0026223776223776225,0.0,-0.06259866694039933,0.3395262121688013,0.03287502937848785,-0.011027921431019756,0.10099692704018251,-0.0023711616265302774,-0.0062598666940399325,True,fair,True,False
B4_p_fbcr,pyruvate,fbcr,A20-B8,A20,B8,1,5,5,3,0.0010926573426573427,0.0,-0.06706731097993647,0.19751162903307987,0.10338178005917353,-0.02132658377267888,0.058905636396061646,-0.002540428446209715,-0.006706731097993647,False,none,False,False
B4_p_fbcr,pyruvate,fbcr,A78-B150,A78,B150,2,11,6,"3,4",0.0013111888111888112,0.0,-0.07521444678122591,0.07140878435492728,0.5259379111790506,-0.021372454684352414,0.02246705333477409,-0.002849032075046436,-0.007521444678122591,True,fair,True,False
B4_p_fbcr,pyruvate,fbcr,A159-B77,A159,B77,2,10,6,"3,4",0.0013111888111888112,0.0,-0.0791595621419663,0.018873898381883556,0.9462097131594507,-0.023382146955634456,0.006777450284379411,-0.002998468262953269,-0.007915956214196631,True,fair,True,False
B4_p_fbcr,pyruvate,fbcr,A20-B84,A20,B84,2,10,6,"3,4",0.0013111888111888112,0.0,-0.0791595621419663,0.018873898381883556,0.9462097131594507,-0.023382146955634456,0.006777450284379411,-0.002998468262953269,-0.007915956214196631,True,fair,True,False
B4_p_fbcr,pyruvate,fbcr,A176-B132,A176,B132,2,8,6,"3,4",0.0013111888111888112,0.0,-0.08622877717095456,0.10120019290664764,0.42062861590409073,-0.027011421137099534,0.029273981153242003,-0.003266241559505855,-0.008622877717095457,True,fair,True,False
B4_p_fbcr,pyruvate,fbcr,A63-B75,A63,B75,2,7,6,"3,4",0.0013111888111888112,0.0,-0.08821045557996736,0.16610298696279413,0.21998307633736724,-0.028054924953005045,0.04892839351920828,-0.0033413051356048244,-0.008821045557996735,True,fair,True,False
B4_p_fbcr,pyruvate,fbcr,A81-B140,A81,B140,3,54,34,"3,4,13",0.00743006993006993,0.00044120891242003087,-0.08936635891049664,0.03920980355116116,0.8385711594957281,-0.027241586735386826,0.010502652628531646,-0.0033850893526703274,-0.008936635891049665,True,good,True,False
B4_p_fbcr,pyruvate,fbcr,A196-B122,A196,B122,2,26,14,"3,4",0.0026223776223776225,0.0,-0.0909531452195414,0.23630607022222133,0.12902953081891166,-0.021861951752713805,0.07138758546022674,-0.0034451948946795986,-0.00909531452195414,True,fair,True,False
B4_p_fbcr,pyruvate,fbcr,A143-B145,A143,B145,1,7,7,3,0.0015297202797202797,0.0,-0.10323034169921241,0.22491644081430476,0.17400103384726595,-0.03233290941501031,0.06689160788028539,-0.003910240215879259,-0.010323034169921242,False,none,False,False
B4_p_fbcr,pyruvate,fbcr,A176-B26,A176,B26,1,7,7,3,0.0015297202797202797,0.0,-0.10323034169921241,0.22491644081430476,0.17400103384726595,-0.03233290941501031,0.06689160788028539,-0.003910240215879259,-0.010323034169921242,False,none,False,False
B4_p_fbcr,pyruvate,fbcr,A83-B50,A83,B50,2,32,16,"3,4",0.0034965034965034965,0.0,-0.11318111725094965,0.20614835567457734,0.23161516371096014,-0.028580767011453494,0.0627260317146392,-0.004287163532232942,-0.011318111725094965,True,fair,True,False
B4_p_fbcr,pyruvate,fbcr,A63-B147,A63,B147,2,17,10,"3,4",0.0021853146853146855,0.0,-0.1206272277274309,0.04677863810572545,0.8692742168862521,-0.03495402457098302,0.015974490580966956,-0.004569213171493594,-0.01206272277274309,True,fair,True,False
B4_p_fbcr,pyruvate,fbcr,A96-B75,A96,B75,2,10,8,"3,4",0.0017482517482517483,0.0,-0.12101531488550937,0.1516537550131844,0.3890360896868271,-0.037995599950016924,0.04388051670483514,-0.004583913442632931,-0.012101531488550938,True,fair,True,False
B4_p_fbcr,pyruvate,fbcr,A159-B49,A159,B49,2,9,8,"3,4",0.0017482517482517483,0.0,-0.1224849853296012,0.20711850333519063,0.25910888139211974,-0.03870708760321844,0.06082485762546618,-0.004639582777636409,-0.01224849853296012,True,fair,True,False
B4_p_fbcr,pyruvate,fbcr,A81-B3,A81,B3,3,37,27,"3,4,13",0.00590034965034965,0.00022060445621001543,-0.12883458527708413,0.12918439702139442,0.49864424276767605,-0.040154374105979884,0.03686601953346924,-0.004880097927162278,-0.012883458527708414,True,fair,True,False
B4_p_fbcr,pyruvate,fbcr,A153-B6,A153,B6,3,163,87,"3,4,13",0.019012237762237764,0.00044120891242003087,-0.13674154177650802,0.14460435078817357,0.47207468518532225,-0.036871156947171496,0.0452204858752244,-0.0051796038551707585,-0.013674154177650801,True,fair,True,False
B4_p_fbcr,pyruvate,fbcr,A96-B79,A96,B79,2,35,19,"3,4",0.004152097902097902,0.0,-0.14138341498159374,0.15154555774908876,0.4653502101890131,-0.037851378243673406,0.04729739808844241,-0.00535543238566643,-0.014138341498159374,True,fair,True,False
B4_p_fbcr,pyruvate,fbcr,A96-B87,A96,B87,2,24,14,"3,4",0.0030594405594405595,0.0,-0.14431796390924026,0.06875729491901972,0.8150060204107921,-0.041147403161726465,0.023069394075712443,-0.005466589542016677,-0.014431796390924026,True,fair,True,False
B4_p_fbcr,pyruvate,fbcr,A90-B47,A90,B47,2,16,11,"3,4",0.002403846153846154,0.0,-0.14802038728491357,0.06413859078401586,0.8419231705119355,-0.04498815050819509,0.016670623788939166,-0.005606832851701272,-0.014802038728491358,True,fair,True,False
B4_p_fbcr,pyruvate,fbcr,A90-B120,A90,B120,3,101,63,"3,4,13",0.013767482517482518,0.00044120891242003087,-0.14984430288417608,0.012333472316274356,0.9932708848379825,-0.04456890087721428,0.0010138323859754945,-0.0056759205637945485,-0.014984430288417607,True,good,True,False
B4_p_fbcr,pyruvate,fbcr,A196-B171,A196,B171,3,259,141,"3,4,13",0.030812937062937064,0.00044120891242003087,-0.15435399143048037,0.1730532813686133,0.44307245386580363,-0.04026508349286547,0.053530153070973134,-0.005846742099639408,-0.015435399143048038,True,fair,True,False
B4_p_fbcr,pyruvate,fbcr,A20-B178,A20,B178,2,12,11,"3,4",0.002403846153846154,0.0,-0.16219039083654496,0.2534926088750611,0.2904648352653345,-0.051024520224727296,0.07425304893284562,-0.006143575410475189,-0.016219039083654498,True,fair,True,False
B4_p_fbcr,pyruvate,fbcr,A153-B30,A153,B30,3,177,98,"3,4,13",0.021416083916083916,0.00022060445621001543,-0.1631402258899537,0.17098809542395846,0.47652535864084766,-0.0425061523567689,0.05298987538345942,-0.006179554010983095,-0.01631402258899537,True,fair,True,False
B4_p_fbcr,pyruvate,fbcr,A81-B40,A81,B40,2,53,30,"3,4",0.006555944055944056,0.0,-0.17007407054439075,0.14864742461264607,0.5669244003305545,-0.04528517767503775,0.04683647182350979,-0.0064421996418329835,-0.017007407054439073,True,fair,True,False
B4_p_fbcr,pyruvate,fbcr,A63-B79,A63,B79,2,13,12,"3,4",0.0026223776223776225,0.0,-0.17326982951793868,0.2662948624956089,0.29744210163798734,-0.0544586171519194,0.07795739155613741,-0.006563251118103739,-0.017326982951793867,True,fair,True,False
B4_p_fbcr,pyruvate,fbcr,A20-B11,A20,B11,2,17,13,"3,4",0.002840909090909091,0.0,-0.17913398963632504,0.14969917128592575,0.5888013989661234,-0.055494066588510076,0.041755848371826235,-0.006785378395315343,-0.017913398963632504,True,fair,True,False
B4_p_fbcr,pyruvate,fbcr,A90-B154,A90,B154,2,25,17,"3,4",0.003715034965034965,0.0,-0.1938298959581583,0.057535657088080484,0.9190234581022403,-0.05817018869289972,0.013305783135178878,-0.007342041513566603,-0.01938298959581583,True,fair,True,False
B4_p_fbcr,pyruvate,fbcr,A78-B26,A78,B26,2,41,25,"3,4",0.005463286713286713,0.0,-0.1955852639109173,0.058867191883180285,0.9169359016375634,-0.055435273384050694,0.021488000546087238,-0.007408532723898383,-0.019558526391091728,True,fair,True,False
B4_p_fbcr,pyruvate,fbcr,A78-B103,A78,B103,2,19,15,"3,4",0.003277972027972028,0.0,-0.20130764588691819,0.18330326222289672,0.5467095849464232,-0.06255984739271112,0.05133683969203671,-0.007625289616928719,-0.02013076458869182,True,fair,True,False
B4_p_fbcr,pyruvate,fbcr,A152-B110,A152,B110,2,18,16,"3,4",0.0034965034965034965,0.0,-0.21542705005173132,0.2794400450303453,0.372774873497117,-0.06765605905167385,0.08067266140481484,-0.00816011553226255,-0.02154270500517313,True,fair,True,False
B4_p_fbcr,pyruvate,fbcr,A20-B30,A20,B30,2,31,21,"3,4",0.004589160839160839,0.0,-0.21573633769194236,0.05307520110670407,0.9429289747971442,-0.06428730705926264,0.011213403063928326,-0.008171830973179636,-0.021573633769194238,True,fair,True,False
B4_p_fbcr,pyruvate,fbcr,A152-B151,A152,B151,2,47,30,"3,4",0.006555944055944056,0.0,-0.22768474133857616,0.0184458135541514,0.9934794136844616,-0.06540546998376323,0.010564628136276637,-0.008624422020400613,-0.022768474133857616,True,fair,True,False
B4_p_fbcr,pyruvate,fbcr,A81-B171,A81,B171,3,75,60,"3,4,13",0.013111888111888112,0.00022060445621001543,-0.24427638426122425,0.23549756446074024,0.5182917008466634,-0.07608475629098649,0.06588744317991736,-0.009252893343228192,-0.024427638426122424,True,fair,True,False
B4_p_fbcr,pyruvate,fbcr,A78-B70,A78,B70,2,38,27,"3,4",0.00590034965034965,0.0,-0.2592628022953146,0.1032487191587069,0.8631145299852272,-0.07781277075336533,0.024728559019635953,-0.009820560693004342,-0.025926280229531463,True,fair,True,False
B4_p_fbcr,pyruvate,fbcr,A81-B12,A81,B12,2,43,30,"3,4",0.006555944055944056,0.0,-0.2653975935040185,0.08272366605084315,0.9114481661116057,-0.07893088314816865,0.018269251302554065,-0.010052939147879488,-0.02653975935040185,True,fair,True,False
B4_p_fbcr,pyruvate,fbcr,A196-B123,A196,B123,3,116,84,"3,4,13",0.018356643356643356,0.00022060445621001543,-0.2731222328880824,0.14093470489769913,0.7897211621200496,-0.08268878983035788,0.03562038259915042,-0.010345539124548577,-0.02731222328880824,True,good,True,False
B4_p_fbcr,pyruvate,fbcr,A90-B119,A90,B119,2,32,25,"3,4",0.005463286713286713,0.0,-0.2742204016324429,0.20506203023530778,0.6413525187605374,-0.08443102806914239,0.05524931783343606,-0.010387136425471321,-0.027422040163244288,True,fair,True,False
B4_p_fbcr,pyruvate,fbcr,A81-B42,A81,B42,2,31,25,"3,4",0.005463286713286713,0.0,-0.2799906400661958,0.23889829137747653,0.5786993915629959,-0.08673157963289595,0.06546799850285806,-0.010605706063113477,-0.027999064006619577,True,fair,True,False
B4_p_fbcr,pyruvate,fbcr,A90-B159,A90,B159,2,38,29,"3,4",0.006337412587412587,0.0,-0.2912181357641588,0.18635300906181826,0.7094799494316535,-0.08892467248430677,0.04874670273141872,-0.01103098999106662,-0.029121813576415877,True,fair,True,False
B4_p_fbcr,pyruvate,fbcr,A81-B65,A81,B65,2,38,30,"3,4",0.006555944055944056,0.0,-0.30538148069134213,0.22768133398356363,0.6427292158733698,-0.09390551413404027,0.06085391431513447,-0.011567480329217505,-0.030538148069134213,True,fair,True,False
B4_p_fbcr,pyruvate,fbcr,A90-B59,A90,B59,2,45,35,"3,4",0.007648601398601399,0.0,-0.32647249235972475,0.21801965007283722,0.691580992337872,-0.09969606852044004,0.05687660107896406,-0.01236638228635321,-0.032647249235972474,True,fair,True,False
B4_p_fbcr,pyruvate,fbcr,A90-B151,A90,B151,2,78,54,"3,4",0.0118006993006993,0.0,-0.3273156119947117,0.06433110637198233,0.962808102467435,-0.09470430386843498,0.010215072232105892,-0.012398318636163324,-0.03273156119947117,True,fair,True,False
B4_p_fbcr,pyruvate,fbcr,A81-B51,A81,B51,2,70,50,"3,4",0.010926573426573426,0.0,-0.3393382200641803,0.10986229088411177,0.9051272702815882,-0.09973230078728866,0.023289771432604394,-0.012853720456976527,-0.03393382200641803,True,fair,True,False
B4_p_fbcr,pyruvate,fbcr,A81-B75,A81,B75,2,163,110,"3,4",0.02403846153846154,0.0,-0.3622101978244098,0.0019434007831909878,0.9999712133652227,-0.09954166111364847,0.009944007264598804,-0.013720083250924614,-0.03622101978244098,True,fair,True,False
B4_p_fbcr,pyruvate,fbcr,A63-B151,A63,B151,2,118,82,"3,4",0.01791958041958042,0.0,-0.3727677915774555,0.056912116685308725,0.9772214689048074,-0.10566413428172287,0.006298473333038409,-0.014119992105206649,-0.03727677915774555,True,fair,True,False
B4_p_fbcr,pyruvate,fbcr,A90-B155,A90,B155,2,92,70,"3,4",0.015297202797202798,0.0,-0.4317603597952298,0.2070533866861149,0.8130251745958178,-0.12781300482231145,0.04830276028829305,-0.016354559083152646,-0.04317603597952298,True,fair,True,False
B4_p_fbcr,pyruvate,fbcr,A81-B27,A81,B27,2,186,133,"3,4",0.029064685314685316,0.0,-0.45454073226475816,0.08517941580596686,0.9660738916155931,-0.12684371400605685,0.011628740159024284,-0.017217451979725688,-0.045454073226475815,True,fair,True,False
B4_p_fbcr,pyruvate,fbcr,A81-B18,A81,B18,2,95,74,"3,4",0.016171328671328672,0.0,-0.4586698661032155,0.2480779315642244,0.7736742413288484,-0.13653436954893997,0.05943757522435171,-0.01737385856451574,-0.04586698661032155,True,fair,True,False
B4_p_fbcr,pyruvate,fbcr,A78-B171,A78,B171,2,71,64,"3,4",0.013986013986013986,0.0,-0.475541327032425,0.4872756243610742,0.48781434557730874,-0.148385403679885,0.13365653665980026,-0.018012929054258525,-0.047554132703242505,True,fair,True,False
B4_p_fbcr,pyruvate,fbcr,A90-B145,A90,B145,2,123,97,"3,4",0.021197552447552448,0.0,-0.5205712125134598,0.27549575380331004,0.7812061239891227,-0.15363817111396258,0.06463978296194708,-0.019718606534600752,-0.052057121251345984,True,fair,True,False
B4_p_fr,pyruvate,fr,A81-B8,A81,B8,3,1329,1190,"3,4,13",0.060209424083769635,0.8940646130728775,0.4003059043446536,0.05971129366006189,0.9782343384024003,0.12262552747407834,0.017097480724011696,0.015163102437297484,0.04003059043446536,True,good,True,True
B4_p_fr,pyruvate,fr,A152-B100,A152,B100,1,6,6,13,0.0,0.004507888805409466,0.38669941905867217,0.011406840388226161,0.9991306273725775,0.11730025591100961,0.004864970162674,0.014647705267373946,0.038669941905867214,False,none,False,False
B4_p_fr,pyruvate,fr,A81-B3,A81,B3,1,2,2,13,0.0,0.0015026296018031556,0.2863707765418542,0.006316877172383121,0.9995136642378087,0.08685717997163715,0.003060325988265611,0.01084737789931266,0.02863707765418542,False,none,False,False
B4_p_fr,pyruvate,fr,A81-B7,A81,B7,1,2,2,13,0.0,0.0015026296018031556,0.2863707765418542,0.006316877172383121,0.9995136642378087,0.08685717997163715,0.003060325988265611,0.01084737789931266,0.02863707765418542,False,none,False,False
B4_p_fr,pyruvate,fr,A186-B79,A186,B79,3,46,34,"3,4,13",0.028795811518324606,0.025544703230653644,0.2518739195139735,0.07978798086888157,0.9088034296295623,0.07565465691238114,0.024605350303953465,0.009540678769468692,0.025187391951397346,False,good,True,False
B4_p_fr,pyruvate,fr,A143-B36,A143,B36,1,1,1,13,0.0,0.0007513148009015778,0.23277218289228696,0.0032504103176268515,0.999805047170913,0.07059363127897056,0.0019993108376538705,0.008817128139859355,0.023277218289228695,False,none,False,False
B4_p_fr,pyruvate,fr,A65-B8,A65,B8,1,1,1,13,0.0,0.0007513148009015778,0.23277218289228696,0.0032504103176268515,0.999805047170913,0.07059363127897056,0.0019993108376538705,0.008817128139859355,0.023277218289228695,False,none,False,False
B4_p_fr,pyruvate,fr,A81-B5,A81,B5,1,1,1,13,0.0,0.0007513148009015778,0.23277218289228696,0.0032504103176268515,0.999805047170913,0.07059363127897056,0.0019993108376538705,0.008817128139859355,0.023277218289228695,False,none,False,False
B4_p_fr,pyruvate,fr,A84-B8,A84,B8,1,1,1,13,0.0,0.0007513148009015778,0.23277218289228696,0.0032504103176268515,0.999805047170913,0.07059363127897056,0.0019993108376538705,0.008817128139859355,0.023277218289228695,False,none,False,False
B4_p_fr,pyruvate,fr,A93-B8,A93,B8,1,1,1,13,0.0,0.0007513148009015778,0.23277218289228696,0.0032504103176268515,0.999805047170913,0.07059363127897056,0.0019993108376538705,0.008817128139859355,0.023277218289228695,False,none,False,False
B4_p_fr,pyruvate,fr,A78-B77,A78,B77,3,74,31,"3,4,13",0.031413612565445025,0.02329075882794891,0.14948762883050787,0.07217298443373542,0.8109654547836195,0.04591440516871095,0.02125117732129856,0.005662410182973783,0.014948762883050786,False,good,True,False
B4_p_fr,pyruvate,fr,A143-B84,A143,B84,3,108,47,"3,4,13",0.05235602094240838,0.030803906836964687,0.13434616153685952,0.07139568899757355,0.7797765255838505,0.041293383534168324,0.02103529701470362,0.005088869755184073,0.013434616153685953,False,good,True,False
B4_p_fr,pyruvate,fr,A81-B132,A81,B132,3,38,18,"3,4,13",0.04712041884816754,0.008264462809917356,0.08797019196373895,0.051729070869333996,0.7430642027161659,0.026274861136932223,0.01611964115044473,0.003332204241050718,0.008797019196373896,True,good,True,False
B4_p_fr,pyruvate,fr,A102-B120,A102,B120,1,1,1,4,0.0,0.0,0.04007098878636298,0.13016114122735672,0.08657096072897974,0.013102663046000336,0.03936598199734123,0.001517840484331931,0.004007098878636298,False,none,False,False
B4_p_fr,pyruvate,fr,A153-B105,A153,B105,1,1,1,4,0.0,0.0,0.04007098878636298,0.13016114122735672,0.08657096072897974,0.013102663046000336,0.03936598199734123,0.001517840484331931,0.004007098878636298,False,none,False,False
B4_p_fr,pyruvate,fr,A195-B151,A195,B151,1,1,1,4,0.0,0.0,0.04007098878636298,0.13016114122735672,0.08657096072897974,0.013102663046000336,0.03936598199734123,0.001517840484331931,0.004007098878636298,False,none,False,False
B4_p_fr,pyruvate,fr,A91-B7,A91,B7,1,1,1,4,0.0,0.0,0.04007098878636298,0.13016114122735672,0.08657096072897974,0.013102663046000336,0.03936598199734123,0.001517840484331931,0.004007098878636298,False,none,False,False
B4_p_fr,pyruvate,fr,A78-B151,A78,B151,3,40,18,"3,4,13",0.03926701570680628,0.005259203606311044,0.0350983924262688,0.04048577872614928,0.42908363351897405,0.010946704524252308,0.011983413213861812,0.0013294845616010909,0.00350983924262688,True,fair,True,False
B4_p_fr,pyruvate,fr,A113-B153,A113,B153,1,1,1,3,0.002617801047120419,0.0,0.02531368718035695,0.09324864582393812,0.06863500382848997,0.007059902590782846,0.028251669119619533,0.000958851787134733,0.002531368718035695,False,none,False,False
B4_p_fr,pyruvate,fr,A152-B110,A152,B110,1,1,1,3,0.002617801047120419,0.0,0.02531368718035695,0.09324864582393812,0.06863500382848997,0.007059902590782846,0.028251669119619533,0.000958851787134733,0.002531368718035695,False,none,False,False
B4_p_fr,pyruvate,fr,A153-B75,A153,B75,1,1,1,3,0.002617801047120419,0.0,0.02531368718035695,0.09324864582393812,0.06863500382848997,0.007059902590782846,0.028251669119619533,0.000958851787134733,0.002531368718035695,False,none,False,False
B4_p_fr,pyruvate,fr,A176-B132,A176,B132,1,1,1,3,0.002617801047120419,0.0,0.02531368718035695,0.09324864582393812,0.06863500382848997,0.007059902590782846,0.028251669119619533,0.000958851787134733,0.002531368718035695,False,none,False,False
B4_p_fr,pyruvate,fr,A186-B143,A186,B143,1,1,1,3,0.002617801047120419,0.0,0.02531368718035695,0.09324864582393812,0.06863500382848997,0.007059902590782846,0.028251669119619533,0.000958851787134733,0.002531368718035695,False,none,False,False
B4_p_fr,pyruvate,fr,A194-B8,A194,B8,1,1,1,3,0.002617801047120419,0.0,0.02531368718035695,0.09324864582393812,0.06863500382848997,0.007059902590782846,0.028251669119619533,0.000958851787134733,0.002531368718035695,False,none,False,False
B4_p_fr,pyruvate,fr,A20-B178,A20,B178,1,1,1,3,0.002617801047120419,0.0,0.02531368718035695,0.09324864582393812,0.06863500382848997,0.007059902590782846,0.028251669119619533,0.000958851787134733,0.002531368718035695,False,none,False,False
B4_p_fr,pyruvate,fr,A63-B147,A63,B147,1,1,1,3,0.002617801047120419,0.0,0.02531368718035695,0.09324864582393812,0.06863500382848997,0.007059902590782846,0.028251669119619533,0.000958851787134733,0.002531368718035695,False,none,False,False
B4_p_fr,pyruvate,fr,A63-B75,A63,B75,1,1,1,3,0.002617801047120419,0.0,0.02531368718035695,0.09324864582393812,0.06863500382848997,0.007059902590782846,0.028251669119619533,0.000958851787134733,0.002531368718035695,False,none,False,False
B4_p_fr,pyruvate,fr,A63-B79,A63,B79,1,1,1,3,0.002617801047120419,0.0,0.02531368718035695,0.09324864582393812,0.06863500382848997,0.007059902590782846,0.028251669119619533,0.000958851787134733,0.002531368718035695,False,none,False,False
B4_p_fr,pyruvate,fr,A78-B70,A78,B70,1,1,1,3,0.002617801047120419,0.0,0.02531368718035695,0.09324864582393812,0.06863500382848997,0.007059902590782846,0.028251669119619533,0.000958851787134733,0.002531368718035695,False,none,False,False
B4_p_fr,pyruvate,fr,A81-B15,A81,B15,1,1,1,3,0.002617801047120419,0.0,0.02531368718035695,0.09324864582393812,0.06863500382848997,0.007059902590782846,0.028251669119619533,0.000958851787134733,0.002531368718035695,False,none,False,False
B4_p_fr,pyruvate,fr,A90-B122,A90,B122,1,1,1,3,0.002617801047120419,0.0,0.02531368718035695,0.09324864582393812,0.06863500382848997,0.007059902590782846,0.028251669119619533,0.000958851787134733,0.002531368718035695,False,none,False,False
B4_p_fr,pyruvate,fr,A96-B140,A96,B140,1,1,1,3,0.002617801047120419,0.0,0.02531368718035695,0.09324864582393812,0.06863500382848997,0.007059902590782846,0.028251669119619533,0.000958851787134733,0.002531368718035695,False,none,False,False
B4_p_fr,pyruvate,fr,A96-B75,A96,B75,1,1,1,3,0.002617801047120419,0.0,0.02531368718035695,0.09324864582393812,0.06863500382848997,0.007059902590782846,0.028251669119619533,0.000958851787134733,0.002531368718035695,False,none,False,False
B4_p_fr,pyruvate,fr,A20-B126,A20,B126,2,2,1,"3,4",0.002617801047120419,0.0,0.00519156699911451,0.025029257568182525,0.041248398701179245,0.0017875787274845077,0.007518963607275592,0.00019665026511797386,0.000519156699911451,True,fair,True,False
B4_p_fr,pyruvate,fr,A20-B30,A20,B30,2,2,1,"3,4",0.002617801047120419,0.0,0.00519156699911451,0.025029257568182525,0.041248398701179245,0.0017875787274845077,0.007518963607275592,0.00019665026511797386,0.000519156699911451,True,fair,True,False
B4_p_fr,pyruvate,fr,A20-B84,A20,B84,2,2,1,"3,4",0.002617801047120419,0.0,0.00519156699911451,0.025029257568182525,0.041248398701179245,0.0017875787274845077,0.007518963607275592,0.00019665026511797386,0.000519156699911451,True,fair,True,False
B4_p_fr,pyruvate,fr,A83-B50,A83,B50,2,2,1,"3,4",0.002617801047120419,0.0,0.00519156699911451,0.025029257568182525,0.041248398701179245,0.0017875787274845077,0.007518963607275592,0.00019665026511797386,0.000519156699911451,True,fair,True,False
B4_p_fr,pyruvate,fr,A196-B122,A196,B122,1,2,2,4,0.0,0.0,-0.010537283557048674,0.19414530066035418,0.0029371498447279265,-0.0018212583884645126,0.0593119560429445,-0.00039913952867608616,-0.0010537283557048673,False,none,False,False
B4_p_fr,pyruvate,fr,A81-B12,A81,B12,1,2,2,4,0.0,0.0,-0.010537283557048674,0.19414530066035418,0.0029371498447279265,-0.0018212583884645126,0.0593119560429445,-0.00039913952867608616,-0.0010537283557048673,False,none,False,False
B4_p_fr,pyruvate,fr,A196-B59,A196,B59,2,56,41,"3,4",0.03926701570680628,0.0,-0.0175529820035668,0.6110396022595188,0.0008245269650591913,0.009985401576168956,0.17752228698972403,-0.0006648856819532879,-0.0017552982003566802,True,fair,True,False
B4_p_fr,pyruvate,fr,A20-B11,A20,B11,2,3,2,"3,4",0.002617801047120419,0.0,-0.01766952901556349,0.11052409299886994,0.024921579999800825,-0.004261611765320122,0.033629745059809875,-0.0006693003414986171,-0.0017669529015563491,True,fair,True,False
B4_p_fr,pyruvate,fr,A186-B30,A186,B30,1,2,2,3,0.005235602094240838,0.0,-0.030765826945783954,0.13975357591369036,0.046223004454694294,-0.010102520941680241,0.041849560857352516,-0.0011653722327948468,-0.0030765826945783952,False,none,False,False
B4_p_fr,pyruvate,fr,A20-B8,A20,B8,1,2,2,3,0.005235602094240838,0.0,-0.030765826945783954,0.13975357591369036,0.046223004454694294,-0.010102520941680241,0.041849560857352516,-0.0011653722327948468,-0.0030765826945783952,False,none,False,False
B4_p_fr,pyruvate,fr,A81-B4,A81,B4,1,2,2,3,0.005235602094240838,0.0,-0.030765826945783954,0.13975357591369036,0.046223004454694294,-0.010102520941680241,0.041849560857352516,-0.0011653722327948468,-0.0030765826945783952,False,none,False,False
B4_p_fr,pyruvate,fr,A152-B151,A152,B151,2,3,2,"3,4",0.005235602094240838,0.0,-0.03569231918886959,0.04378963543473672,0.3991703271580389,-0.011154378145888013,0.012858115004045326,-0.0013519817874571814,-0.0035692319188869587,True,fair,True,False
B4_p_fr,pyruvate,fr,A78-B150,A78,B150,2,3,2,"3,4",0.005235602094240838,0.0,-0.03569231918886959,0.04378963543473672,0.3991703271580389,-0.011154378145888013,0.012858115004045326,-0.0013519817874571814,-0.0035692319188869587,True,fair,True,False
B4_p_fr,pyruvate,fr,A78-B26,A78,B26,2,3,2,"3,4",0.005235602094240838,0.0,-0.03569231918886959,0.04378963543473672,0.3991703271580389,-0.011154378145888013,0.012858115004045326,-0.0013519817874571814,-0.0035692319188869587,True,fair,True,False
B4_p_fr,pyruvate,fr,A90-B159,A90,B159,2,3,2,"3,4",0.005235602094240838,0.0,-0.03569231918886959,0.04378963543473672,0.3991703271580389,-0.011154378145888013,0.012858115004045326,-0.0013519817874571814,-0.0035692319188869587,True,fair,True,False
B4_p_fr,pyruvate,fr,A196-B8,A196,B8,2,4,3,"3,4",0.002617801047120419,0.0,-0.03744013454529926,0.17481310703830766,0.04385803769037877,-0.009517171652678078,0.05336075348057162,-0.001418186914594669,-0.003744013454529926,True,fair,True,False
B4_p_fr,pyruvate,fr,A96-B79,A96,B79,2,4,2,"3,4",0.005235602094240838,0.0,-0.04505682217284329,0.04014715341873422,0.5574318371914023,-0.013147992319290388,0.012586425188839512,-0.0017066978095773976,-0.004505682217284329,True,fair,True,False
B4_p_fr,pyruvate,fr,A63-B151,A63,B151,2,5,3,"3,4",0.005235602094240838,0.0,-0.05448477898051493,0.10870966594464773,0.20076520530972486,-0.015157954120480512,0.03342279365523558,-0.0020638173856255657,-0.005448477898051493,True,fair,True,False
B4_p_fr,pyruvate,fr,A81-B65,A81,B65,2,6,4,"3,4",0.005235602094240838,0.0,-0.06318640732966956,0.16578262268450872,0.1268417628510814,-0.017015283919114648,0.050797344351948444,-0.002393424520063241,-0.006318640732966956,True,fair,True,False
B4_p_fr,pyruvate,fr,A81-B42,A81,B42,2,4,3,"3,4",0.007853403141361256,0.0,-0.07019924800777412,0.09278464695683397,0.3640364686138884,-0.021979283786869357,0.02722386824519881,-0.0026590624245368985,-0.007019924800777412,True,fair,True,False
B4_p_fr,pyruvate,fr,A90-B119,A90,B119,2,4,3,"3,4",0.007853403141361256,0.0,-0.07019924800777412,0.09278464695683397,0.3640364686138884,-0.021979283786869357,0.02722386824519881,-0.0026590624245368985,-0.007019924800777412,True,fair,True,False
B4_p_fr,pyruvate,fr,A90-B47,A90,B47,2,4,3,"3,4",0.007853403141361256,0.0,-0.07019924800777412,0.09278464695683397,0.3640364686138884,-0.021979283786869357,0.02722386824519881,-0.0026590624245368985,-0.007019924800777412,True,fair,True,False
B4_p_fr,pyruvate,fr,A90-B59,A90,B59,2,4,3,"3,4",0.007853403141361256,0.0,-0.07019924800777412,0.09278464695683397,0.3640364686138884,-0.021979283786869357,0.02722386824519881,-0.0026590624245368985,-0.007019924800777412,True,fair,True,False
B4_p_fr,pyruvate,fr,A196-B123,A196,B123,2,10,7,"3,4",0.007853403141361256,0.0,-0.08902454718110689,0.2483739981174229,0.11384570175180131,-0.023129681691217728,0.07598558604169013,-0.0033721419386782913,-0.00890245471811069,True,fair,True,False
B4_p_fr,pyruvate,fr,A78-B84,A78,B84,2,30,21,"3,4",0.02356020942408377,0.0,-0.09219456405991268,0.43010980262054205,0.04392810807784542,-0.018045652075269123,0.12878375154192634,-0.003492218335602753,-0.009219456405991268,True,fair,True,False
B4_p_fr,pyruvate,fr,A78-B137,A78,B137,2,24,18,"3,4",0.015706806282722512,0.0,-0.09343303860259976,0.4479968384000269,0.0416831169893932,-0.01912019975944832,0.13503998111625112,-0.003539130250098476,-0.009343303860259975,True,fair,True,False
B4_p_fr,pyruvate,fr,A196-B87,A196,B87,3,122,78,"3,4,13",0.112565445026178,0.0007513148009015778,-0.09614709403282319,0.40477968160803807,0.053407002504804235,-0.018638058325466337,0.12025346285624082,-0.0036419353800311817,-0.00961470940328232,False,fair,True,False
B4_p_fr,pyruvate,fr,A81-B51,A81,B51,2,7,4,"3,4",0.010471204188481676,0.0,-0.09899355977975427,0.0069759997507953695,0.9950586263095875,-0.029604195437109182,0.0033606055189025646,-0.0037497560522634196,-0.009899355977975427,True,fair,True,False
B4_p_fr,pyruvate,fr,A81-B84,A81,B84,2,14,10,"3,4",0.010471204188481676,0.0,-0.0989935597797543,0.3103537580033217,0.09234640598697696,-0.024565344141215906,0.09460741338530801,-0.0037497560522634205,-0.00989935597797543,True,fair,True,False
B4_p_fr,pyruvate,fr,A90-B120,A90,B120,2,9,8,"3,4",0.002617801047120419,0.0,-0.1017967724526829,0.36147763479800715,0.07347855844546436,-0.026709768280068658,0.11094209598897817,-0.003855938350480413,-0.01017967724526829,True,fair,True,False
B4_p_fr,pyruvate,fr,A196-B27,A196,B27,3,34,19,"3,4,13",0.03664921465968586,0.0007513148009015778,-0.10376673369898608,0.14930468866815416,0.3257024281645253,-0.028809312368707127,0.046291170128724066,-0.003930558094658564,-0.010376673369898608,True,fair,True,False
B4_p_fr,pyruvate,fr,A196-B30,A196,B30,2,10,9,"3,4",0.002617801047120419,0.0,-0.1105816429468334,0.3857372265116998,0.07594202745633427,-0.029062636299319475,0.11844469725654473,-0.004188698596470962,-0.011058164294683339,True,fair,True,False
B4_p_fr,pyruvate,fr,A90-B151,A90,B151,2,9,5,"3,4",0.013089005235602094,0.0,-0.11809597932303381,0.024435684522265393,0.9589444164039772,-0.034998812438203526,0.008978830113508831,-0.004473332550114917,-0.011809597932303382,True,fair,True,False
B4_p_fr,pyruvate,fr,A196-B117,A196,B117,2,29,26,"3,4",0.007853403141361256,0.0,-0.11898086046595091,0.6403287532564419,0.03337388219835913,-0.024956367143229116,0.19458499234168145,-0.004506850775225413,-0.011898086046595091,True,fair,True,False
B4_p_fr,pyruvate,fr,A90-B145,A90,B145,2,6,5,"3,4",0.013089005235602094,0.0,-0.12340054599030227,0.1609284170007339,0.37027243813798394,-0.038568159440240134,0.04707314014237277,-0.004674263105693268,-0.012340054599030228,True,fair,True,False
B4_p_fr,pyruvate,fr,A90-B155,A90,B155,2,6,5,"3,4",0.013089005235602094,0.0,-0.12340054599030227,0.1609284170007339,0.37027243813798394,-0.038568159440240134,0.04707314014237277,-0.004674263105693268,-0.012340054599030228,True,fair,True,False
B4_p_fr,pyruvate,fr,A153-B6,A153,B6,2,16,9,"3,4",0.01832460732984293,0.0,-0.13047938154247943,0.17168622244724202,0.3661181213642386,-0.0357624908321178,0.05337195637087689,-0.004942400816003009,-0.013047938154247943,True,fair,True,False
B4_p_fr,pyruvate,fr,A78-B171,A78,B171,2,8,6,"3,4",0.015706806282722512,0.0,-0.14293903900642382,0.1260388370962086,0.5625841298745868,-0.04428212263670112,0.03603812545157267,-0.005414357538122114,-0.014293903900642382,True,fair,True,False
B4_p_fr,pyruvate,fr,A153-B30,A153,B30,2,30,17,"3,4",0.034031413612565446,0.0,-0.14533943465477073,0.24599390823868894,0.25875113769895564,-0.03729239183246737,0.0752642210013762,-0.0055052816157110124,-0.014533943465477072,True,fair,True,False
B4_p_fr,pyruvate,fr,A196-B2,A196,B2,2,22,12,"3,4",0.02617801047120419,0.0,-0.14869034370575185,0.18343604629926724,0.3965166678424309,-0.04031070308047649,0.05710609725224141,-0.005632209988854237,-0.014869034370575185,True,fair,True,False
B4_p_fr,pyruvate,fr,A196-B150,A196,B150,2,12,7,"3,4",0.01832460732984293,0.0,-0.14943430072442584,0.006490738816972154,0.9981169186011899,-0.04445464643362762,0.0042463850729906735,-0.005660390178955524,-0.014943430072442584,True,fair,True,False
B4_p_fr,pyruvate,fr,A81-B75,A81,B75,2,12,7,"3,4",0.01832460732984293,0.0,-0.14943430072442584,0.006490738816972154,0.9981169186011899,-0.04445464643362762,0.0042463850729906735,-0.005660390178955524,-0.014943430072442584,True,fair,True,False
B4_p_fr,pyruvate,fr,A81-B140,A81,B140,2,10,7,"3,4",0.01832460732984293,0.0,-0.15833552522471286,0.09664022620897941,0.7285824857460221,-0.048600478738365004,0.026741780909529174,-0.005997557773663367,-0.015833552522471286,True,fair,True,False
B4_p_fr,pyruvate,fr,A81-B171,A81,B171,1,8,8,3,0.020942408376963352,0.0,-0.173652218911467,0.24846078834919147,0.32817277808027656,-0.0536025742476117,0.07352775185513138,-0.0065777355648282965,-0.0173652218911467,False,none,False,False
B4_p_fr,pyruvate,fr,A196-B171,A196,B171,2,26,13,"3,4",0.034031413612565446,0.0,-0.17477684349392442,0.14040489182463536,0.6077726641298511,-0.048488747673061584,0.04486850087469821,-0.006620334980830471,-0.017477684349392442,True,fair,True,False
B4_p_fr,pyruvate,fr,A81-B18,A81,B18,2,12,9,"3,4",0.02356020942408377,0.0,-0.190942512318741,0.14747969562579052,0.6263439130073389,-0.05896587041240612,0.04138191848746778,-0.007232670921164432,-0.0190942512318741,True,fair,True,False
B4_p_fr,pyruvate,fr,A196-B15,A196,B15,2,17,11,"3,4",0.028795811518324606,0.0,-0.20242832631651714,0.05552507364869816,0.9300268830280866,-0.060973707089368764,0.0130492649463872,-0.007667739633201407,-0.020242832631651712,True,fair,True,False
B4_p_fr,pyruvate,fr,A81-B27,A81,B27,2,20,14,"3,4",0.03664921465968586,0.0,-0.24010388522977139,0.11803376563588729,0.8053700665786974,-0.07308419368241144,0.030809176642183304,-0.00909484413749134,-0.024010388522977138,True,fair,True,False
