series,transfer,reading,od,Condition,Microtiter_plate_well,background,datetime
exp2,0,12,0.884,Methoxybenzoate 4 mM + Kan,B4,0.0396944444444444,2026-04-09 17:19:10.698697
exp2,0,12,0.778,Methoxybenzoate 4 mM + Kan,B5,0.0396944444444444,2026-04-09 17:19:10.698697
exp2,0,12,0.904,Methoxybenzoate 4 mM + Kan,C4,0.0396944444444444,2026-04-09 17:19:10.698697
exp2,0,12,0.624,Methoxybenzoate 4 mM + Kan,C9,0.0396944444444444,2026-04-09 17:19:10.698697
exp2,0,12,0.919,Methoxybenzoate 4 mM + Kan,D4,0.0396944444444444,2026-04-09 17:19:10.698697
exp2,0,12,0.797,Methoxybenzoate 4 mM + Kan,D5,0.0396944444444444,2026-04-09 17:19:10.698697
exp2,0,12,0.449,Methoxybenzoate 4 mM + Kan,D9,0.0396944444444444,2026-04-09 17:19:10.698697
exp2,0,12,0.727,Methoxybenzoate 4 mM + Kan,D10,0.0396944444444444,2026-04-09 17:19:10.698697
exp2,0,12,0.905,Methoxybenzoate 4 mM + Kan,E4,0.0396944444444444,2026-04-09 17:19:10.698697
exp2,0,12,0.462,Methoxybenzoate 4 mM + Kan,E9,0.0396944444444444,2026-04-09 17:19:10.698697
exp2,0,12,0.932,Methoxybenzoate 4 mM + Kan,F4,0.0396944444444444,2026-04-09 17:19:10.698697
exp2,1,contam,0.038,Methoxybenzoate 4 mM + Kan,B4,0.0383888888888888,2026-04-09 17:26:27.174344
exp2,1,contam,0.04,Methoxybenzoate 4 mM + Kan,B5,0.0383888888888888,2026-04-09 17:26:27.174344
exp2,1,contam,0.037,Methoxybenzoate 4 mM + Kan,C4,0.0383888888888888,2026-04-09 17:26:27.174344
exp2,1,contam,0.039,Methoxybenzoate 4 mM + Kan,C9,0.0383888888888888,2026-04-09 17:26:27.174344
exp2,1,contam,0.036,Methoxybenzoate 4 mM + Kan,D4,0.0383888888888888,2026-04-09 17:26:27.174344
exp2,1,contam,0.037,Methoxybenzoate 4 mM + Kan,D5,0.0383888888888888,2026-04-09 17:26:27.174344
exp2,1,contam,0.036,Methoxybenzoate 4 mM + Kan,D9,0.0383888888888888,2026-04-09 17:26:27.174344
exp2,1,contam,0.036,Methoxybenzoate 4 mM + Kan,D10,0.0383888888888888,2026-04-09 17:26:27.174344
exp2,1,contam,0.037,Methoxybenzoate 4 mM + Kan,E4,0.0383888888888888,2026-04-09 17:26:27.174344
exp2,1,contam,0.036,Methoxybenzoate 4 mM + Kan,E9,0.0383888888888888,2026-04-09 17:26:27.174344
exp2,1,contam,0.039,Methoxybenzoate 4 mM + Kan,F4,0.0383888888888888,2026-04-09 17:26:27.174344
exp2,1,0,0.316,Methoxybenzoate 4 mM + Kan,B4,0.0383888888888888,2026-04-09 17:41:32.539862
exp2,1,0,0.294,Methoxybenzoate 4 mM + Kan,B5,0.0383888888888888,2026-04-09 17:41:32.539862
exp2,1,0,0.304,Methoxybenzoate 4 mM + Kan,C4,0.0383888888888888,2026-04-09 17:41:32.539862
exp2,1,0,0.218,Methoxybenzoate 4 mM + Kan,C9,0.0383888888888888,2026-04-09 17:41:32.539862
exp2,1,0,0.31,Methoxybenzoate 4 mM + Kan,D4,0.0383888888888888,2026-04-09 17:41:32.539862
exp2,1,0,0.292,Methoxybenzoate 4 mM + Kan,D5,0.0383888888888888,2026-04-09 17:41:32.539862
exp2,1,0,0.152,Methoxybenzoate 4 mM + Kan,D9,0.0383888888888888,2026-04-09 17:41:32.539862
exp2,1,0,0.25,Methoxybenzoate 4 mM + Kan,D10,0.0383888888888888,2026-04-09 17:41:32.539862
exp2,1,0,0.314,Methoxybenzoate 4 mM + Kan,E4,0.0383888888888888,2026-04-09 17:41:32.539862
exp2,1,0,0.165,Methoxybenzoate 4 mM + Kan,E9,0.0383888888888888,2026-04-09 17:41:32.539862
exp2,1,0,0.334,Methoxybenzoate 4 mM + Kan,F4,0.0383888888888888,2026-04-09 17:41:32.539862
exp2,1,1,0.414,Methoxybenzoate 4 mM + Kan,B4,0.0384722222222222,2026-04-09 19:50:50.263734
exp2,1,1,0.395,Methoxybenzoate 4 mM + Kan,B5,0.0384722222222222,2026-04-09 19:50:50.263734
exp2,1,1,0.412,Methoxybenzoate 4 mM + Kan,C4,0.0384722222222222,2026-04-09 19:50:50.263734
exp2,1,1,0.427,Methoxybenzoate 4 mM + Kan,C9,0.0384722222222222,2026-04-09 19:50:50.263734
exp2,1,1,0.42,Methoxybenzoate 4 mM + Kan,D4,0.0384722222222222,2026-04-09 19:50:50.263734
exp2,1,1,0.399,Methoxybenzoate 4 mM + Kan,D5,0.0384722222222222,2026-04-09 19:50:50.263734
exp2,1,1,0.279,Methoxybenzoate 4 mM + Kan,D9,0.0384722222222222,2026-04-09 19:50:50.263734
exp2,1,1,0.399,Methoxybenzoate 4 mM + Kan,D10,0.0384722222222222,2026-04-09 19:50:50.263734
exp2,1,1,0.422,Methoxybenzoate 4 mM + Kan,E4,0.0384722222222222,2026-04-09 19:50:50.263734
exp2,1,1,0.33,Methoxybenzoate 4 mM + Kan,E9,0.0384722222222222,2026-04-09 19:50:50.263734
exp2,1,1,0.415,Methoxybenzoate 4 mM + Kan,F4,0.0384722222222222,2026-04-09 19:50:50.263734
exp2,1,2,0.4,Methoxybenzoate 4 mM + Kan,B4,0.0382222222222222,2026-04-09 22:00:15.692343
exp2,1,2,0.391,Methoxybenzoate 4 mM + Kan,B5,0.0382222222222222,2026-04-09 22:00:15.692343
exp2,1,2,0.384,Methoxybenzoate 4 mM + Kan,C4,0.0382222222222222,2026-04-09 22:00:15.692343
exp2,1,2,0.496,Methoxybenzoate 4 mM + Kan,C9,0.0382222222222222,2026-04-09 22:00:15.692343
exp2,1,2,0.399,Methoxybenzoate 4 mM + Kan,D4,0.0382222222222222,2026-04-09 22:00:15.692343
exp2,1,2,0.396,Methoxybenzoate 4 mM + Kan,D5,0.0382222222222222,2026-04-09 22:00:15.692343
exp2,1,2,0.348,Methoxybenzoate 4 mM + Kan,D9,0.0382222222222222,2026-04-09 22:00:15.692343
exp2,1,2,0.497,Methoxybenzoate 4 mM + Kan,D10,0.0382222222222222,2026-04-09 22:00:15.692343
exp2,1,2,0.398,Methoxybenzoate 4 mM + Kan,E4,0.0382222222222222,2026-04-09 22:00:15.692343
exp2,1,2,0.431,Methoxybenzoate 4 mM + Kan,E9,0.0382222222222222,2026-04-09 22:00:15.692343
exp2,1,2,0.397,Methoxybenzoate 4 mM + Kan,F4,0.0382222222222222,2026-04-09 22:00:15.692343
exp2,1,3,0.407,Methoxybenzoate 4 mM + Kan,B4,0.03825,2026-04-10 00:11:12.732903
exp2,1,3,0.393,Methoxybenzoate 4 mM + Kan,B5,0.03825,2026-04-10 00:11:12.732903
exp2,1,3,0.396,Methoxybenzoate 4 mM + Kan,C4,0.03825,2026-04-10 00:11:12.732903
exp2,1,3,0.474,Methoxybenzoate 4 mM + Kan,C9,0.03825,2026-04-10 00:11:12.732903
exp2,1,3,0.402,Methoxybenzoate 4 mM + Kan,D4,0.03825,2026-04-10 00:11:12.732903
exp2,1,3,0.4,Methoxybenzoate 4 mM + Kan,D5,0.03825,2026-04-10 00:11:12.732903
exp2,1,3,0.468,Methoxybenzoate 4 mM + Kan,D9,0.03825,2026-04-10 00:11:12.732903
exp2,1,3,0.392,Methoxybenzoate 4 mM + Kan,D10,0.03825,2026-04-10 00:11:12.732903
exp2,1,3,0.406,Methoxybenzoate 4 mM + Kan,E4,0.03825,2026-04-10 00:11:12.732903
exp2,1,3,0.464,Methoxybenzoate 4 mM + Kan,E9,0.03825,2026-04-10 00:11:12.732903
exp2,1,3,0.412,Methoxybenzoate 4 mM + Kan,F4,0.03825,2026-04-10 00:11:12.732903
exp2,1,4,0.402,Methoxybenzoate 4 mM + Kan,B4,0.0380277777777777,2026-04-10 02:20:45.838272
exp2,1,4,0.398,Methoxybenzoate 4 mM + Kan,B5,0.0380277777777777,2026-04-10 02:20:45.838272
exp2,1,4,0.399,Methoxybenzoate 4 mM + Kan,C4,0.0380277777777777,2026-04-10 02:20:45.838272
exp2,1,4,0.485,Methoxybenzoate 4 mM + Kan,C9,0.0380277777777777,2026-04-10 02:20:45.838272
exp2,1,4,0.405,Methoxybenzoate 4 mM + Kan,D4,0.0380277777777777,2026-04-10 02:20:45.838272
exp2,1,4,0.409,Methoxybenzoate 4 mM + Kan,D5,0.0380277777777777,2026-04-10 02:20:45.838272
exp2,1,4,0.465,Methoxybenzoate 4 mM + Kan,D9,0.0380277777777777,2026-04-10 02:20:45.838272
exp2,1,4,0.405,Methoxybenzoate 4 mM + Kan,D10,0.0380277777777777,2026-04-10 02:20:45.838272
exp2,1,4,0.41,Methoxybenzoate 4 mM + Kan,E4,0.0380277777777777,2026-04-10 02:20:45.838272
exp2,1,4,0.505,Methoxybenzoate 4 mM + Kan,E9,0.0380277777777777,2026-04-10 02:20:45.838272
exp2,1,4,0.412,Methoxybenzoate 4 mM + Kan,F4,0.0380277777777777,2026-04-10 02:20:45.838272
exp2,1,5,0.395,Methoxybenzoate 4 mM + Kan,B4,0.03775,2026-04-10 04:30:10.826386
exp2,1,5,0.396,Methoxybenzoate 4 mM + Kan,B5,0.03775,2026-04-10 04:30:10.826386
exp2,1,5,0.394,Methoxybenzoate 4 mM + Kan,C4,0.03775,2026-04-10 04:30:10.826386
exp2,1,5,0.482,Methoxybenzoate 4 mM + Kan,C9,0.03775,2026-04-10 04:30:10.826386
exp2,1,5,0.401,Methoxybenzoate 4 mM + Kan,D4,0.03775,2026-04-10 04:30:10.826386
exp2,1,5,0.406,Methoxybenzoate 4 mM + Kan,D5,0.03775,2026-04-10 04:30:10.826386
exp2,1,5,0.412,Methoxybenzoate 4 mM + Kan,D9,0.03775,2026-04-10 04:30:10.826386
exp2,1,5,0.383,Methoxybenzoate 4 mM + Kan,D10,0.03775,2026-04-10 04:30:10.826386
exp2,1,5,0.403,Methoxybenzoate 4 mM + Kan,E4,0.03775,2026-04-10 04:30:10.826386
exp2,1,5,0.498,Methoxybenzoate 4 mM + Kan,E9,0.03775,2026-04-10 04:30:10.826386
exp2,1,5,0.407,Methoxybenzoate 4 mM + Kan,F4,0.03775,2026-04-10 04:30:10.826386
exp2,1,6,0.399,Methoxybenzoate 4 mM + Kan,B4,0.0394444444444444,2026-04-10 06:39:35.300364
exp2,1,6,0.399,Methoxybenzoate 4 mM + Kan,B5,0.0394444444444444,2026-04-10 06:39:35.300364
exp2,1,6,0.396,Methoxybenzoate 4 mM + Kan,C4,0.0394444444444444,2026-04-10 06:39:35.300364
exp2,1,6,0.487,Methoxybenzoate 4 mM + Kan,C9,0.0394444444444444,2026-04-10 06:39:35.300364
exp2,1,6,0.404,Methoxybenzoate 4 mM + Kan,D4,0.0394444444444444,2026-04-10 06:39:35.300364
exp2,1,6,0.411,Methoxybenzoate 4 mM + Kan,D5,0.0394444444444444,2026-04-10 06:39:35.300364
exp2,1,6,0.504,Methoxybenzoate 4 mM + Kan,D9,0.0394444444444444,2026-04-10 06:39:35.300364
exp2,1,6,0.463,Methoxybenzoate 4 mM + Kan,D10,0.0394444444444444,2026-04-10 06:39:35.300364
exp2,1,6,0.407,Methoxybenzoate 4 mM + Kan,E4,0.0394444444444444,2026-04-10 06:39:35.300364
exp2,1,6,0.497,Methoxybenzoate 4 mM + Kan,E9,0.0394444444444444,2026-04-10 06:39:35.300364
exp2,1,6,0.409,Methoxybenzoate 4 mM + Kan,F4,0.0394444444444444,2026-04-10 06:39:35.300364
exp2,1,7,0.389,Methoxybenzoate 4 mM + Kan,B4,0.0382222222222222,2026-04-10 08:48:53.137330
exp2,1,7,0.396,Methoxybenzoate 4 mM + Kan,B5,0.0382222222222222,2026-04-10 08:48:53.137330
exp2,1,7,0.392,Methoxybenzoate 4 mM + Kan,C4,0.0382222222222222,2026-04-10 08:48:53.137330
exp2,1,7,0.453,Methoxybenzoate 4 mM + Kan,C9,0.0382222222222222,2026-04-10 08:48:53.137330
exp2,1,7,0.398,Methoxybenzoate 4 mM + Kan,D4,0.0382222222222222,2026-04-10 08:48:53.137330
exp2,1,7,0.405,Methoxybenzoate 4 mM + Kan,D5,0.0382222222222222,2026-04-10 08:48:53.137330
exp2,1,7,0.439,Methoxybenzoate 4 mM + Kan,D9,0.0382222222222222,2026-04-10 08:48:53.137330
exp2,1,7,0.422,Methoxybenzoate 4 mM + Kan,D10,0.0382222222222222,2026-04-10 08:48:53.137330
exp2,1,7,0.4,Methoxybenzoate 4 mM + Kan,E4,0.0382222222222222,2026-04-10 08:48:53.137330
exp2,1,7,0.406,Methoxybenzoate 4 mM + Kan,E9,0.0382222222222222,2026-04-10 08:48:53.137330
exp2,1,7,0.404,Methoxybenzoate 4 mM + Kan,F4,0.0382222222222222,2026-04-10 08:48:53.137330
exp2,1,8,0.381,Methoxybenzoate 4 mM + Kan,B4,0.0391388888888888,2026-04-10 10:58:37.604990
exp2,1,8,0.393,Methoxybenzoate 4 mM + Kan,B5,0.0391388888888888,2026-04-10 10:58:37.604990
exp2,1,8,0.387,Methoxybenzoate 4 mM + Kan,C4,0.0391388888888888,2026-04-10 10:58:37.604990
exp2,1,8,0.476,Methoxybenzoate 4 mM + Kan,C9,0.0391388888888888,2026-04-10 10:58:37.604990
exp2,1,8,0.394,Methoxybenzoate 4 mM + Kan,D4,0.0391388888888888,2026-04-10 10:58:37.604990
exp2,1,8,0.402,Methoxybenzoate 4 mM + Kan,D5,0.0391388888888888,2026-04-10 10:58:37.604990
exp2,1,8,0.444,Methoxybenzoate 4 mM + Kan,D9,0.0391388888888888,2026-04-10 10:58:37.604990
exp2,1,8,0.373,Methoxybenzoate 4 mM + Kan,D10,0.0391388888888888,2026-04-10 10:58:37.604990
exp2,1,8,0.397,Methoxybenzoate 4 mM + Kan,E4,0.0391388888888888,2026-04-10 10:58:37.604990
exp2,1,8,0.498,Methoxybenzoate 4 mM + Kan,E9,0.0391388888888888,2026-04-10 10:58:37.604990
exp2,1,8,0.401,Methoxybenzoate 4 mM + Kan,F4,0.0391388888888888,2026-04-10 10:58:37.604990
exp2,1,9,0.379,Methoxybenzoate 4 mM + Kan,B4,0.039,2026-04-10 13:08:09.721851
exp2,1,9,0.393,Methoxybenzoate 4 mM + Kan,B5,0.039,2026-04-10 13:08:09.721851
exp2,1,9,0.384,Methoxybenzoate 4 mM + Kan,C4,0.039,2026-04-10 13:08:09.721851
exp2,1,9,0.443,Methoxybenzoate 4 mM + Kan,C9,0.039,2026-04-10 13:08:09.721851
exp2,1,9,0.391,Methoxybenzoate 4 mM + Kan,D4,0.039,2026-04-10 13:08:09.721851
exp2,1,9,0.401,Methoxybenzoate 4 mM + Kan,D5,0.039,2026-04-10 13:08:09.721851
exp2,1,9,0.351,Methoxybenzoate 4 mM + Kan,D9,0.039,2026-04-10 13:08:09.721851
exp2,1,9,0.362,Methoxybenzoate 4 mM + Kan,D10,0.039,2026-04-10 13:08:09.721851
exp2,1,9,0.395,Methoxybenzoate 4 mM + Kan,E4,0.039,2026-04-10 13:08:09.721851
exp2,1,9,0.485,Methoxybenzoate 4 mM + Kan,E9,0.039,2026-04-10 13:08:09.721851
exp2,1,9,0.401,Methoxybenzoate 4 mM + Kan,F4,0.039,2026-04-10 13:08:09.721851
exp2,1,10,0.376,Methoxybenzoate 4 mM + Kan,B4,0.0388333333333333,2026-04-10 15:17:34.703934
exp2,1,10,0.394,Methoxybenzoate 4 mM + Kan,B5,0.0388333333333333,2026-04-10 15:17:34.703934
exp2,1,10,0.385,Methoxybenzoate 4 mM + Kan,C4,0.0388333333333333,2026-04-10 15:17:34.703934
exp2,1,10,0.441,Methoxybenzoate 4 mM + Kan,C9,0.0388333333333333,2026-04-10 15:17:34.703934
exp2,1,10,0.392,Methoxybenzoate 4 mM + Kan,D4,0.0388333333333333,2026-04-10 15:17:34.703934
exp2,1,10,0.401,Methoxybenzoate 4 mM + Kan,D5,0.0388333333333333,2026-04-10 15:17:34.703934
exp2,1,10,0.465,Methoxybenzoate 4 mM + Kan,D9,0.0388333333333333,2026-04-10 15:17:34.703934
exp2,1,10,0.376,Methoxybenzoate 4 mM + Kan,D10,0.0388333333333333,2026-04-10 15:17:34.703934
exp2,1,10,0.39,Methoxybenzoate 4 mM + Kan,E4,0.0388333333333333,2026-04-10 15:17:34.703934
exp2,1,10,0.495,Methoxybenzoate 4 mM + Kan,E9,0.0388333333333333,2026-04-10 15:17:34.703934
exp2,1,10,0.4,Methoxybenzoate 4 mM + Kan,F4,0.0388333333333333,2026-04-10 15:17:34.703934
exp2,1,11,0.367,Methoxybenzoate 4 mM + Kan,B4,0.0380555555555555,2026-04-10 17:27:42.534667
exp2,1,11,0.393,Methoxybenzoate 4 mM + Kan,B5,0.0380555555555555,2026-04-10 17:27:42.534667
exp2,1,11,0.383,Methoxybenzoate 4 mM + Kan,C4,0.0380555555555555,2026-04-10 17:27:42.534667
exp2,1,11,0.457,Methoxybenzoate 4 mM + Kan,C9,0.0380555555555555,2026-04-10 17:27:42.534667
exp2,1,11,0.389,Methoxybenzoate 4 mM + Kan,D4,0.0380555555555555,2026-04-10 17:27:42.534667
exp2,1,11,0.399,Methoxybenzoate 4 mM + Kan,D5,0.0380555555555555,2026-04-10 17:27:42.534667
exp2,1,11,0.373,Methoxybenzoate 4 mM + Kan,D9,0.0380555555555555,2026-04-10 17:27:42.534667
exp2,1,11,0.479,Methoxybenzoate 4 mM + Kan,D10,0.0380555555555555,2026-04-10 17:27:42.534667
exp2,1,11,0.391,Methoxybenzoate 4 mM + Kan,E4,0.0380555555555555,2026-04-10 17:27:42.534667
exp2,1,11,0.495,Methoxybenzoate 4 mM + Kan,E9,0.0380555555555555,2026-04-10 17:27:42.534667
exp2,1,11,0.401,Methoxybenzoate 4 mM + Kan,F4,0.0380555555555555,2026-04-10 17:27:42.534667
exp2,1,12,0.363,Methoxybenzoate 4 mM + Kan,B4,0.0367777777777777,2026-04-10 19:44:36.777736
exp2,1,12,0.39,Methoxybenzoate 4 mM + Kan,B5,0.0367777777777777,2026-04-10 19:44:36.777736
exp2,1,12,0.379,Methoxybenzoate 4 mM + Kan,C4,0.0367777777777777,2026-04-10 19:44:36.777736
exp2,1,12,0.458,Methoxybenzoate 4 mM + Kan,C9,0.0367777777777777,2026-04-10 19:44:36.777736
exp2,1,12,0.385,Methoxybenzoate 4 mM + Kan,D4,0.0367777777777777,2026-04-10 19:44:36.777736
exp2,1,12,0.395,Methoxybenzoate 4 mM + Kan,D5,0.0367777777777777,2026-04-10 19:44:36.777736
exp2,1,12,0.444,Methoxybenzoate 4 mM + Kan,D9,0.0367777777777777,2026-04-10 19:44:36.777736
exp2,1,12,0.385,Methoxybenzoate 4 mM + Kan,D10,0.0367777777777777,2026-04-10 19:44:36.777736
exp2,1,12,0.382,Methoxybenzoate 4 mM + Kan,E4,0.0367777777777777,2026-04-10 19:44:36.777736
exp2,1,12,0.495,Methoxybenzoate 4 mM + Kan,E9,0.0367777777777777,2026-04-10 19:44:36.777736
exp2,1,12,0.392,Methoxybenzoate 4 mM + Kan,F4,0.0367777777777777,2026-04-10 19:44:36.777736
exp2,2,contam,0.038,Methoxybenzoate 4 mM + Kan,B4,0.0378333333333333,2026-04-10 19:51:52.452038
exp2,2,contam,0.038,Methoxybenzoate 4 mM + Kan,B5,0.0378333333333333,2026-04-10 19:51:52.452038
exp2,2,contam,0.036,Methoxybenzoate 4 mM + Kan,C4,0.0378333333333333,2026-04-10 19:51:52.452038
exp2,2,contam,0.037,Methoxybenzoate 4 mM + Kan,C9,0.0378333333333333,2026-04-10 19:51:52.452038
exp2,2,contam,0.038,Methoxybenzoate 4 mM + Kan,D4,0.0378333333333333,2026-04-10 19:51:52.452038
exp2,2,contam,0.037,Methoxybenzoate 4 mM + Kan,D5,0.0378333333333333,2026-04-10 19:51:52.452038
exp2,2,contam,0.037,Methoxybenzoate 4 mM + Kan,D9,0.0378333333333333,2026-04-10 19:51:52.452038
exp2,2,contam,0.035,Methoxybenzoate 4 mM + Kan,D10,0.0378333333333333,2026-04-10 19:51:52.452038
exp2,2,contam,0.036,Methoxybenzoate 4 mM + Kan,E4,0.0378333333333333,2026-04-10 19:51:52.452038
exp2,2,contam,0.036,Methoxybenzoate 4 mM + Kan,E9,0.0378333333333333,2026-04-10 19:51:52.452038
exp2,2,contam,0.036,Methoxybenzoate 4 mM + Kan,F4,0.0378333333333333,2026-04-10 19:51:52.452038
exp2,2,0,0.097,Methoxybenzoate 4 mM + Kan,B4,0.0389444444444444,2026-04-10 20:06:37.961869
exp2,2,0,0.072,Methoxybenzoate 4 mM + Kan,B5,0.0389444444444444,2026-04-10 20:06:37.961869
exp2,2,0,0.082,Methoxybenzoate 4 mM + Kan,C4,0.0389444444444444,2026-04-10 20:06:37.961869
exp2,2,0,0.075,Methoxybenzoate 4 mM + Kan,C9,0.0389444444444444,2026-04-10 20:06:37.961869
exp2,2,0,0.088,Methoxybenzoate 4 mM + Kan,D4,0.0389444444444444,2026-04-10 20:06:37.961869
exp2,2,0,0.067,Methoxybenzoate 4 mM + Kan,D5,0.0389444444444444,2026-04-10 20:06:37.961869
exp2,2,0,0.085,Methoxybenzoate 4 mM + Kan,D9,0.0389444444444444,2026-04-10 20:06:37.961869
exp2,2,0,0.087,Methoxybenzoate 4 mM + Kan,D10,0.0389444444444444,2026-04-10 20:06:37.961869
exp2,2,0,0.094,Methoxybenzoate 4 mM + Kan,E4,0.0389444444444444,2026-04-10 20:06:37.961869
exp2,2,0,0.077,Methoxybenzoate 4 mM + Kan,E9,0.0389444444444444,2026-04-10 20:06:37.961869
exp2,2,0,0.086,Methoxybenzoate 4 mM + Kan,F4,0.0389444444444444,2026-04-10 20:06:37.961869
exp2,2,1,0.144,Methoxybenzoate 4 mM + Kan,B4,0.0391388888888889,2026-04-10 22:16:02.561507
exp2,2,1,0.111,Methoxybenzoate 4 mM + Kan,B5,0.0391388888888889,2026-04-10 22:16:02.561507
exp2,2,1,0.138,Methoxybenzoate 4 mM + Kan,C4,0.0391388888888889,2026-04-10 22:16:02.561507
exp2,2,1,0.09,Methoxybenzoate 4 mM + Kan,C9,0.0391388888888889,2026-04-10 22:16:02.561507
exp2,2,1,0.14,Methoxybenzoate 4 mM + Kan,D4,0.0391388888888889,2026-04-10 22:16:02.561507
exp2,2,1,0.114,Methoxybenzoate 4 mM + Kan,D5,0.0391388888888889,2026-04-10 22:16:02.561507
exp2,2,1,0.138,Methoxybenzoate 4 mM + Kan,D9,0.0391388888888889,2026-04-10 22:16:02.561507
exp2,2,1,0.113,Methoxybenzoate 4 mM + Kan,D10,0.0391388888888889,2026-04-10 22:16:02.561507
exp2,2,1,0.139,Methoxybenzoate 4 mM + Kan,E4,0.0391388888888889,2026-04-10 22:16:02.561507
exp2,2,1,0.141,Methoxybenzoate 4 mM + Kan,E9,0.0391388888888889,2026-04-10 22:16:02.561507
exp2,2,1,0.134,Methoxybenzoate 4 mM + Kan,F4,0.0391388888888889,2026-04-10 22:16:02.561507
exp2,2,2,0.159,Methoxybenzoate 4 mM + Kan,B4,0.0379722222222222,2026-04-11 00:25:38.240573
exp2,2,2,0.13,Methoxybenzoate 4 mM + Kan,B5,0.0379722222222222,2026-04-11 00:25:38.240573
exp2,2,2,0.147,Methoxybenzoate 4 mM + Kan,C4,0.0379722222222222,2026-04-11 00:25:38.240573
exp2,2,2,0.133,Methoxybenzoate 4 mM + Kan,C9,0.0379722222222222,2026-04-11 00:25:38.240573
exp2,2,2,0.151,Methoxybenzoate 4 mM + Kan,D4,0.0379722222222222,2026-04-11 00:25:38.240573
exp2,2,2,0.125,Methoxybenzoate 4 mM + Kan,D5,0.0379722222222222,2026-04-11 00:25:38.240573
exp2,2,2,0.127,Methoxybenzoate 4 mM + Kan,D9,0.0379722222222222,2026-04-11 00:25:38.240573
exp2,2,2,0.156,Methoxybenzoate 4 mM + Kan,D10,0.0379722222222222,2026-04-11 00:25:38.240573
exp2,2,2,0.152,Methoxybenzoate 4 mM + Kan,E4,0.0379722222222222,2026-04-11 00:25:38.240573
exp2,2,2,0.171,Methoxybenzoate 4 mM + Kan,E9,0.0379722222222222,2026-04-11 00:25:38.240573
exp2,2,2,0.15,Methoxybenzoate 4 mM + Kan,F4,0.0379722222222222,2026-04-11 00:25:38.240573
exp2,2,3,0.159,Methoxybenzoate 4 mM + Kan,B4,0.0376388888888888,2026-04-11 02:42:24.658264
exp2,2,3,0.134,Methoxybenzoate 4 mM + Kan,B5,0.0376388888888888,2026-04-11 02:42:24.658264
exp2,2,3,0.147,Methoxybenzoate 4 mM + Kan,C4,0.0376388888888888,2026-04-11 02:42:24.658264
exp2,2,3,0.09,Methoxybenzoate 4 mM + Kan,C9,0.0376388888888888,2026-04-11 02:42:24.658264
exp2,2,3,0.15,Methoxybenzoate 4 mM + Kan,D4,0.0376388888888888,2026-04-11 02:42:24.658264
exp2,2,3,0.129,Methoxybenzoate 4 mM + Kan,D5,0.0376388888888888,2026-04-11 02:42:24.658264
exp2,2,3,0.122,Methoxybenzoate 4 mM + Kan,D9,0.0376388888888888,2026-04-11 02:42:24.658264
exp2,2,3,0.146,Methoxybenzoate 4 mM + Kan,D10,0.0376388888888888,2026-04-11 02:42:24.658264
exp2,2,3,0.153,Methoxybenzoate 4 mM + Kan,E4,0.0376388888888888,2026-04-11 02:42:24.658264
exp2,2,3,0.178,Methoxybenzoate 4 mM + Kan,E9,0.0376388888888888,2026-04-11 02:42:24.658264
exp2,2,3,0.152,Methoxybenzoate 4 mM + Kan,F4,0.0376388888888888,2026-04-11 02:42:24.658264
exp2,2,4,0.162,Methoxybenzoate 4 mM + Kan,B4,0.0378888888888888,2026-04-11 04:59:09.891129
exp2,2,4,0.136,Methoxybenzoate 4 mM + Kan,B5,0.0378888888888888,2026-04-11 04:59:09.891129
exp2,2,4,0.151,Methoxybenzoate 4 mM + Kan,C4,0.0378888888888888,2026-04-11 04:59:09.891129
exp2,2,4,0.127,Methoxybenzoate 4 mM + Kan,C9,0.0378888888888888,2026-04-11 04:59:09.891129
exp2,2,4,0.154,Methoxybenzoate 4 mM + Kan,D4,0.0378888888888888,2026-04-11 04:59:09.891129
exp2,2,4,0.13,Methoxybenzoate 4 mM + Kan,D5,0.0378888888888888,2026-04-11 04:59:09.891129
exp2,2,4,0.129,Methoxybenzoate 4 mM + Kan,D9,0.0378888888888888,2026-04-11 04:59:09.891129
exp2,2,4,0.102,Methoxybenzoate 4 mM + Kan,D10,0.0378888888888888,2026-04-11 04:59:09.891129
exp2,2,4,0.157,Methoxybenzoate 4 mM + Kan,E4,0.0378888888888888,2026-04-11 04:59:09.891129
exp2,2,4,0.185,Methoxybenzoate 4 mM + Kan,E9,0.0378888888888888,2026-04-11 04:59:09.891129
exp2,2,4,0.152,Methoxybenzoate 4 mM + Kan,F4,0.0378888888888888,2026-04-11 04:59:09.891129
exp2,2,5,0.161,Methoxybenzoate 4 mM + Kan,B4,0.0392777777777777,2026-04-11 07:08:45.542779
exp2,2,5,0.137,Methoxybenzoate 4 mM + Kan,B5,0.0392777777777777,2026-04-11 07:08:45.542779
exp2,2,5,0.151,Methoxybenzoate 4 mM + Kan,C4,0.0392777777777777,2026-04-11 07:08:45.542779
exp2,2,5,0.12,Methoxybenzoate 4 mM + Kan,C9,0.0392777777777777,2026-04-11 07:08:45.542779
exp2,2,5,0.155,Methoxybenzoate 4 mM + Kan,D4,0.0392777777777777,2026-04-11 07:08:45.542779
exp2,2,5,0.133,Methoxybenzoate 4 mM + Kan,D5,0.0392777777777777,2026-04-11 07:08:45.542779
exp2,2,5,0.14,Methoxybenzoate 4 mM + Kan,D9,0.0392777777777777,2026-04-11 07:08:45.542779
exp2,2,5,0.111,Methoxybenzoate 4 mM + Kan,D10,0.0392777777777777,2026-04-11 07:08:45.542779
exp2,2,5,0.16,Methoxybenzoate 4 mM + Kan,E4,0.0392777777777777,2026-04-11 07:08:45.542779
exp2,2,5,0.189,Methoxybenzoate 4 mM + Kan,E9,0.0392777777777777,2026-04-11 07:08:45.542779
exp2,2,5,0.154,Methoxybenzoate 4 mM + Kan,F4,0.0392777777777777,2026-04-11 07:08:45.542779
exp2,2,6,0.155,Methoxybenzoate 4 mM + Kan,B4,0.03825,2026-04-11 09:17:55.903250
exp2,2,6,0.134,Methoxybenzoate 4 mM + Kan,B5,0.03825,2026-04-11 09:17:55.903250
exp2,2,6,0.143,Methoxybenzoate 4 mM + Kan,C4,0.03825,2026-04-11 09:17:55.903250
exp2,2,6,0.087,Methoxybenzoate 4 mM + Kan,C9,0.03825,2026-04-11 09:17:55.903250
exp2,2,6,0.149,Methoxybenzoate 4 mM + Kan,D4,0.03825,2026-04-11 09:17:55.903250
exp2,2,6,0.127,Methoxybenzoate 4 mM + Kan,D5,0.03825,2026-04-11 09:17:55.903250
exp2,2,6,0.15,Methoxybenzoate 4 mM + Kan,D9,0.03825,2026-04-11 09:17:55.903250
exp2,2,6,0.143,Methoxybenzoate 4 mM + Kan,D10,0.03825,2026-04-11 09:17:55.903250
exp2,2,6,0.154,Methoxybenzoate 4 mM + Kan,E4,0.03825,2026-04-11 09:17:55.903250
exp2,2,6,0.189,Methoxybenzoate 4 mM + Kan,E9,0.03825,2026-04-11 09:17:55.903250
exp2,2,6,0.148,Methoxybenzoate 4 mM + Kan,F4,0.03825,2026-04-11 09:17:55.903250
exp2,2,7,0.148,Methoxybenzoate 4 mM + Kan,B4,0.0381666666666666,2026-04-11 11:26:57.841124
exp2,2,7,0.131,Methoxybenzoate 4 mM + Kan,B5,0.0381666666666666,2026-04-11 11:26:57.841124
exp2,2,7,0.138,Methoxybenzoate 4 mM + Kan,C4,0.0381666666666666,2026-04-11 11:26:57.841124
exp2,2,7,0.088,Methoxybenzoate 4 mM + Kan,C9,0.0381666666666666,2026-04-11 11:26:57.841124
exp2,2,7,0.141,Methoxybenzoate 4 mM + Kan,D4,0.0381666666666666,2026-04-11 11:26:57.841124
exp2,2,7,0.125,Methoxybenzoate 4 mM + Kan,D5,0.0381666666666666,2026-04-11 11:26:57.841124
exp2,2,7,0.161,Methoxybenzoate 4 mM + Kan,D9,0.0381666666666666,2026-04-11 11:26:57.841124
exp2,2,7,0.138,Methoxybenzoate 4 mM + Kan,D10,0.0381666666666666,2026-04-11 11:26:57.841124
exp2,2,7,0.144,Methoxybenzoate 4 mM + Kan,E4,0.0381666666666666,2026-04-11 11:26:57.841124
exp2,2,7,0.187,Methoxybenzoate 4 mM + Kan,E9,0.0381666666666666,2026-04-11 11:26:57.841124
exp2,2,7,0.14,Methoxybenzoate 4 mM + Kan,F4,0.0381666666666666,2026-04-11 11:26:57.841124
exp2,2,8,0.139,Methoxybenzoate 4 mM + Kan,B4,0.0386111111111111,2026-04-11 13:37:45.147318
exp2,2,8,0.125,Methoxybenzoate 4 mM + Kan,B5,0.0386111111111111,2026-04-11 13:37:45.147318
exp2,2,8,0.131,Methoxybenzoate 4 mM + Kan,C4,0.0386111111111111,2026-04-11 13:37:45.147318
exp2,2,8,0.106,Methoxybenzoate 4 mM + Kan,C9,0.0386111111111111,2026-04-11 13:37:45.147318
exp2,2,8,0.137,Methoxybenzoate 4 mM + Kan,D4,0.0386111111111111,2026-04-11 13:37:45.147318
exp2,2,8,0.124,Methoxybenzoate 4 mM + Kan,D5,0.0386111111111111,2026-04-11 13:37:45.147318
exp2,2,8,0.16,Methoxybenzoate 4 mM + Kan,D9,0.0386111111111111,2026-04-11 13:37:45.147318
exp2,2,8,0.125,Methoxybenzoate 4 mM + Kan,D10,0.0386111111111111,2026-04-11 13:37:45.147318
exp2,2,8,0.133,Methoxybenzoate 4 mM + Kan,E4,0.0386111111111111,2026-04-11 13:37:45.147318
exp2,2,8,0.188,Methoxybenzoate 4 mM + Kan,E9,0.0386111111111111,2026-04-11 13:37:45.147318
exp2,2,8,0.126,Methoxybenzoate 4 mM + Kan,F4,0.0386111111111111,2026-04-11 13:37:45.147318
exp2,2,9,0.127,Methoxybenzoate 4 mM + Kan,B4,0.0379444444444444,2026-04-11 15:47:03.750134
exp2,2,9,0.114,Methoxybenzoate 4 mM + Kan,B5,0.0379444444444444,2026-04-11 15:47:03.750134
exp2,2,9,0.119,Methoxybenzoate 4 mM + Kan,C4,0.0379444444444444,2026-04-11 15:47:03.750134
exp2,2,9,0.107,Methoxybenzoate 4 mM + Kan,C9,0.0379444444444444,2026-04-11 15:47:03.750134
exp2,2,9,0.124,Methoxybenzoate 4 mM + Kan,D4,0.0379444444444444,2026-04-11 15:47:03.750134
exp2,2,9,0.115,Methoxybenzoate 4 mM + Kan,D5,0.0379444444444444,2026-04-11 15:47:03.750134
exp2,2,9,0.156,Methoxybenzoate 4 mM + Kan,D9,0.0379444444444444,2026-04-11 15:47:03.750134
exp2,2,9,0.126,Methoxybenzoate 4 mM + Kan,D10,0.0379444444444444,2026-04-11 15:47:03.750134
exp2,2,9,0.119,Methoxybenzoate 4 mM + Kan,E4,0.0379444444444444,2026-04-11 15:47:03.750134
exp2,2,9,0.184,Methoxybenzoate 4 mM + Kan,E9,0.0379444444444444,2026-04-11 15:47:03.750134
exp2,2,9,0.116,Methoxybenzoate 4 mM + Kan,F4,0.0379444444444444,2026-04-11 15:47:03.750134
exp2,2,10,0.123,Methoxybenzoate 4 mM + Kan,B4,0.0386111111111111,2026-04-11 17:56:23.004937
exp2,2,10,0.107,Methoxybenzoate 4 mM + Kan,B5,0.0386111111111111,2026-04-11 17:56:23.004937
exp2,2,10,0.116,Methoxybenzoate 4 mM + Kan,C4,0.0386111111111111,2026-04-11 17:56:23.004937
exp2,2,10,0.135,Methoxybenzoate 4 mM + Kan,C9,0.0386111111111111,2026-04-11 17:56:23.004937
exp2,2,10,0.123,Methoxybenzoate 4 mM + Kan,D4,0.0386111111111111,2026-04-11 17:56:23.004937
exp2,2,10,0.108,Methoxybenzoate 4 mM + Kan,D5,0.0386111111111111,2026-04-11 17:56:23.004937
exp2,2,10,0.118,Methoxybenzoate 4 mM + Kan,D9,0.0386111111111111,2026-04-11 17:56:23.004937
exp2,2,10,0.125,Methoxybenzoate 4 mM + Kan,D10,0.0386111111111111,2026-04-11 17:56:23.004937
exp2,2,10,0.114,Methoxybenzoate 4 mM + Kan,E4,0.0386111111111111,2026-04-11 17:56:23.004937
exp2,2,10,0.18,Methoxybenzoate 4 mM + Kan,E9,0.0386111111111111,2026-04-11 17:56:23.004937
exp2,2,10,0.11,Methoxybenzoate 4 mM + Kan,F4,0.0386111111111111,2026-04-11 17:56:23.004937
exp2,2,11,0.128,Methoxybenzoate 4 mM + Kan,B4,0.0379722222222222,2026-04-11 20:05:25.172463
exp2,2,11,0.101,Methoxybenzoate 4 mM + Kan,B5,0.0379722222222222,2026-04-11 20:05:25.172463
exp2,2,11,0.117,Methoxybenzoate 4 mM + Kan,C4,0.0379722222222222,2026-04-11 20:05:25.172463
exp2,2,11,0.069,Methoxybenzoate 4 mM + Kan,C9,0.0379722222222222,2026-04-11 20:05:25.172463
exp2,2,11,0.121,Methoxybenzoate 4 mM + Kan,D4,0.0379722222222222,2026-04-11 20:05:25.172463
exp2,2,11,0.102,Methoxybenzoate 4 mM + Kan,D5,0.0379722222222222,2026-04-11 20:05:25.172463
exp2,2,11,0.117,Methoxybenzoate 4 mM + Kan,D9,0.0379722222222222,2026-04-11 20:05:25.172463
exp2,2,11,0.082,Methoxybenzoate 4 mM + Kan,D10,0.0379722222222222,2026-04-11 20:05:25.172463
exp2,2,11,0.11,Methoxybenzoate 4 mM + Kan,E4,0.0379722222222222,2026-04-11 20:05:25.172463
exp2,2,11,0.176,Methoxybenzoate 4 mM + Kan,E9,0.0379722222222222,2026-04-11 20:05:25.172463
exp2,2,11,0.109,Methoxybenzoate 4 mM + Kan,F4,0.0379722222222222,2026-04-11 20:05:25.172463
exp2,2,12,0.136,Methoxybenzoate 4 mM + Kan,B4,0.0388055555555555,2026-04-11 22:14:56.153857
exp2,2,12,0.102,Methoxybenzoate 4 mM + Kan,B5,0.0388055555555555,2026-04-11 22:14:56.153857
exp2,2,12,0.131,Methoxybenzoate 4 mM + Kan,C4,0.0388055555555555,2026-04-11 22:14:56.153857
exp2,2,12,0.07,Methoxybenzoate 4 mM + Kan,C9,0.0388055555555555,2026-04-11 22:14:56.153857
exp2,2,12,0.132,Methoxybenzoate 4 mM + Kan,D4,0.0388055555555555,2026-04-11 22:14:56.153857
exp2,2,12,0.091,Methoxybenzoate 4 mM + Kan,D5,0.0388055555555555,2026-04-11 22:14:56.153857
exp2,2,12,0.14,Methoxybenzoate 4 mM + Kan,D9,0.0388055555555555,2026-04-11 22:14:56.153857
exp2,2,12,0.089,Methoxybenzoate 4 mM + Kan,D10,0.0388055555555555,2026-04-11 22:14:56.153857
exp2,2,12,0.118,Methoxybenzoate 4 mM + Kan,E4,0.0388055555555555,2026-04-11 22:14:56.153857
exp2,2,12,0.176,Methoxybenzoate 4 mM + Kan,E9,0.0388055555555555,2026-04-11 22:14:56.153857
exp2,2,12,0.12,Methoxybenzoate 4 mM + Kan,F4,0.0388055555555555,2026-04-11 22:14:56.153857
exp2,3,contam,0.038,Methoxybenzoate 4 mM + Kan,B4,0.0395,2026-04-11 22:22:07.992550
exp2,3,contam,0.04,Methoxybenzoate 4 mM + Kan,B5,0.0395,2026-04-11 22:22:07.992550
exp2,3,contam,0.039,Methoxybenzoate 4 mM + Kan,C4,0.0395,2026-04-11 22:22:07.992550
exp2,3,contam,0.039,Methoxybenzoate 4 mM + Kan,C9,0.0395,2026-04-11 22:22:07.992550
exp2,3,contam,0.036,Methoxybenzoate 4 mM + Kan,D4,0.0395,2026-04-11 22:22:07.992550
exp2,3,contam,0.037,Methoxybenzoate 4 mM + Kan,D5,0.0395,2026-04-11 22:22:07.992550
exp2,3,contam,0.042,Methoxybenzoate 4 mM + Kan,D9,0.0395,2026-04-11 22:22:07.992550
exp2,3,contam,0.037,Methoxybenzoate 4 mM + Kan,D10,0.0395,2026-04-11 22:22:07.992550
exp2,3,contam,0.038,Methoxybenzoate 4 mM + Kan,E4,0.0395,2026-04-11 22:22:07.992550
exp2,3,contam,0.035,Methoxybenzoate 4 mM + Kan,E9,0.0395,2026-04-11 22:22:07.992550
exp2,3,contam,0.036,Methoxybenzoate 4 mM + Kan,F4,0.0395,2026-04-11 22:22:07.992550
exp2,3,0,0.048,Methoxybenzoate 4 mM + Kan,B4,0.0393055555555555,2026-04-11 22:37:00.353464
exp2,3,0,0.045,Methoxybenzoate 4 mM + Kan,B5,0.0393055555555555,2026-04-11 22:37:00.353464
exp2,3,0,0.048,Methoxybenzoate 4 mM + Kan,C4,0.0393055555555555,2026-04-11 22:37:00.353464
exp2,3,0,0.045,Methoxybenzoate 4 mM + Kan,C9,0.0393055555555555,2026-04-11 22:37:00.353464
exp2,3,0,0.046,Methoxybenzoate 4 mM + Kan,D4,0.0393055555555555,2026-04-11 22:37:00.353464
exp2,3,0,0.043,Methoxybenzoate 4 mM + Kan,D5,0.0393055555555555,2026-04-11 22:37:00.353464
exp2,3,0,0.051,Methoxybenzoate 4 mM + Kan,D9,0.0393055555555555,2026-04-11 22:37:00.353464
exp2,3,0,0.045,Methoxybenzoate 4 mM + Kan,D10,0.0393055555555555,2026-04-11 22:37:00.353464
exp2,3,0,0.048,Methoxybenzoate 4 mM + Kan,E4,0.0393055555555555,2026-04-11 22:37:00.353464
exp2,3,0,0.043,Methoxybenzoate 4 mM + Kan,E9,0.0393055555555555,2026-04-11 22:37:00.353464
exp2,3,0,0.048,Methoxybenzoate 4 mM + Kan,F4,0.0393055555555555,2026-04-11 22:37:00.353464
exp2,3,1,0.054,Methoxybenzoate 4 mM + Kan,B4,0.0401111111111111,2026-04-12 00:46:08.832943
exp2,3,1,0.049,Methoxybenzoate 4 mM + Kan,B5,0.0401111111111111,2026-04-12 00:46:08.832943
exp2,3,1,0.052,Methoxybenzoate 4 mM + Kan,C4,0.0401111111111111,2026-04-12 00:46:08.832943
exp2,3,1,0.05,Methoxybenzoate 4 mM + Kan,C9,0.0401111111111111,2026-04-12 00:46:08.832943
exp2,3,1,0.051,Methoxybenzoate 4 mM + Kan,D4,0.0401111111111111,2026-04-12 00:46:08.832943
exp2,3,1,0.049,Methoxybenzoate 4 mM + Kan,D5,0.0401111111111111,2026-04-12 00:46:08.832943
exp2,3,1,0.067,Methoxybenzoate 4 mM + Kan,D9,0.0401111111111111,2026-04-12 00:46:08.832943
exp2,3,1,0.052,Methoxybenzoate 4 mM + Kan,D10,0.0401111111111111,2026-04-12 00:46:08.832943
exp2,3,1,0.048,Methoxybenzoate 4 mM + Kan,E4,0.0401111111111111,2026-04-12 00:46:08.832943
exp2,3,1,0.061,Methoxybenzoate 4 mM + Kan,E9,0.0401111111111111,2026-04-12 00:46:08.832943
exp2,3,1,0.052,Methoxybenzoate 4 mM + Kan,F4,0.0401111111111111,2026-04-12 00:46:08.832943
exp2,3,2,0.054,Methoxybenzoate 4 mM + Kan,B4,0.0406944444444444,2026-04-12 02:55:30.412398
exp2,3,2,0.047,Methoxybenzoate 4 mM + Kan,B5,0.0406944444444444,2026-04-12 02:55:30.412398
exp2,3,2,0.049,Methoxybenzoate 4 mM + Kan,C4,0.0406944444444444,2026-04-12 02:55:30.412398
exp2,3,2,0.047,Methoxybenzoate 4 mM + Kan,C9,0.0406944444444444,2026-04-12 02:55:30.412398
exp2,3,2,0.051,Methoxybenzoate 4 mM + Kan,D4,0.0406944444444444,2026-04-12 02:55:30.412398
exp2,3,2,0.047,Methoxybenzoate 4 mM + Kan,D5,0.0406944444444444,2026-04-12 02:55:30.412398
exp2,3,2,0.068,Methoxybenzoate 4 mM + Kan,D9,0.0406944444444444,2026-04-12 02:55:30.412398
exp2,3,2,0.049,Methoxybenzoate 4 mM + Kan,D10,0.0406944444444444,2026-04-12 02:55:30.412398
exp2,3,2,0.049,Methoxybenzoate 4 mM + Kan,E4,0.0406944444444444,2026-04-12 02:55:30.412398
exp2,3,2,0.074,Methoxybenzoate 4 mM + Kan,E9,0.0406944444444444,2026-04-12 02:55:30.412398
exp2,3,2,0.051,Methoxybenzoate 4 mM + Kan,F4,0.0406944444444444,2026-04-12 02:55:30.412398
exp2,3,3,0.054,Methoxybenzoate 4 mM + Kan,B4,0.0399722222222222,2026-04-12 05:10:24.830134
exp2,3,3,0.046,Methoxybenzoate 4 mM + Kan,B5,0.0399722222222222,2026-04-12 05:10:24.830134
exp2,3,3,0.05,Methoxybenzoate 4 mM + Kan,C4,0.0399722222222222,2026-04-12 05:10:24.830134
exp2,3,3,0.044,Methoxybenzoate 4 mM + Kan,C9,0.0399722222222222,2026-04-12 05:10:24.830134
exp2,3,3,0.051,Methoxybenzoate 4 mM + Kan,D4,0.0399722222222222,2026-04-12 05:10:24.830134
exp2,3,3,0.046,Methoxybenzoate 4 mM + Kan,D5,0.0399722222222222,2026-04-12 05:10:24.830134
exp2,3,3,0.051,Methoxybenzoate 4 mM + Kan,D9,0.0399722222222222,2026-04-12 05:10:24.830134
exp2,3,3,0.046,Methoxybenzoate 4 mM + Kan,D10,0.0399722222222222,2026-04-12 05:10:24.830134
exp2,3,3,0.049,Methoxybenzoate 4 mM + Kan,E4,0.0399722222222222,2026-04-12 05:10:24.830134
exp2,3,3,0.069,Methoxybenzoate 4 mM + Kan,E9,0.0399722222222222,2026-04-12 05:10:24.830134
exp2,3,3,0.049,Methoxybenzoate 4 mM + Kan,F4,0.0399722222222222,2026-04-12 05:10:24.830134
exp2,3,4,0.055,Methoxybenzoate 4 mM + Kan,B4,0.0400833333333333,2026-04-12 07:19:34.586468
exp2,3,4,0.043,Methoxybenzoate 4 mM + Kan,B5,0.0400833333333333,2026-04-12 07:19:34.586468
exp2,3,4,0.051,Methoxybenzoate 4 mM + Kan,C4,0.0400833333333333,2026-04-12 07:19:34.586468
exp2,3,4,0.046,Methoxybenzoate 4 mM + Kan,C9,0.0400833333333333,2026-04-12 07:19:34.586468
exp2,3,4,0.051,Methoxybenzoate 4 mM + Kan,D4,0.0400833333333333,2026-04-12 07:19:34.586468
exp2,3,4,0.042,Methoxybenzoate 4 mM + Kan,D5,0.0400833333333333,2026-04-12 07:19:34.586468
exp2,3,4,0.052,Methoxybenzoate 4 mM + Kan,D9,0.0400833333333333,2026-04-12 07:19:34.586468
exp2,3,4,0.044,Methoxybenzoate 4 mM + Kan,D10,0.0400833333333333,2026-04-12 07:19:34.586468
exp2,3,4,0.047,Methoxybenzoate 4 mM + Kan,E4,0.0400833333333333,2026-04-12 07:19:34.586468
exp2,3,4,0.063,Methoxybenzoate 4 mM + Kan,E9,0.0400833333333333,2026-04-12 07:19:34.586468
exp2,3,4,0.05,Methoxybenzoate 4 mM + Kan,F4,0.0400833333333333,2026-04-12 07:19:34.586468
exp2,3,5,0.059,Methoxybenzoate 4 mM + Kan,B4,0.0401944444444444,2026-04-12 09:28:57.694742
exp2,3,5,0.047,Methoxybenzoate 4 mM + Kan,B5,0.0401944444444444,2026-04-12 09:28:57.694742
exp2,3,5,0.053,Methoxybenzoate 4 mM + Kan,C4,0.0401944444444444,2026-04-12 09:28:57.694742
exp2,3,5,0.045,Methoxybenzoate 4 mM + Kan,C9,0.0401944444444444,2026-04-12 09:28:57.694742
exp2,3,5,0.054,Methoxybenzoate 4 mM + Kan,D4,0.0401944444444444,2026-04-12 09:28:57.694742
exp2,3,5,0.042,Methoxybenzoate 4 mM + Kan,D5,0.0401944444444444,2026-04-12 09:28:57.694742
exp2,3,5,0.052,Methoxybenzoate 4 mM + Kan,D9,0.0401944444444444,2026-04-12 09:28:57.694742
exp2,3,5,0.047,Methoxybenzoate 4 mM + Kan,D10,0.0401944444444444,2026-04-12 09:28:57.694742
exp2,3,5,0.047,Methoxybenzoate 4 mM + Kan,E4,0.0401944444444444,2026-04-12 09:28:57.694742
exp2,3,5,0.059,Methoxybenzoate 4 mM + Kan,E9,0.0401944444444444,2026-04-12 09:28:57.694742
exp2,3,5,0.051,Methoxybenzoate 4 mM + Kan,F4,0.0401944444444444,2026-04-12 09:28:57.694742
exp2,3,6,0.068,Methoxybenzoate 4 mM + Kan,B4,0.0404444444444444,2026-04-12 11:38:23.347130
exp2,3,6,0.046,Methoxybenzoate 4 mM + Kan,B5,0.0404444444444444,2026-04-12 11:38:23.347130
exp2,3,6,0.054,Methoxybenzoate 4 mM + Kan,C4,0.0404444444444444,2026-04-12 11:38:23.347130
exp2,3,6,0.046,Methoxybenzoate 4 mM + Kan,C9,0.0404444444444444,2026-04-12 11:38:23.347130
exp2,3,6,0.06,Methoxybenzoate 4 mM + Kan,D4,0.0404444444444444,2026-04-12 11:38:23.347130
exp2,3,6,0.044,Methoxybenzoate 4 mM + Kan,D5,0.0404444444444444,2026-04-12 11:38:23.347130
exp2,3,6,0.053,Methoxybenzoate 4 mM + Kan,D9,0.0404444444444444,2026-04-12 11:38:23.347130
exp2,3,6,0.047,Methoxybenzoate 4 mM + Kan,D10,0.0404444444444444,2026-04-12 11:38:23.347130
exp2,3,6,0.051,Methoxybenzoate 4 mM + Kan,E4,0.0404444444444444,2026-04-12 11:38:23.347130
exp2,3,6,0.06,Methoxybenzoate 4 mM + Kan,E9,0.0404444444444444,2026-04-12 11:38:23.347130
exp2,3,6,0.052,Methoxybenzoate 4 mM + Kan,F4,0.0404444444444444,2026-04-12 11:38:23.347130
exp2,3,7,0.078,Methoxybenzoate 4 mM + Kan,B4,0.03925,2026-04-12 13:48:13.437950
exp2,3,7,0.046,Methoxybenzoate 4 mM + Kan,B5,0.03925,2026-04-12 13:48:13.437950
exp2,3,7,0.058,Methoxybenzoate 4 mM + Kan,C4,0.03925,2026-04-12 13:48:13.437950
exp2,3,7,0.045,Methoxybenzoate 4 mM + Kan,C9,0.03925,2026-04-12 13:48:13.437950
exp2,3,7,0.075,Methoxybenzoate 4 mM + Kan,D4,0.03925,2026-04-12 13:48:13.437950
exp2,3,7,0.043,Methoxybenzoate 4 mM + Kan,D5,0.03925,2026-04-12 13:48:13.437950
exp2,3,7,0.051,Methoxybenzoate 4 mM + Kan,D9,0.03925,2026-04-12 13:48:13.437950
exp2,3,7,0.047,Methoxybenzoate 4 mM + Kan,D10,0.03925,2026-04-12 13:48:13.437950
exp2,3,7,0.051,Methoxybenzoate 4 mM + Kan,E4,0.03925,2026-04-12 13:48:13.437950
exp2,3,7,0.059,Methoxybenzoate 4 mM + Kan,E9,0.03925,2026-04-12 13:48:13.437950
exp2,3,7,0.053,Methoxybenzoate 4 mM + Kan,F4,0.03925,2026-04-12 13:48:13.437950
exp2,3,8,0.095,Methoxybenzoate 4 mM + Kan,B4,0.0403055555555555,2026-04-12 15:57:42.553833
exp2,3,8,0.05,Methoxybenzoate 4 mM + Kan,B5,0.0403055555555555,2026-04-12 15:57:42.553833
exp2,3,8,0.071,Methoxybenzoate 4 mM + Kan,C4,0.0403055555555555,2026-04-12 15:57:42.553833
exp2,3,8,0.066,Methoxybenzoate 4 mM + Kan,C9,0.0403055555555555,2026-04-12 15:57:42.553833
exp2,3,8,0.108,Methoxybenzoate 4 mM + Kan,D4,0.0403055555555555,2026-04-12 15:57:42.553833
exp2,3,8,0.046,Methoxybenzoate 4 mM + Kan,D5,0.0403055555555555,2026-04-12 15:57:42.553833
exp2,3,8,0.056,Methoxybenzoate 4 mM + Kan,D9,0.0403055555555555,2026-04-12 15:57:42.553833
exp2,3,8,0.048,Methoxybenzoate 4 mM + Kan,D10,0.0403055555555555,2026-04-12 15:57:42.553833
exp2,3,8,0.058,Methoxybenzoate 4 mM + Kan,E4,0.0403055555555555,2026-04-12 15:57:42.553833
exp2,3,8,0.066,Methoxybenzoate 4 mM + Kan,E9,0.0403055555555555,2026-04-12 15:57:42.553833
exp2,3,8,0.062,Methoxybenzoate 4 mM + Kan,F4,0.0403055555555555,2026-04-12 15:57:42.553833
exp2,3,9,0.117,Methoxybenzoate 4 mM + Kan,B4,0.0383611111111111,2026-04-12 18:07:01.850120
exp2,3,9,0.048,Methoxybenzoate 4 mM + Kan,B5,0.0383611111111111,2026-04-12 18:07:01.850120
exp2,3,9,0.088,Methoxybenzoate 4 mM + Kan,C4,0.0383611111111111,2026-04-12 18:07:01.850120
exp2,3,9,0.054,Methoxybenzoate 4 mM + Kan,C9,0.0383611111111111,2026-04-12 18:07:01.850120
exp2,3,9,0.139,Methoxybenzoate 4 mM + Kan,D4,0.0383611111111111,2026-04-12 18:07:01.850120
exp2,3,9,0.046,Methoxybenzoate 4 mM + Kan,D5,0.0383611111111111,2026-04-12 18:07:01.850120
exp2,3,9,0.057,Methoxybenzoate 4 mM + Kan,D9,0.0383611111111111,2026-04-12 18:07:01.850120
exp2,3,9,0.047,Methoxybenzoate 4 mM + Kan,D10,0.0383611111111111,2026-04-12 18:07:01.850120
exp2,3,9,0.064,Methoxybenzoate 4 mM + Kan,E4,0.0383611111111111,2026-04-12 18:07:01.850120
exp2,3,9,0.073,Methoxybenzoate 4 mM + Kan,E9,0.0383611111111111,2026-04-12 18:07:01.850120
exp2,3,9,0.072,Methoxybenzoate 4 mM + Kan,F4,0.0383611111111111,2026-04-12 18:07:01.850120
exp2,3,10,0.153,Methoxybenzoate 4 mM + Kan,B4,0.0385555555555555,2026-04-12 20:34:13.868702
exp2,3,10,0.054,Methoxybenzoate 4 mM + Kan,B5,0.0385555555555555,2026-04-12 20:34:13.868702
exp2,3,10,0.121,Methoxybenzoate 4 mM + Kan,C4,0.0385555555555555,2026-04-12 20:34:13.868702
exp2,3,10,0.066,Methoxybenzoate 4 mM + Kan,C9,0.0385555555555555,2026-04-12 20:34:13.868702
exp2,3,10,0.17,Methoxybenzoate 4 mM + Kan,D4,0.0385555555555555,2026-04-12 20:34:13.868702
exp2,3,10,0.047,Methoxybenzoate 4 mM + Kan,D5,0.0385555555555555,2026-04-12 20:34:13.868702
exp2,3,10,0.074,Methoxybenzoate 4 mM + Kan,D9,0.0385555555555555,2026-04-12 20:34:13.868702
exp2,3,10,0.072,Methoxybenzoate 4 mM + Kan,D10,0.0385555555555555,2026-04-12 20:34:13.868702
exp2,3,10,0.086,Methoxybenzoate 4 mM + Kan,E4,0.0385555555555555,2026-04-12 20:34:13.868702
exp2,3,10,0.088,Methoxybenzoate 4 mM + Kan,E9,0.0385555555555555,2026-04-12 20:34:13.868702
exp2,3,10,0.098,Methoxybenzoate 4 mM + Kan,F4,0.0385555555555555,2026-04-12 20:34:13.868702
exp2,3,11,0.165,Methoxybenzoate 4 mM + Kan,B4,0.0389722222222222,2026-04-12 22:44:03.353263
exp2,3,11,0.072,Methoxybenzoate 4 mM + Kan,B5,0.0389722222222222,2026-04-12 22:44:03.353263
exp2,3,11,0.152,Methoxybenzoate 4 mM + Kan,C4,0.0389722222222222,2026-04-12 22:44:03.353263
exp2,3,11,0.082,Methoxybenzoate 4 mM + Kan,C9,0.0389722222222222,2026-04-12 22:44:03.353263
exp2,3,11,0.194,Methoxybenzoate 4 mM + Kan,D4,0.0389722222222222,2026-04-12 22:44:03.353263
exp2,3,11,0.057,Methoxybenzoate 4 mM + Kan,D5,0.0389722222222222,2026-04-12 22:44:03.353263
exp2,3,11,0.075,Methoxybenzoate 4 mM + Kan,D9,0.0389722222222222,2026-04-12 22:44:03.353263
exp2,3,11,0.061,Methoxybenzoate 4 mM + Kan,D10,0.0389722222222222,2026-04-12 22:44:03.353263
exp2,3,11,0.113,Methoxybenzoate 4 mM + Kan,E4,0.0389722222222222,2026-04-12 22:44:03.353263
exp2,3,11,0.112,Methoxybenzoate 4 mM + Kan,E9,0.0389722222222222,2026-04-12 22:44:03.353263
exp2,3,11,0.124,Methoxybenzoate 4 mM + Kan,F4,0.0389722222222222,2026-04-12 22:44:03.353263
exp2,3,12,0.183,Methoxybenzoate 4 mM + Kan,B4,0.0381944444444444,2026-04-13 00:53:06.320810
exp2,3,12,0.1,Methoxybenzoate 4 mM + Kan,B5,0.0381944444444444,2026-04-13 00:53:06.320810
exp2,3,12,0.171,Methoxybenzoate 4 mM + Kan,C4,0.0381944444444444,2026-04-13 00:53:06.320810
exp2,3,12,0.085,Methoxybenzoate 4 mM + Kan,C9,0.0381944444444444,2026-04-13 00:53:06.320810
exp2,3,12,0.226,Methoxybenzoate 4 mM + Kan,D4,0.0381944444444444,2026-04-13 00:53:06.320810
exp2,3,12,0.076,Methoxybenzoate 4 mM + Kan,D5,0.0381944444444444,2026-04-13 00:53:06.320810
exp2,3,12,0.107,Methoxybenzoate 4 mM + Kan,D9,0.0381944444444444,2026-04-13 00:53:06.320810
exp2,3,12,0.068,Methoxybenzoate 4 mM + Kan,D10,0.0381944444444444,2026-04-13 00:53:06.320810
exp2,3,12,0.141,Methoxybenzoate 4 mM + Kan,E4,0.0381944444444444,2026-04-13 00:53:06.320810
exp2,3,12,0.129,Methoxybenzoate 4 mM + Kan,E9,0.0381944444444444,2026-04-13 00:53:06.320810
exp2,3,12,0.149,Methoxybenzoate 4 mM + Kan,F4,0.0381944444444444,2026-04-13 00:53:06.320810
exp2,4,contam,0.037,Methoxybenzoate 4 mM + Kan,B4,0.0373055555555555,2026-04-13 01:00:29.582651
exp2,4,contam,0.035,Methoxybenzoate 4 mM + Kan,B5,0.0373055555555555,2026-04-13 01:00:29.582651
exp2,4,contam,0.035,Methoxybenzoate 4 mM + Kan,C4,0.0373055555555555,2026-04-13 01:00:29.582651
exp2,4,contam,0.032,Methoxybenzoate 4 mM + Kan,C9,0.0373055555555555,2026-04-13 01:00:29.582651
exp2,4,contam,0.036,Methoxybenzoate 4 mM + Kan,D4,0.0373055555555555,2026-04-13 01:00:29.582651
exp2,4,contam,0.036,Methoxybenzoate 4 mM + Kan,D5,0.0373055555555555,2026-04-13 01:00:29.582651
exp2,4,contam,0.035,Methoxybenzoate 4 mM + Kan,D9,0.0373055555555555,2026-04-13 01:00:29.582651
exp2,4,contam,0.035,Methoxybenzoate 4 mM + Kan,D10,0.0373055555555555,2026-04-13 01:00:29.582651
exp2,4,contam,0.034,Methoxybenzoate 4 mM + Kan,E4,0.0373055555555555,2026-04-13 01:00:29.582651
exp2,4,contam,0.035,Methoxybenzoate 4 mM + Kan,E9,0.0373055555555555,2026-04-13 01:00:29.582651
exp2,4,contam,0.035,Methoxybenzoate 4 mM + Kan,F4,0.0373055555555555,2026-04-13 01:00:29.582651
exp2,4,0,0.042,Methoxybenzoate 4 mM + Kan,B4,0.0380833333333333,2026-04-13 01:21:02.044585
exp2,4,0,0.038,Methoxybenzoate 4 mM + Kan,B5,0.0380833333333333,2026-04-13 01:21:02.044585
exp2,4,0,0.039,Methoxybenzoate 4 mM + Kan,C4,0.0380833333333333,2026-04-13 01:21:02.044585
exp2,4,0,0.037,Methoxybenzoate 4 mM + Kan,C9,0.0380833333333333,2026-04-13 01:21:02.044585
exp2,4,0,0.048,Methoxybenzoate 4 mM + Kan,D4,0.0380833333333333,2026-04-13 01:21:02.044585
exp2,4,0,0.034,Methoxybenzoate 4 mM + Kan,D5,0.0380833333333333,2026-04-13 01:21:02.044585
exp2,4,0,0.04,Methoxybenzoate 4 mM + Kan,D9,0.0380833333333333,2026-04-13 01:21:02.044585
exp2,4,0,0.064,Methoxybenzoate 4 mM + Kan,D10,0.0380833333333333,2026-04-13 01:21:02.044585
exp2,4,0,0.04,Methoxybenzoate 4 mM + Kan,E4,0.0380833333333333,2026-04-13 01:21:02.044585
exp2,4,0,0.037,Methoxybenzoate 4 mM + Kan,E9,0.0380833333333333,2026-04-13 01:21:02.044585
exp2,4,0,0.039,Methoxybenzoate 4 mM + Kan,F4,0.0380833333333333,2026-04-13 01:21:02.044585
exp2,4,1,0.043,Methoxybenzoate 4 mM + Kan,B4,0.0388055555555555,2026-04-13 03:30:31.684150
exp2,4,1,0.036,Methoxybenzoate 4 mM + Kan,B5,0.0388055555555555,2026-04-13 03:30:31.684150
exp2,4,1,0.042,Methoxybenzoate 4 mM + Kan,C4,0.0388055555555555,2026-04-13 03:30:31.684150
exp2,4,1,0.042,Methoxybenzoate 4 mM + Kan,C9,0.0388055555555555,2026-04-13 03:30:31.684150
exp2,4,1,0.056,Methoxybenzoate 4 mM + Kan,D4,0.0388055555555555,2026-04-13 03:30:31.684150
exp2,4,1,0.037,Methoxybenzoate 4 mM + Kan,D5,0.0388055555555555,2026-04-13 03:30:31.684150
exp2,4,1,0.041,Methoxybenzoate 4 mM + Kan,D9,0.0388055555555555,2026-04-13 03:30:31.684150
exp2,4,1,0.064,Methoxybenzoate 4 mM + Kan,D10,0.0388055555555555,2026-04-13 03:30:31.684150
exp2,4,1,0.038,Methoxybenzoate 4 mM + Kan,E4,0.0388055555555555,2026-04-13 03:30:31.684150
exp2,4,1,0.037,Methoxybenzoate 4 mM + Kan,E9,0.0388055555555555,2026-04-13 03:30:31.684150
exp2,4,1,0.041,Methoxybenzoate 4 mM + Kan,F4,0.0388055555555555,2026-04-13 03:30:31.684150
exp2,4,2,0.047,Methoxybenzoate 4 mM + Kan,B4,0.0375555555555555,2026-04-13 05:40:13.495575
exp2,4,2,0.038,Methoxybenzoate 4 mM + Kan,B5,0.0375555555555555,2026-04-13 05:40:13.495575
exp2,4,2,0.041,Methoxybenzoate 4 mM + Kan,C4,0.0375555555555555,2026-04-13 05:40:13.495575
exp2,4,2,0.044,Methoxybenzoate 4 mM + Kan,C9,0.0375555555555555,2026-04-13 05:40:13.495575
exp2,4,2,0.096,Methoxybenzoate 4 mM + Kan,D4,0.0375555555555555,2026-04-13 05:40:13.495575
exp2,4,2,0.036,Methoxybenzoate 4 mM + Kan,D5,0.0375555555555555,2026-04-13 05:40:13.495575
exp2,4,2,0.043,Methoxybenzoate 4 mM + Kan,D9,0.0375555555555555,2026-04-13 05:40:13.495575
exp2,4,2,0.064,Methoxybenzoate 4 mM + Kan,D10,0.0375555555555555,2026-04-13 05:40:13.495575
exp2,4,2,0.038,Methoxybenzoate 4 mM + Kan,E4,0.0375555555555555,2026-04-13 05:40:13.495575
exp2,4,2,0.039,Methoxybenzoate 4 mM + Kan,E9,0.0375555555555555,2026-04-13 05:40:13.495575
exp2,4,2,0.041,Methoxybenzoate 4 mM + Kan,F4,0.0375555555555555,2026-04-13 05:40:13.495575
exp2,4,3,0.051,Methoxybenzoate 4 mM + Kan,B4,0.0371388888888888,2026-04-13 07:49:22.129103
exp2,4,3,0.038,Methoxybenzoate 4 mM + Kan,B5,0.0371388888888888,2026-04-13 07:49:22.129103
exp2,4,3,0.044,Methoxybenzoate 4 mM + Kan,C4,0.0371388888888888,2026-04-13 07:49:22.129103
exp2,4,3,0.045,Methoxybenzoate 4 mM + Kan,C9,0.0371388888888888,2026-04-13 07:49:22.129103
exp2,4,3,0.146,Methoxybenzoate 4 mM + Kan,D4,0.0371388888888888,2026-04-13 07:49:22.129103
exp2,4,3,0.036,Methoxybenzoate 4 mM + Kan,D5,0.0371388888888888,2026-04-13 07:49:22.129103
exp2,4,3,0.044,Methoxybenzoate 4 mM + Kan,D9,0.0371388888888888,2026-04-13 07:49:22.129103
exp2,4,3,0.049,Methoxybenzoate 4 mM + Kan,D10,0.0371388888888888,2026-04-13 07:49:22.129103
exp2,4,3,0.04,Methoxybenzoate 4 mM + Kan,E4,0.0371388888888888,2026-04-13 07:49:22.129103
exp2,4,3,0.037,Methoxybenzoate 4 mM + Kan,E9,0.0371388888888888,2026-04-13 07:49:22.129103
exp2,4,3,0.04,Methoxybenzoate 4 mM + Kan,F4,0.0371388888888888,2026-04-13 07:49:22.129103
exp2,4,4,0.06,Methoxybenzoate 4 mM + Kan,B4,0.0385277777777777,2026-04-13 09:59:26.738630
exp2,4,4,0.039,Methoxybenzoate 4 mM + Kan,B5,0.0385277777777777,2026-04-13 09:59:26.738630
exp2,4,4,0.048,Methoxybenzoate 4 mM + Kan,C4,0.0385277777777777,2026-04-13 09:59:26.738630
exp2,4,4,0.046,Methoxybenzoate 4 mM + Kan,C9,0.0385277777777777,2026-04-13 09:59:26.738630
exp2,4,4,0.187,Methoxybenzoate 4 mM + Kan,D4,0.0385277777777777,2026-04-13 09:59:26.738630
exp2,4,4,0.039,Methoxybenzoate 4 mM + Kan,D5,0.0385277777777777,2026-04-13 09:59:26.738630
exp2,4,4,0.048,Methoxybenzoate 4 mM + Kan,D9,0.0385277777777777,2026-04-13 09:59:26.738630
exp2,4,4,0.044,Methoxybenzoate 4 mM + Kan,D10,0.0385277777777777,2026-04-13 09:59:26.738630
exp2,4,4,0.04,Methoxybenzoate 4 mM + Kan,E4,0.0385277777777777,2026-04-13 09:59:26.738630
exp2,4,4,0.04,Methoxybenzoate 4 mM + Kan,E9,0.0385277777777777,2026-04-13 09:59:26.738630
exp2,4,4,0.042,Methoxybenzoate 4 mM + Kan,F4,0.0385277777777777,2026-04-13 09:59:26.738630
exp2,4,5,0.072,Methoxybenzoate 4 mM + Kan,B4,0.0367777777777777,2026-04-13 12:17:46.107329
exp2,4,5,0.037,Methoxybenzoate 4 mM + Kan,B5,0.0367777777777777,2026-04-13 12:17:46.107329
exp2,4,5,0.051,Methoxybenzoate 4 mM + Kan,C4,0.0367777777777777,2026-04-13 12:17:46.107329
exp2,4,5,0.048,Methoxybenzoate 4 mM + Kan,C9,0.0367777777777777,2026-04-13 12:17:46.107329
exp2,4,5,0.226,Methoxybenzoate 4 mM + Kan,D4,0.0367777777777777,2026-04-13 12:17:46.107329
exp2,4,5,0.036,Methoxybenzoate 4 mM + Kan,D5,0.0367777777777777,2026-04-13 12:17:46.107329
exp2,4,5,0.054,Methoxybenzoate 4 mM + Kan,D9,0.0367777777777777,2026-04-13 12:17:46.107329
exp2,4,5,0.043,Methoxybenzoate 4 mM + Kan,D10,0.0367777777777777,2026-04-13 12:17:46.107329
exp2,4,5,0.041,Methoxybenzoate 4 mM + Kan,E4,0.0367777777777777,2026-04-13 12:17:46.107329
exp2,4,5,0.037,Methoxybenzoate 4 mM + Kan,E9,0.0367777777777777,2026-04-13 12:17:46.107329
exp2,4,5,0.043,Methoxybenzoate 4 mM + Kan,F4,0.0367777777777777,2026-04-13 12:17:46.107329
exp2,4,6,0.121,Methoxybenzoate 4 mM + Kan,B4,0.0384166666666666,2026-04-13 14:27:01.571432
exp2,4,6,0.041,Methoxybenzoate 4 mM + Kan,B5,0.0384166666666666,2026-04-13 14:27:01.571432
exp2,4,6,0.057,Methoxybenzoate 4 mM + Kan,C4,0.0384166666666666,2026-04-13 14:27:01.571432
exp2,4,6,0.057,Methoxybenzoate 4 mM + Kan,C9,0.0384166666666666,2026-04-13 14:27:01.571432
exp2,4,6,0.279,Methoxybenzoate 4 mM + Kan,D4,0.0384166666666666,2026-04-13 14:27:01.571432
exp2,4,6,0.039,Methoxybenzoate 4 mM + Kan,D5,0.0384166666666666,2026-04-13 14:27:01.571432
exp2,4,6,0.064,Methoxybenzoate 4 mM + Kan,D9,0.0384166666666666,2026-04-13 14:27:01.571432
exp2,4,6,0.048,Methoxybenzoate 4 mM + Kan,D10,0.0384166666666666,2026-04-13 14:27:01.571432
exp2,4,6,0.044,Methoxybenzoate 4 mM + Kan,E4,0.0384166666666666,2026-04-13 14:27:01.571432
exp2,4,6,0.043,Methoxybenzoate 4 mM + Kan,E9,0.0384166666666666,2026-04-13 14:27:01.571432
exp2,4,6,0.048,Methoxybenzoate 4 mM + Kan,F4,0.0384166666666666,2026-04-13 14:27:01.571432
exp2,4,7,0.161,Methoxybenzoate 4 mM + Kan,B4,0.0367777777777777,2026-04-13 16:36:29.892036
exp2,4,7,0.041,Methoxybenzoate 4 mM + Kan,B5,0.0367777777777777,2026-04-13 16:36:29.892036
exp2,4,7,0.066,Methoxybenzoate 4 mM + Kan,C4,0.0367777777777777,2026-04-13 16:36:29.892036
exp2,4,7,0.067,Methoxybenzoate 4 mM + Kan,C9,0.0367777777777777,2026-04-13 16:36:29.892036
exp2,4,7,0.341,Methoxybenzoate 4 mM + Kan,D4,0.0367777777777777,2026-04-13 16:36:29.892036
exp2,4,7,0.038,Methoxybenzoate 4 mM + Kan,D5,0.0367777777777777,2026-04-13 16:36:29.892036
exp2,4,7,0.092,Methoxybenzoate 4 mM + Kan,D9,0.0367777777777777,2026-04-13 16:36:29.892036
exp2,4,7,0.052,Methoxybenzoate 4 mM + Kan,D10,0.0367777777777777,2026-04-13 16:36:29.892036
exp2,4,7,0.044,Methoxybenzoate 4 mM + Kan,E4,0.0367777777777777,2026-04-13 16:36:29.892036
exp2,4,7,0.042,Methoxybenzoate 4 mM + Kan,E9,0.0367777777777777,2026-04-13 16:36:29.892036
exp2,4,7,0.051,Methoxybenzoate 4 mM + Kan,F4,0.0367777777777777,2026-04-13 16:36:29.892036
exp2,4,8,0.181,Methoxybenzoate 4 mM + Kan,B4,0.0368888888888888,2026-04-13 18:46:10.246270
exp2,4,8,0.041,Methoxybenzoate 4 mM + Kan,B5,0.0368888888888888,2026-04-13 18:46:10.246270
exp2,4,8,0.128,Methoxybenzoate 4 mM + Kan,C4,0.0368888888888888,2026-04-13 18:46:10.246270
exp2,4,8,0.074,Methoxybenzoate 4 mM + Kan,C9,0.0368888888888888,2026-04-13 18:46:10.246270
exp2,4,8,0.414,Methoxybenzoate 4 mM + Kan,D4,0.0368888888888888,2026-04-13 18:46:10.246270
exp2,4,8,0.039,Methoxybenzoate 4 mM + Kan,D5,0.0368888888888888,2026-04-13 18:46:10.246270
exp2,4,8,0.083,Methoxybenzoate 4 mM + Kan,D9,0.0368888888888888,2026-04-13 18:46:10.246270
exp2,4,8,0.055,Methoxybenzoate 4 mM + Kan,D10,0.0368888888888888,2026-04-13 18:46:10.246270
exp2,4,8,0.048,Methoxybenzoate 4 mM + Kan,E4,0.0368888888888888,2026-04-13 18:46:10.246270
exp2,4,8,0.044,Methoxybenzoate 4 mM + Kan,E9,0.0368888888888888,2026-04-13 18:46:10.246270
exp2,4,8,0.061,Methoxybenzoate 4 mM + Kan,F4,0.0368888888888888,2026-04-13 18:46:10.246270
exp2,4,9,0.181,Methoxybenzoate 4 mM + Kan,B4,0.0371666666666666,2026-04-13 20:55:14.116148
exp2,4,9,0.045,Methoxybenzoate 4 mM + Kan,B5,0.0371666666666666,2026-04-13 20:55:14.116148
exp2,4,9,0.172,Methoxybenzoate 4 mM + Kan,C4,0.0371666666666666,2026-04-13 20:55:14.116148
exp2,4,9,0.156,Methoxybenzoate 4 mM + Kan,C9,0.0371666666666666,2026-04-13 20:55:14.116148
exp2,4,9,0.409,Methoxybenzoate 4 mM + Kan,D4,0.0371666666666666,2026-04-13 20:55:14.116148
exp2,4,9,0.039,Methoxybenzoate 4 mM + Kan,D5,0.0371666666666666,2026-04-13 20:55:14.116148
exp2,4,9,0.108,Methoxybenzoate 4 mM + Kan,D9,0.0371666666666666,2026-04-13 20:55:14.116148
exp2,4,9,0.077,Methoxybenzoate 4 mM + Kan,D10,0.0371666666666666,2026-04-13 20:55:14.116148
exp2,4,9,0.056,Methoxybenzoate 4 mM + Kan,E4,0.0371666666666666,2026-04-13 20:55:14.116148
exp2,4,9,0.053,Methoxybenzoate 4 mM + Kan,E9,0.0371666666666666,2026-04-13 20:55:14.116148
exp2,4,9,0.137,Methoxybenzoate 4 mM + Kan,F4,0.0371666666666666,2026-04-13 20:55:14.116148
exp2,4,10,0.209,Methoxybenzoate 4 mM + Kan,B4,0.0376388888888888,2026-04-13 23:13:59.940591
exp2,4,10,0.051,Methoxybenzoate 4 mM + Kan,B5,0.0376388888888888,2026-04-13 23:13:59.940591
exp2,4,10,0.19,Methoxybenzoate 4 mM + Kan,C4,0.0376388888888888,2026-04-13 23:13:59.940591
exp2,4,10,0.155,Methoxybenzoate 4 mM + Kan,C9,0.0376388888888888,2026-04-13 23:13:59.940591
exp2,4,10,0.42,Methoxybenzoate 4 mM + Kan,D4,0.0376388888888888,2026-04-13 23:13:59.940591
exp2,4,10,0.044,Methoxybenzoate 4 mM + Kan,D5,0.0376388888888888,2026-04-13 23:13:59.940591
exp2,4,10,0.125,Methoxybenzoate 4 mM + Kan,D9,0.0376388888888888,2026-04-13 23:13:59.940591
exp2,4,10,0.09,Methoxybenzoate 4 mM + Kan,D10,0.0376388888888888,2026-04-13 23:13:59.940591
exp2,4,10,0.087,Methoxybenzoate 4 mM + Kan,E4,0.0376388888888888,2026-04-13 23:13:59.940591
exp2,4,10,0.072,Methoxybenzoate 4 mM + Kan,E9,0.0376388888888888,2026-04-13 23:13:59.940591
exp2,4,10,0.186,Methoxybenzoate 4 mM + Kan,F4,0.0376388888888888,2026-04-13 23:13:59.940591
exp2,4,11,0.222,Methoxybenzoate 4 mM + Kan,B4,0.03825,2026-04-14 01:23:30.140495
exp2,4,11,0.06,Methoxybenzoate 4 mM + Kan,B5,0.03825,2026-04-14 01:23:30.140495
exp2,4,11,0.169,Methoxybenzoate 4 mM + Kan,C4,0.03825,2026-04-14 01:23:30.140495
exp2,4,11,0.166,Methoxybenzoate 4 mM + Kan,C9,0.03825,2026-04-14 01:23:30.140495
exp2,4,11,0.42,Methoxybenzoate 4 mM + Kan,D4,0.03825,2026-04-14 01:23:30.140495
exp2,4,11,0.052,Methoxybenzoate 4 mM + Kan,D5,0.03825,2026-04-14 01:23:30.140495
exp2,4,11,0.208,Methoxybenzoate 4 mM + Kan,D9,0.03825,2026-04-14 01:23:30.140495
exp2,4,11,0.139,Methoxybenzoate 4 mM + Kan,D10,0.03825,2026-04-14 01:23:30.140495
exp2,4,11,0.154,Methoxybenzoate 4 mM + Kan,E4,0.03825,2026-04-14 01:23:30.140495
exp2,4,11,0.145,Methoxybenzoate 4 mM + Kan,E9,0.03825,2026-04-14 01:23:30.140495
exp2,4,11,0.212,Methoxybenzoate 4 mM + Kan,F4,0.03825,2026-04-14 01:23:30.140495
exp2,4,12,0.279,Methoxybenzoate 4 mM + Kan,B4,0.0384722222222222,2026-04-14 03:33:22.376176
exp2,4,12,0.072,Methoxybenzoate 4 mM + Kan,B5,0.0384722222222222,2026-04-14 03:33:22.376176
exp2,4,12,0.192,Methoxybenzoate 4 mM + Kan,C4,0.0384722222222222,2026-04-14 03:33:22.376176
exp2,4,12,0.223,Methoxybenzoate 4 mM + Kan,C9,0.0384722222222222,2026-04-14 03:33:22.376176
exp2,4,12,0.416,Methoxybenzoate 4 mM + Kan,D4,0.0384722222222222,2026-04-14 03:33:22.376176
exp2,4,12,0.058,Methoxybenzoate 4 mM + Kan,D5,0.0384722222222222,2026-04-14 03:33:22.376176
exp2,4,12,0.247,Methoxybenzoate 4 mM + Kan,D9,0.0384722222222222,2026-04-14 03:33:22.376176
exp2,4,12,0.148,Methoxybenzoate 4 mM + Kan,D10,0.0384722222222222,2026-04-14 03:33:22.376176
exp2,4,12,0.179,Methoxybenzoate 4 mM + Kan,E4,0.0384722222222222,2026-04-14 03:33:22.376176
exp2,4,12,0.161,Methoxybenzoate 4 mM + Kan,E9,0.0384722222222222,2026-04-14 03:33:22.376176
exp2,4,12,0.236,Methoxybenzoate 4 mM + Kan,F4,0.0384722222222222,2026-04-14 03:33:22.376176
exp2,5,contam,0.041,Methoxybenzoate 4 mM + Kan,B4,0.0399444444444444,2026-04-14 03:40:32.883902
exp2,5,contam,0.038,Methoxybenzoate 4 mM + Kan,B5,0.0399444444444444,2026-04-14 03:40:32.883902
exp2,5,contam,0.043,Methoxybenzoate 4 mM + Kan,C4,0.0399444444444444,2026-04-14 03:40:32.883902
exp2,5,contam,0.04,Methoxybenzoate 4 mM + Kan,C9,0.0399444444444444,2026-04-14 03:40:32.883902
exp2,5,contam,0.037,Methoxybenzoate 4 mM + Kan,D4,0.0399444444444444,2026-04-14 03:40:32.883902
exp2,5,contam,0.038,Methoxybenzoate 4 mM + Kan,D5,0.0399444444444444,2026-04-14 03:40:32.883902
exp2,5,contam,0.037,Methoxybenzoate 4 mM + Kan,D9,0.0399444444444444,2026-04-14 03:40:32.883902
exp2,5,contam,0.044,Methoxybenzoate 4 mM + Kan,D10,0.0399444444444444,2026-04-14 03:40:32.883902
exp2,5,contam,0.042,Methoxybenzoate 4 mM + Kan,E4,0.0399444444444444,2026-04-14 03:40:32.883902
exp2,5,contam,0.038,Methoxybenzoate 4 mM + Kan,E9,0.0399444444444444,2026-04-14 03:40:32.883902
exp2,5,contam,0.04,Methoxybenzoate 4 mM + Kan,F4,0.0399444444444444,2026-04-14 03:40:32.883902
exp2,5,0,0.084,Methoxybenzoate 4 mM + Kan,B4,0.0384444444444444,2026-04-14 04:00:59.328016
exp2,5,0,0.041,Methoxybenzoate 4 mM + Kan,B5,0.0384444444444444,2026-04-14 04:00:59.328016
exp2,5,0,0.059,Methoxybenzoate 4 mM + Kan,C4,0.0384444444444444,2026-04-14 04:00:59.328016
exp2,5,0,0.065,Methoxybenzoate 4 mM + Kan,C9,0.0384444444444444,2026-04-14 04:00:59.328016
exp2,5,0,0.077,Methoxybenzoate 4 mM + Kan,D4,0.0384444444444444,2026-04-14 04:00:59.328016
exp2,5,0,0.038,Methoxybenzoate 4 mM + Kan,D5,0.0384444444444444,2026-04-14 04:00:59.328016
exp2,5,0,0.065,Methoxybenzoate 4 mM + Kan,D9,0.0384444444444444,2026-04-14 04:00:59.328016
exp2,5,0,0.051,Methoxybenzoate 4 mM + Kan,D10,0.0384444444444444,2026-04-14 04:00:59.328016
exp2,5,0,0.041,Methoxybenzoate 4 mM + Kan,E4,0.0384444444444444,2026-04-14 04:00:59.328016
exp2,5,0,0.043,Methoxybenzoate 4 mM + Kan,E9,0.0384444444444444,2026-04-14 04:00:59.328016
exp2,5,0,0.049,Methoxybenzoate 4 mM + Kan,F4,0.0384444444444444,2026-04-14 04:00:59.328016
exp2,5,1,0.151,Methoxybenzoate 4 mM + Kan,B4,0.0396944444444444,2026-04-14 06:10:14.936469
exp2,5,1,0.042,Methoxybenzoate 4 mM + Kan,B5,0.0396944444444444,2026-04-14 06:10:14.936469
exp2,5,1,0.086,Methoxybenzoate 4 mM + Kan,C4,0.0396944444444444,2026-04-14 06:10:14.936469
exp2,5,1,0.122,Methoxybenzoate 4 mM + Kan,C9,0.0396944444444444,2026-04-14 06:10:14.936469
exp2,5,1,0.145,Methoxybenzoate 4 mM + Kan,D4,0.0396944444444444,2026-04-14 06:10:14.936469
exp2,5,1,0.038,Methoxybenzoate 4 mM + Kan,D5,0.0396944444444444,2026-04-14 06:10:14.936469
exp2,5,1,0.14,Methoxybenzoate 4 mM + Kan,D9,0.0396944444444444,2026-04-14 06:10:14.936469
exp2,5,1,0.055,Methoxybenzoate 4 mM + Kan,D10,0.0396944444444444,2026-04-14 06:10:14.936469
exp2,5,1,0.044,Methoxybenzoate 4 mM + Kan,E4,0.0396944444444444,2026-04-14 06:10:14.936469
exp2,5,1,0.046,Methoxybenzoate 4 mM + Kan,E9,0.0396944444444444,2026-04-14 06:10:14.936469
exp2,5,1,0.079,Methoxybenzoate 4 mM + Kan,F4,0.0396944444444444,2026-04-14 06:10:14.936469
exp2,5,2,0.242,Methoxybenzoate 4 mM + Kan,B4,0.0386388888888889,2026-04-14 08:19:52.667214
exp2,5,2,0.041,Methoxybenzoate 4 mM + Kan,B5,0.0386388888888889,2026-04-14 08:19:52.667214
exp2,5,2,0.154,Methoxybenzoate 4 mM + Kan,C4,0.0386388888888889,2026-04-14 08:19:52.667214
exp2,5,2,0.195,Methoxybenzoate 4 mM + Kan,C9,0.0386388888888889,2026-04-14 08:19:52.667214
exp2,5,2,0.205,Methoxybenzoate 4 mM + Kan,D4,0.0386388888888889,2026-04-14 08:19:52.667214
exp2,5,2,0.037,Methoxybenzoate 4 mM + Kan,D5,0.0386388888888889,2026-04-14 08:19:52.667214
exp2,5,2,0.175,Methoxybenzoate 4 mM + Kan,D9,0.0386388888888889,2026-04-14 08:19:52.667214
exp2,5,2,0.063,Methoxybenzoate 4 mM + Kan,D10,0.0386388888888889,2026-04-14 08:19:52.667214
exp2,5,2,0.044,Methoxybenzoate 4 mM + Kan,E4,0.0386388888888889,2026-04-14 08:19:52.667214
exp2,5,2,0.046,Methoxybenzoate 4 mM + Kan,E9,0.0386388888888889,2026-04-14 08:19:52.667214
exp2,5,2,0.162,Methoxybenzoate 4 mM + Kan,F4,0.0386388888888889,2026-04-14 08:19:52.667214
exp2,5,3,0.28,Methoxybenzoate 4 mM + Kan,B4,0.03875,2026-04-14 10:28:56.200334
exp2,5,3,0.041,Methoxybenzoate 4 mM + Kan,B5,0.03875,2026-04-14 10:28:56.200334
exp2,5,3,0.178,Methoxybenzoate 4 mM + Kan,C4,0.03875,2026-04-14 10:28:56.200334
exp2,5,3,0.228,Methoxybenzoate 4 mM + Kan,C9,0.03875,2026-04-14 10:28:56.200334
exp2,5,3,0.233,Methoxybenzoate 4 mM + Kan,D4,0.03875,2026-04-14 10:28:56.200334
exp2,5,3,0.037,Methoxybenzoate 4 mM + Kan,D5,0.03875,2026-04-14 10:28:56.200334
exp2,5,3,0.223,Methoxybenzoate 4 mM + Kan,D9,0.03875,2026-04-14 10:28:56.200334
exp2,5,3,0.066,Methoxybenzoate 4 mM + Kan,D10,0.03875,2026-04-14 10:28:56.200334
exp2,5,3,0.044,Methoxybenzoate 4 mM + Kan,E4,0.03875,2026-04-14 10:28:56.200334
exp2,5,3,0.05,Methoxybenzoate 4 mM + Kan,E9,0.03875,2026-04-14 10:28:56.200334
exp2,5,3,0.18,Methoxybenzoate 4 mM + Kan,F4,0.03875,2026-04-14 10:28:56.200334
exp2,5,4,0.318,Methoxybenzoate 4 mM + Kan,B4,0.0388611111111111,2026-04-14 12:38:08.829509
exp2,5,4,0.041,Methoxybenzoate 4 mM + Kan,B5,0.0388611111111111,2026-04-14 12:38:08.829509
exp2,5,4,0.204,Methoxybenzoate 4 mM + Kan,C4,0.0388611111111111,2026-04-14 12:38:08.829509
exp2,5,4,0.252,Methoxybenzoate 4 mM + Kan,C9,0.0388611111111111,2026-04-14 12:38:08.829509
exp2,5,4,0.278,Methoxybenzoate 4 mM + Kan,D4,0.0388611111111111,2026-04-14 12:38:08.829509
exp2,5,4,0.037,Methoxybenzoate 4 mM + Kan,D5,0.0388611111111111,2026-04-14 12:38:08.829509
exp2,5,4,0.25,Methoxybenzoate 4 mM + Kan,D9,0.0388611111111111,2026-04-14 12:38:08.829509
exp2,5,4,0.077,Methoxybenzoate 4 mM + Kan,D10,0.0388611111111111,2026-04-14 12:38:08.829509
exp2,5,4,0.048,Methoxybenzoate 4 mM + Kan,E4,0.0388611111111111,2026-04-14 12:38:08.829509
exp2,5,4,0.051,Methoxybenzoate 4 mM + Kan,E9,0.0388611111111111,2026-04-14 12:38:08.829509
exp2,5,4,0.214,Methoxybenzoate 4 mM + Kan,F4,0.0388611111111111,2026-04-14 12:38:08.829509
exp2,5,5,0.377,Methoxybenzoate 4 mM + Kan,B4,0.0381111111111111,2026-04-14 14:56:49.082505
exp2,5,5,0.044,Methoxybenzoate 4 mM + Kan,B5,0.0381111111111111,2026-04-14 14:56:49.082505
exp2,5,5,0.229,Methoxybenzoate 4 mM + Kan,C4,0.0381111111111111,2026-04-14 14:56:49.082505
exp2,5,5,0.301,Methoxybenzoate 4 mM + Kan,C9,0.0381111111111111,2026-04-14 14:56:49.082505
exp2,5,5,0.344,Methoxybenzoate 4 mM + Kan,D4,0.0381111111111111,2026-04-14 14:56:49.082505
exp2,5,5,0.04,Methoxybenzoate 4 mM + Kan,D5,0.0381111111111111,2026-04-14 14:56:49.082505
exp2,5,5,0.277,Methoxybenzoate 4 mM + Kan,D9,0.0381111111111111,2026-04-14 14:56:49.082505
exp2,5,5,0.151,Methoxybenzoate 4 mM + Kan,D10,0.0381111111111111,2026-04-14 14:56:49.082505
exp2,5,5,0.047,Methoxybenzoate 4 mM + Kan,E4,0.0381111111111111,2026-04-14 14:56:49.082505
exp2,5,5,0.059,Methoxybenzoate 4 mM + Kan,E9,0.0381111111111111,2026-04-14 14:56:49.082505
exp2,5,5,0.251,Methoxybenzoate 4 mM + Kan,F4,0.0381111111111111,2026-04-14 14:56:49.082505
exp2,5,6,0.404,Methoxybenzoate 4 mM + Kan,B4,0.0386111111111111,2026-04-14 17:06:08.268133
exp2,5,6,0.046,Methoxybenzoate 4 mM + Kan,B5,0.0386111111111111,2026-04-14 17:06:08.268133
exp2,5,6,0.258,Methoxybenzoate 4 mM + Kan,C4,0.0386111111111111,2026-04-14 17:06:08.268133
exp2,5,6,0.348,Methoxybenzoate 4 mM + Kan,C9,0.0386111111111111,2026-04-14 17:06:08.268133
exp2,5,6,0.408,Methoxybenzoate 4 mM + Kan,D4,0.0386111111111111,2026-04-14 17:06:08.268133
exp2,5,6,0.039,Methoxybenzoate 4 mM + Kan,D5,0.0386111111111111,2026-04-14 17:06:08.268133
exp2,5,6,0.346,Methoxybenzoate 4 mM + Kan,D9,0.0386111111111111,2026-04-14 17:06:08.268133
exp2,5,6,0.196,Methoxybenzoate 4 mM + Kan,D10,0.0386111111111111,2026-04-14 17:06:08.268133
exp2,5,6,0.049,Methoxybenzoate 4 mM + Kan,E4,0.0386111111111111,2026-04-14 17:06:08.268133
exp2,5,6,0.072,Methoxybenzoate 4 mM + Kan,E9,0.0386111111111111,2026-04-14 17:06:08.268133
exp2,5,6,0.3,Methoxybenzoate 4 mM + Kan,F4,0.0386111111111111,2026-04-14 17:06:08.268133
exp2,5,7,0.408,Methoxybenzoate 4 mM + Kan,B4,0.0388055555555555,2026-04-14 19:15:41.859228
exp2,5,7,0.047,Methoxybenzoate 4 mM + Kan,B5,0.0388055555555555,2026-04-14 19:15:41.859228
exp2,5,7,0.299,Methoxybenzoate 4 mM + Kan,C4,0.0388055555555555,2026-04-14 19:15:41.859228
exp2,5,7,0.395,Methoxybenzoate 4 mM + Kan,C9,0.0388055555555555,2026-04-14 19:15:41.859228
exp2,5,7,0.421,Methoxybenzoate 4 mM + Kan,D4,0.0388055555555555,2026-04-14 19:15:41.859228
exp2,5,7,0.039,Methoxybenzoate 4 mM + Kan,D5,0.0388055555555555,2026-04-14 19:15:41.859228
exp2,5,7,0.376,Methoxybenzoate 4 mM + Kan,D9,0.0388055555555555,2026-04-14 19:15:41.859228
exp2,5,7,0.233,Methoxybenzoate 4 mM + Kan,D10,0.0388055555555555,2026-04-14 19:15:41.859228
exp2,5,7,0.053,Methoxybenzoate 4 mM + Kan,E4,0.0388055555555555,2026-04-14 19:15:41.859228
exp2,5,7,0.077,Methoxybenzoate 4 mM + Kan,E9,0.0388055555555555,2026-04-14 19:15:41.859228
exp2,5,7,0.365,Methoxybenzoate 4 mM + Kan,F4,0.0388055555555555,2026-04-14 19:15:41.859228
exp2,5,8,0.406,Methoxybenzoate 4 mM + Kan,B4,0.0388333333333333,2026-04-14 21:24:28.154565
exp2,5,8,0.051,Methoxybenzoate 4 mM + Kan,B5,0.0388333333333333,2026-04-14 21:24:28.154565
exp2,5,8,0.344,Methoxybenzoate 4 mM + Kan,C4,0.0388333333333333,2026-04-14 21:24:28.154565
exp2,5,8,0.397,Methoxybenzoate 4 mM + Kan,C9,0.0388333333333333,2026-04-14 21:24:28.154565
exp2,5,8,0.425,Methoxybenzoate 4 mM + Kan,D4,0.0388333333333333,2026-04-14 21:24:28.154565
exp2,5,8,0.041,Methoxybenzoate 4 mM + Kan,D5,0.0388333333333333,2026-04-14 21:24:28.154565
exp2,5,8,0.388,Methoxybenzoate 4 mM + Kan,D9,0.0388333333333333,2026-04-14 21:24:28.154565
exp2,5,8,0.273,Methoxybenzoate 4 mM + Kan,D10,0.0388333333333333,2026-04-14 21:24:28.154565
exp2,5,8,0.058,Methoxybenzoate 4 mM + Kan,E4,0.0388333333333333,2026-04-14 21:24:28.154565
exp2,5,8,0.151,Methoxybenzoate 4 mM + Kan,E9,0.0388333333333333,2026-04-14 21:24:28.154565
exp2,5,8,0.43,Methoxybenzoate 4 mM + Kan,F4,0.0388333333333333,2026-04-14 21:24:28.154565
exp2,5,9,0.408,Methoxybenzoate 4 mM + Kan,B4,0.0392499999999999,2026-04-14 23:33:40.517899
exp2,5,9,0.06,Methoxybenzoate 4 mM + Kan,B5,0.0392499999999999,2026-04-14 23:33:40.517899
exp2,5,9,0.39,Methoxybenzoate 4 mM + Kan,C4,0.0392499999999999,2026-04-14 23:33:40.517899
exp2,5,9,0.399,Methoxybenzoate 4 mM + Kan,C9,0.0392499999999999,2026-04-14 23:33:40.517899
exp2,5,9,0.424,Methoxybenzoate 4 mM + Kan,D4,0.0392499999999999,2026-04-14 23:33:40.517899
exp2,5,9,0.044,Methoxybenzoate 4 mM + Kan,D5,0.0392499999999999,2026-04-14 23:33:40.517899
exp2,5,9,0.385,Methoxybenzoate 4 mM + Kan,D9,0.0392499999999999,2026-04-14 23:33:40.517899
exp2,5,9,0.323,Methoxybenzoate 4 mM + Kan,D10,0.0392499999999999,2026-04-14 23:33:40.517899
exp2,5,9,0.065,Methoxybenzoate 4 mM + Kan,E4,0.0392499999999999,2026-04-14 23:33:40.517899
exp2,5,9,0.183,Methoxybenzoate 4 mM + Kan,E9,0.0392499999999999,2026-04-14 23:33:40.517899
exp2,5,9,0.434,Methoxybenzoate 4 mM + Kan,F4,0.0392499999999999,2026-04-14 23:33:40.517899
exp2,5,10,0.404,Methoxybenzoate 4 mM + Kan,B4,0.0388611111111111,2026-04-15 01:43:19.681243
exp2,5,10,0.074,Methoxybenzoate 4 mM + Kan,B5,0.0388611111111111,2026-04-15 01:43:19.681243
exp2,5,10,0.391,Methoxybenzoate 4 mM + Kan,C4,0.0388611111111111,2026-04-15 01:43:19.681243
exp2,5,10,0.4,Methoxybenzoate 4 mM + Kan,C9,0.0388611111111111,2026-04-15 01:43:19.681243
exp2,5,10,0.426,Methoxybenzoate 4 mM + Kan,D4,0.0388611111111111,2026-04-15 01:43:19.681243
exp2,5,10,0.05,Methoxybenzoate 4 mM + Kan,D5,0.0388611111111111,2026-04-15 01:43:19.681243
exp2,5,10,0.389,Methoxybenzoate 4 mM + Kan,D9,0.0388611111111111,2026-04-15 01:43:19.681243
exp2,5,10,0.376,Methoxybenzoate 4 mM + Kan,D10,0.0388611111111111,2026-04-15 01:43:19.681243
exp2,5,10,0.09,Methoxybenzoate 4 mM + Kan,E4,0.0388611111111111,2026-04-15 01:43:19.681243
exp2,5,10,0.225,Methoxybenzoate 4 mM + Kan,E9,0.0388611111111111,2026-04-15 01:43:19.681243
exp2,5,10,0.438,Methoxybenzoate 4 mM + Kan,F4,0.0388611111111111,2026-04-15 01:43:19.681243
exp2,5,11,0.406,Methoxybenzoate 4 mM + Kan,B4,0.038,2026-04-15 03:52:30.615931
exp2,5,11,0.135,Methoxybenzoate 4 mM + Kan,B5,0.038,2026-04-15 03:52:30.615931
exp2,5,11,0.393,Methoxybenzoate 4 mM + Kan,C4,0.038,2026-04-15 03:52:30.615931
exp2,5,11,0.398,Methoxybenzoate 4 mM + Kan,C9,0.038,2026-04-15 03:52:30.615931
exp2,5,11,0.426,Methoxybenzoate 4 mM + Kan,D4,0.038,2026-04-15 03:52:30.615931
exp2,5,11,0.058,Methoxybenzoate 4 mM + Kan,D5,0.038,2026-04-15 03:52:30.615931
exp2,5,11,0.386,Methoxybenzoate 4 mM + Kan,D9,0.038,2026-04-15 03:52:30.615931
exp2,5,11,0.383,Methoxybenzoate 4 mM + Kan,D10,0.038,2026-04-15 03:52:30.615931
exp2,5,11,0.143,Methoxybenzoate 4 mM + Kan,E4,0.038,2026-04-15 03:52:30.615931
exp2,5,11,0.285,Methoxybenzoate 4 mM + Kan,E9,0.038,2026-04-15 03:52:30.615931
exp2,5,11,0.439,Methoxybenzoate 4 mM + Kan,F4,0.038,2026-04-15 03:52:30.615931
exp2,5,12,0.398,Methoxybenzoate 4 mM + Kan,B4,0.038,2026-04-15 06:01:47.345973
exp2,5,12,0.168,Methoxybenzoate 4 mM + Kan,B5,0.038,2026-04-15 06:01:47.345973
exp2,5,12,0.393,Methoxybenzoate 4 mM + Kan,C4,0.038,2026-04-15 06:01:47.345973
exp2,5,12,0.392,Methoxybenzoate 4 mM + Kan,C9,0.038,2026-04-15 06:01:47.345973
exp2,5,12,0.423,Methoxybenzoate 4 mM + Kan,D4,0.038,2026-04-15 06:01:47.345973
exp2,5,12,0.066,Methoxybenzoate 4 mM + Kan,D5,0.038,2026-04-15 06:01:47.345973
exp2,5,12,0.387,Methoxybenzoate 4 mM + Kan,D9,0.038,2026-04-15 06:01:47.345973
exp2,5,12,0.387,Methoxybenzoate 4 mM + Kan,D10,0.038,2026-04-15 06:01:47.345973
exp2,5,12,0.161,Methoxybenzoate 4 mM + Kan,E4,0.038,2026-04-15 06:01:47.345973
exp2,5,12,0.301,Methoxybenzoate 4 mM + Kan,E9,0.038,2026-04-15 06:01:47.345973
exp2,5,12,0.437,Methoxybenzoate 4 mM + Kan,F4,0.038,2026-04-15 06:01:47.345973
exp2,6,contam,0.035,Methoxybenzoate 4 mM + Kan,B4,0.0396111111111111,2026-04-15 06:09:10.582546
exp2,6,contam,0.036,Methoxybenzoate 4 mM + Kan,B5,0.0396111111111111,2026-04-15 06:09:10.582546
exp2,6,contam,0.036,Methoxybenzoate 4 mM + Kan,C4,0.0396111111111111,2026-04-15 06:09:10.582546
exp2,6,contam,0.038,Methoxybenzoate 4 mM + Kan,C9,0.0396111111111111,2026-04-15 06:09:10.582546
exp2,6,contam,0.037,Methoxybenzoate 4 mM + Kan,D4,0.0396111111111111,2026-04-15 06:09:10.582546
exp2,6,contam,0.037,Methoxybenzoate 4 mM + Kan,D5,0.0396111111111111,2026-04-15 06:09:10.582546
exp2,6,contam,0.035,Methoxybenzoate 4 mM + Kan,D9,0.0396111111111111,2026-04-15 06:09:10.582546
exp2,6,contam,0.036,Methoxybenzoate 4 mM + Kan,D10,0.0396111111111111,2026-04-15 06:09:10.582546
exp2,6,contam,0.037,Methoxybenzoate 4 mM + Kan,E4,0.0396111111111111,2026-04-15 06:09:10.582546
exp2,6,contam,0.036,Methoxybenzoate 4 mM + Kan,E9,0.0396111111111111,2026-04-15 06:09:10.582546
exp2,6,contam,0.039,Methoxybenzoate 4 mM + Kan,F4,0.0396111111111111,2026-04-15 06:09:10.582546
exp2,6,0,0.078,Methoxybenzoate 4 mM + Kan,B4,0.0386388888888889,2026-04-15 06:24:00.329314
exp2,6,0,0.042,Methoxybenzoate 4 mM + Kan,B5,0.0386388888888889,2026-04-15 06:24:00.329314
exp2,6,0,0.073,Methoxybenzoate 4 mM + Kan,C4,0.0386388888888889,2026-04-15 06:24:00.329314
exp2,6,0,0.075,Methoxybenzoate 4 mM + Kan,C9,0.0386388888888889,2026-04-15 06:24:00.329314
exp2,6,0,0.077,Methoxybenzoate 4 mM + Kan,D4,0.0386388888888889,2026-04-15 06:24:00.329314
exp2,6,0,0.038,Methoxybenzoate 4 mM + Kan,D5,0.0386388888888889,2026-04-15 06:24:00.329314
exp2,6,0,0.073,Methoxybenzoate 4 mM + Kan,D9,0.0386388888888889,2026-04-15 06:24:00.329314
exp2,6,0,0.069,Methoxybenzoate 4 mM + Kan,D10,0.0386388888888889,2026-04-15 06:24:00.329314
exp2,6,0,0.04,Methoxybenzoate 4 mM + Kan,E4,0.0386388888888889,2026-04-15 06:24:00.329314
exp2,6,0,0.067,Methoxybenzoate 4 mM + Kan,E9,0.0386388888888889,2026-04-15 06:24:00.329314
exp2,6,0,0.076,Methoxybenzoate 4 mM + Kan,F4,0.0386388888888889,2026-04-15 06:24:00.329314
exp2,6,1,0.118,Methoxybenzoate 4 mM + Kan,B4,0.0398611111111111,2026-04-15 08:33:18.224187
exp2,6,1,0.043,Methoxybenzoate 4 mM + Kan,B5,0.0398611111111111,2026-04-15 08:33:18.224187
exp2,6,1,0.122,Methoxybenzoate 4 mM + Kan,C4,0.0398611111111111,2026-04-15 08:33:18.224187
exp2,6,1,0.114,Methoxybenzoate 4 mM + Kan,C9,0.0398611111111111,2026-04-15 08:33:18.224187
exp2,6,1,0.128,Methoxybenzoate 4 mM + Kan,D4,0.0398611111111111,2026-04-15 08:33:18.224187
exp2,6,1,0.038,Methoxybenzoate 4 mM + Kan,D5,0.0398611111111111,2026-04-15 08:33:18.224187
exp2,6,1,0.117,Methoxybenzoate 4 mM + Kan,D9,0.0398611111111111,2026-04-15 08:33:18.224187
exp2,6,1,0.131,Methoxybenzoate 4 mM + Kan,D10,0.0398611111111111,2026-04-15 08:33:18.224187
exp2,6,1,0.043,Methoxybenzoate 4 mM + Kan,E4,0.0398611111111111,2026-04-15 08:33:18.224187
exp2,6,1,0.113,Methoxybenzoate 4 mM + Kan,E9,0.0398611111111111,2026-04-15 08:33:18.224187
exp2,6,1,0.138,Methoxybenzoate 4 mM + Kan,F4,0.0398611111111111,2026-04-15 08:33:18.224187
exp2,6,2,0.183,Methoxybenzoate 4 mM + Kan,B4,0.0390833333333333,2026-04-15 10:42:47.002635
exp2,6,2,0.042,Methoxybenzoate 4 mM + Kan,B5,0.0390833333333333,2026-04-15 10:42:47.002635
exp2,6,2,0.171,Methoxybenzoate 4 mM + Kan,C4,0.0390833333333333,2026-04-15 10:42:47.002635
exp2,6,2,0.153,Methoxybenzoate 4 mM + Kan,C9,0.0390833333333333,2026-04-15 10:42:47.002635
exp2,6,2,0.184,Methoxybenzoate 4 mM + Kan,D4,0.0390833333333333,2026-04-15 10:42:47.002635
exp2,6,2,0.039,Methoxybenzoate 4 mM + Kan,D5,0.0390833333333333,2026-04-15 10:42:47.002635
exp2,6,2,0.141,Methoxybenzoate 4 mM + Kan,D9,0.0390833333333333,2026-04-15 10:42:47.002635
exp2,6,2,0.182,Methoxybenzoate 4 mM + Kan,D10,0.0390833333333333,2026-04-15 10:42:47.002635
exp2,6,2,0.044,Methoxybenzoate 4 mM + Kan,E4,0.0390833333333333,2026-04-15 10:42:47.002635
exp2,6,2,0.165,Methoxybenzoate 4 mM + Kan,E9,0.0390833333333333,2026-04-15 10:42:47.002635
exp2,6,2,0.194,Methoxybenzoate 4 mM + Kan,F4,0.0390833333333333,2026-04-15 10:42:47.002635
exp2,6,3,0.204,Methoxybenzoate 4 mM + Kan,B4,0.0395277777777777,2026-04-15 12:55:05.335416
exp2,6,3,0.046,Methoxybenzoate 4 mM + Kan,B5,0.0395277777777777,2026-04-15 12:55:05.335416
exp2,6,3,0.188,Methoxybenzoate 4 mM + Kan,C4,0.0395277777777777,2026-04-15 12:55:05.335416
exp2,6,3,0.165,Methoxybenzoate 4 mM + Kan,C9,0.0395277777777777,2026-04-15 12:55:05.335416
exp2,6,3,0.207,Methoxybenzoate 4 mM + Kan,D4,0.0395277777777777,2026-04-15 12:55:05.335416
exp2,6,3,0.041,Methoxybenzoate 4 mM + Kan,D5,0.0395277777777777,2026-04-15 12:55:05.335416
exp2,6,3,0.159,Methoxybenzoate 4 mM + Kan,D9,0.0395277777777777,2026-04-15 12:55:05.335416
exp2,6,3,0.207,Methoxybenzoate 4 mM + Kan,D10,0.0395277777777777,2026-04-15 12:55:05.335416
exp2,6,3,0.048,Methoxybenzoate 4 mM + Kan,E4,0.0395277777777777,2026-04-15 12:55:05.335416
exp2,6,3,0.196,Methoxybenzoate 4 mM + Kan,E9,0.0395277777777777,2026-04-15 12:55:05.335416
exp2,6,3,0.215,Methoxybenzoate 4 mM + Kan,F4,0.0395277777777777,2026-04-15 12:55:05.335416
exp2,6,4,0.237,Methoxybenzoate 4 mM + Kan,B4,0.0394166666666666,2026-04-15 15:04:20.946785
exp2,6,4,0.047,Methoxybenzoate 4 mM + Kan,B5,0.0394166666666666,2026-04-15 15:04:20.946785
exp2,6,4,0.201,Methoxybenzoate 4 mM + Kan,C4,0.0394166666666666,2026-04-15 15:04:20.946785
exp2,6,4,0.175,Methoxybenzoate 4 mM + Kan,C9,0.0394166666666666,2026-04-15 15:04:20.946785
exp2,6,4,0.227,Methoxybenzoate 4 mM + Kan,D4,0.0394166666666666,2026-04-15 15:04:20.946785
exp2,6,4,0.041,Methoxybenzoate 4 mM + Kan,D5,0.0394166666666666,2026-04-15 15:04:20.946785
exp2,6,4,0.159,Methoxybenzoate 4 mM + Kan,D9,0.0394166666666666,2026-04-15 15:04:20.946785
exp2,6,4,0.233,Methoxybenzoate 4 mM + Kan,D10,0.0394166666666666,2026-04-15 15:04:20.946785
exp2,6,4,0.051,Methoxybenzoate 4 mM + Kan,E4,0.0394166666666666,2026-04-15 15:04:20.946785
exp2,6,4,0.231,Methoxybenzoate 4 mM + Kan,E9,0.0394166666666666,2026-04-15 15:04:20.946785
exp2,6,4,0.242,Methoxybenzoate 4 mM + Kan,F4,0.0394166666666666,2026-04-15 15:04:20.946785
exp2,6,5,0.277,Methoxybenzoate 4 mM + Kan,B4,0.0389722222222222,2026-04-15 17:13:47.050017
exp2,6,5,0.052,Methoxybenzoate 4 mM + Kan,B5,0.0389722222222222,2026-04-15 17:13:47.050017
exp2,6,5,0.218,Methoxybenzoate 4 mM + Kan,C4,0.0389722222222222,2026-04-15 17:13:47.050017
exp2,6,5,0.187,Methoxybenzoate 4 mM + Kan,C9,0.0389722222222222,2026-04-15 17:13:47.050017
exp2,6,5,0.256,Methoxybenzoate 4 mM + Kan,D4,0.0389722222222222,2026-04-15 17:13:47.050017
exp2,6,5,0.041,Methoxybenzoate 4 mM + Kan,D5,0.0389722222222222,2026-04-15 17:13:47.050017
exp2,6,5,0.184,Methoxybenzoate 4 mM + Kan,D9,0.0389722222222222,2026-04-15 17:13:47.050017
exp2,6,5,0.27,Methoxybenzoate 4 mM + Kan,D10,0.0389722222222222,2026-04-15 17:13:47.050017
exp2,6,5,0.058,Methoxybenzoate 4 mM + Kan,E4,0.0389722222222222,2026-04-15 17:13:47.050017
exp2,6,5,0.289,Methoxybenzoate 4 mM + Kan,E9,0.0389722222222222,2026-04-15 17:13:47.050017
exp2,6,5,0.284,Methoxybenzoate 4 mM + Kan,F4,0.0389722222222222,2026-04-15 17:13:47.050017
exp2,6,6,0.32,Methoxybenzoate 4 mM + Kan,B4,0.0385,2026-04-15 19:23:21.404893
exp2,6,6,0.059,Methoxybenzoate 4 mM + Kan,B5,0.0385,2026-04-15 19:23:21.404893
exp2,6,6,0.243,Methoxybenzoate 4 mM + Kan,C4,0.0385,2026-04-15 19:23:21.404893
exp2,6,6,0.199,Methoxybenzoate 4 mM + Kan,C9,0.0385,2026-04-15 19:23:21.404893
exp2,6,6,0.283,Methoxybenzoate 4 mM + Kan,D4,0.0385,2026-04-15 19:23:21.404893
exp2,6,6,0.044,Methoxybenzoate 4 mM + Kan,D5,0.0385,2026-04-15 19:23:21.404893
exp2,6,6,0.2,Methoxybenzoate 4 mM + Kan,D9,0.0385,2026-04-15 19:23:21.404893
exp2,6,6,0.309,Methoxybenzoate 4 mM + Kan,D10,0.0385,2026-04-15 19:23:21.404893
exp2,6,6,0.065,Methoxybenzoate 4 mM + Kan,E4,0.0385,2026-04-15 19:23:21.404893
exp2,6,6,0.345,Methoxybenzoate 4 mM + Kan,E9,0.0385,2026-04-15 19:23:21.404893
exp2,6,6,0.33,Methoxybenzoate 4 mM + Kan,F4,0.0385,2026-04-15 19:23:21.404893
exp2,6,7,0.373,Methoxybenzoate 4 mM + Kan,B4,0.0388611111111111,2026-04-15 21:32:30.079433
exp2,6,7,0.065,Methoxybenzoate 4 mM + Kan,B5,0.0388611111111111,2026-04-15 21:32:30.079433
exp2,6,7,0.284,Methoxybenzoate 4 mM + Kan,C4,0.0388611111111111,2026-04-15 21:32:30.079433
exp2,6,7,0.217,Methoxybenzoate 4 mM + Kan,C9,0.0388611111111111,2026-04-15 21:32:30.079433
exp2,6,7,0.312,Methoxybenzoate 4 mM + Kan,D4,0.0388611111111111,2026-04-15 21:32:30.079433
exp2,6,7,0.046,Methoxybenzoate 4 mM + Kan,D5,0.0388611111111111,2026-04-15 21:32:30.079433
exp2,6,7,0.221,Methoxybenzoate 4 mM + Kan,D9,0.0388611111111111,2026-04-15 21:32:30.079433
exp2,6,7,0.352,Methoxybenzoate 4 mM + Kan,D10,0.0388611111111111,2026-04-15 21:32:30.079433
exp2,6,7,0.073,Methoxybenzoate 4 mM + Kan,E4,0.0388611111111111,2026-04-15 21:32:30.079433
exp2,6,7,0.383,Methoxybenzoate 4 mM + Kan,E9,0.0388611111111111,2026-04-15 21:32:30.079433
exp2,6,7,0.384,Methoxybenzoate 4 mM + Kan,F4,0.0388611111111111,2026-04-15 21:32:30.079433
exp2,6,8,0.406,Methoxybenzoate 4 mM + Kan,B4,0.0387499999999999,2026-04-15 23:50:36.541444
exp2,6,8,0.12,Methoxybenzoate 4 mM + Kan,B5,0.0387499999999999,2026-04-15 23:50:36.541444
exp2,6,8,0.339,Methoxybenzoate 4 mM + Kan,C4,0.0387499999999999,2026-04-15 23:50:36.541444
exp2,6,8,0.244,Methoxybenzoate 4 mM + Kan,C9,0.0387499999999999,2026-04-15 23:50:36.541444
exp2,6,8,0.348,Methoxybenzoate 4 mM + Kan,D4,0.0387499999999999,2026-04-15 23:50:36.541444
exp2,6,8,0.05,Methoxybenzoate 4 mM + Kan,D5,0.0387499999999999,2026-04-15 23:50:36.541444
exp2,6,8,0.26,Methoxybenzoate 4 mM + Kan,D9,0.0387499999999999,2026-04-15 23:50:36.541444
exp2,6,8,0.406,Methoxybenzoate 4 mM + Kan,D10,0.0387499999999999,2026-04-15 23:50:36.541444
exp2,6,8,0.141,Methoxybenzoate 4 mM + Kan,E4,0.0387499999999999,2026-04-15 23:50:36.541444
exp2,6,8,0.39,Methoxybenzoate 4 mM + Kan,E9,0.0387499999999999,2026-04-15 23:50:36.541444
exp2,6,8,0.434,Methoxybenzoate 4 mM + Kan,F4,0.0387499999999999,2026-04-15 23:50:36.541444
exp2,6,9,0.413,Methoxybenzoate 4 mM + Kan,B4,0.0393055555555555,2026-04-16 02:00:03.007418
exp2,6,9,0.16,Methoxybenzoate 4 mM + Kan,B5,0.0393055555555555,2026-04-16 02:00:03.007418
exp2,6,9,0.393,Methoxybenzoate 4 mM + Kan,C4,0.0393055555555555,2026-04-16 02:00:03.007418
exp2,6,9,0.28,Methoxybenzoate 4 mM + Kan,C9,0.0393055555555555,2026-04-16 02:00:03.007418
exp2,6,9,0.409,Methoxybenzoate 4 mM + Kan,D4,0.0393055555555555,2026-04-16 02:00:03.007418
exp2,6,9,0.06,Methoxybenzoate 4 mM + Kan,D5,0.0393055555555555,2026-04-16 02:00:03.007418
exp2,6,9,0.295,Methoxybenzoate 4 mM + Kan,D9,0.0393055555555555,2026-04-16 02:00:03.007418
exp2,6,9,0.409,Methoxybenzoate 4 mM + Kan,D10,0.0393055555555555,2026-04-16 02:00:03.007418
exp2,6,9,0.173,Methoxybenzoate 4 mM + Kan,E4,0.0393055555555555,2026-04-16 02:00:03.007418
exp2,6,9,0.392,Methoxybenzoate 4 mM + Kan,E9,0.0393055555555555,2026-04-16 02:00:03.007418
exp2,6,9,0.436,Methoxybenzoate 4 mM + Kan,F4,0.0393055555555555,2026-04-16 02:00:03.007418
exp2,6,10,0.416,Methoxybenzoate 4 mM + Kan,B4,0.0393888888888888,2026-04-16 04:09:34.848405
exp2,6,10,0.187,Methoxybenzoate 4 mM + Kan,B5,0.0393888888888888,2026-04-16 04:09:34.848405
exp2,6,10,0.408,Methoxybenzoate 4 mM + Kan,C4,0.0393888888888888,2026-04-16 04:09:34.848405
exp2,6,10,0.325,Methoxybenzoate 4 mM + Kan,C9,0.0393888888888888,2026-04-16 04:09:34.848405
exp2,6,10,0.436,Methoxybenzoate 4 mM + Kan,D4,0.0393888888888888,2026-04-16 04:09:34.848405
exp2,6,10,0.072,Methoxybenzoate 4 mM + Kan,D5,0.0393888888888888,2026-04-16 04:09:34.848405
exp2,6,10,0.357,Methoxybenzoate 4 mM + Kan,D9,0.0393888888888888,2026-04-16 04:09:34.848405
exp2,6,10,0.41,Methoxybenzoate 4 mM + Kan,D10,0.0393888888888888,2026-04-16 04:09:34.848405
exp2,6,10,0.208,Methoxybenzoate 4 mM + Kan,E4,0.0393888888888888,2026-04-16 04:09:34.848405
exp2,6,10,0.392,Methoxybenzoate 4 mM + Kan,E9,0.0393888888888888,2026-04-16 04:09:34.848405
exp2,6,10,0.44,Methoxybenzoate 4 mM + Kan,F4,0.0393888888888888,2026-04-16 04:09:34.848405
exp2,6,11,0.417,Methoxybenzoate 4 mM + Kan,B4,0.0396388888888888,2026-04-16 06:19:18.482541
exp2,6,11,0.221,Methoxybenzoate 4 mM + Kan,B5,0.0396388888888888,2026-04-16 06:19:18.482541
exp2,6,11,0.414,Methoxybenzoate 4 mM + Kan,C4,0.0396388888888888,2026-04-16 06:19:18.482541
exp2,6,11,0.378,Methoxybenzoate 4 mM + Kan,C9,0.0396388888888888,2026-04-16 06:19:18.482541
exp2,6,11,0.438,Methoxybenzoate 4 mM + Kan,D4,0.0396388888888888,2026-04-16 06:19:18.482541
exp2,6,11,0.144,Methoxybenzoate 4 mM + Kan,D5,0.0396388888888888,2026-04-16 06:19:18.482541
exp2,6,11,0.392,Methoxybenzoate 4 mM + Kan,D9,0.0396388888888888,2026-04-16 06:19:18.482541
exp2,6,11,0.412,Methoxybenzoate 4 mM + Kan,D10,0.0396388888888888,2026-04-16 06:19:18.482541
exp2,6,11,0.253,Methoxybenzoate 4 mM + Kan,E4,0.0396388888888888,2026-04-16 06:19:18.482541
exp2,6,11,0.393,Methoxybenzoate 4 mM + Kan,E9,0.0396388888888888,2026-04-16 06:19:18.482541
exp2,6,11,0.441,Methoxybenzoate 4 mM + Kan,F4,0.0396388888888888,2026-04-16 06:19:18.482541
exp2,6,12,0.419,Methoxybenzoate 4 mM + Kan,B4,0.0411111111111111,2026-04-16 08:28:25.911437
exp2,6,12,0.27,Methoxybenzoate 4 mM + Kan,B5,0.0411111111111111,2026-04-16 08:28:25.911437
exp2,6,12,0.413,Methoxybenzoate 4 mM + Kan,C4,0.0411111111111111,2026-04-16 08:28:25.911437
exp2,6,12,0.4,Methoxybenzoate 4 mM + Kan,C9,0.0411111111111111,2026-04-16 08:28:25.911437
exp2,6,12,0.44,Methoxybenzoate 4 mM + Kan,D4,0.0411111111111111,2026-04-16 08:28:25.911437
exp2,6,12,0.181,Methoxybenzoate 4 mM + Kan,D5,0.0411111111111111,2026-04-16 08:28:25.911437
exp2,6,12,0.407,Methoxybenzoate 4 mM + Kan,D9,0.0411111111111111,2026-04-16 08:28:25.911437
exp2,6,12,0.411,Methoxybenzoate 4 mM + Kan,D10,0.0411111111111111,2026-04-16 08:28:25.911437
exp2,6,12,0.312,Methoxybenzoate 4 mM + Kan,E4,0.0411111111111111,2026-04-16 08:28:25.911437
exp2,6,12,0.392,Methoxybenzoate 4 mM + Kan,E9,0.0411111111111111,2026-04-16 08:28:25.911437
exp2,6,12,0.447,Methoxybenzoate 4 mM + Kan,F4,0.0411111111111111,2026-04-16 08:28:25.911437
exp2,7,contam,0.037,Methoxybenzoate 4 mM + Kan,B4,0.038,2026-04-16 08:35:37.575989
exp2,7,contam,0.036,Methoxybenzoate 4 mM + Kan,B5,0.038,2026-04-16 08:35:37.575989
exp2,7,contam,0.036,Methoxybenzoate 4 mM + Kan,C4,0.038,2026-04-16 08:35:37.575989
exp2,7,contam,0.038,Methoxybenzoate 4 mM + Kan,C9,0.038,2026-04-16 08:35:37.575989
exp2,7,contam,0.037,Methoxybenzoate 4 mM + Kan,D4,0.038,2026-04-16 08:35:37.575989
exp2,7,contam,0.033,Methoxybenzoate 4 mM + Kan,D5,0.038,2026-04-16 08:35:37.575989
exp2,7,contam,0.037,Methoxybenzoate 4 mM + Kan,D9,0.038,2026-04-16 08:35:37.575989
exp2,7,contam,0.035,Methoxybenzoate 4 mM + Kan,D10,0.038,2026-04-16 08:35:37.575989
exp2,7,contam,0.036,Methoxybenzoate 4 mM + Kan,E4,0.038,2026-04-16 08:35:37.575989
exp2,7,contam,0.034,Methoxybenzoate 4 mM + Kan,E9,0.038,2026-04-16 08:35:37.575989
exp2,7,contam,0.036,Methoxybenzoate 4 mM + Kan,F4,0.038,2026-04-16 08:35:37.575989
exp2,7,0,0.076,Methoxybenzoate 4 mM + Kan,B4,0.0375833333333333,2026-04-16 08:50:40.111508
exp2,7,0,0.07,Methoxybenzoate 4 mM + Kan,B5,0.0375833333333333,2026-04-16 08:50:40.111508
exp2,7,0,0.077,Methoxybenzoate 4 mM + Kan,C4,0.0375833333333333,2026-04-16 08:50:40.111508
exp2,7,0,0.074,Methoxybenzoate 4 mM + Kan,C9,0.0375833333333333,2026-04-16 08:50:40.111508
exp2,7,0,0.071,Methoxybenzoate 4 mM + Kan,D4,0.0375833333333333,2026-04-16 08:50:40.111508
exp2,7,0,0.039,Methoxybenzoate 4 mM + Kan,D5,0.0375833333333333,2026-04-16 08:50:40.111508
exp2,7,0,0.075,Methoxybenzoate 4 mM + Kan,D9,0.0375833333333333,2026-04-16 08:50:40.111508
exp2,7,0,0.069,Methoxybenzoate 4 mM + Kan,D10,0.0375833333333333,2026-04-16 08:50:40.111508
exp2,7,0,0.07,Methoxybenzoate 4 mM + Kan,E4,0.0375833333333333,2026-04-16 08:50:40.111508
exp2,7,0,0.07,Methoxybenzoate 4 mM + Kan,E9,0.0375833333333333,2026-04-16 08:50:40.111508
exp2,7,0,0.071,Methoxybenzoate 4 mM + Kan,F4,0.0375833333333333,2026-04-16 08:50:40.111508
exp2,7,1,0.123,Methoxybenzoate 4 mM + Kan,B4,0.0370833333333333,2026-04-16 11:00:07.152831
exp2,7,1,0.119,Methoxybenzoate 4 mM + Kan,B5,0.0370833333333333,2026-04-16 11:00:07.152831
exp2,7,1,0.128,Methoxybenzoate 4 mM + Kan,C4,0.0370833333333333,2026-04-16 11:00:07.152831
exp2,7,1,0.127,Methoxybenzoate 4 mM + Kan,C9,0.0370833333333333,2026-04-16 11:00:07.152831
exp2,7,1,0.133,Methoxybenzoate 4 mM + Kan,D4,0.0370833333333333,2026-04-16 11:00:07.152831
exp2,7,1,0.04,Methoxybenzoate 4 mM + Kan,D5,0.0370833333333333,2026-04-16 11:00:07.152831
exp2,7,1,0.122,Methoxybenzoate 4 mM + Kan,D9,0.0370833333333333,2026-04-16 11:00:07.152831
exp2,7,1,0.117,Methoxybenzoate 4 mM + Kan,D10,0.0370833333333333,2026-04-16 11:00:07.152831
exp2,7,1,0.129,Methoxybenzoate 4 mM + Kan,E4,0.0370833333333333,2026-04-16 11:00:07.152831
exp2,7,1,0.112,Methoxybenzoate 4 mM + Kan,E9,0.0370833333333333,2026-04-16 11:00:07.152831
exp2,7,1,0.135,Methoxybenzoate 4 mM + Kan,F4,0.0370833333333333,2026-04-16 11:00:07.152831
exp2,7,2,0.188,Methoxybenzoate 4 mM + Kan,B4,0.0392222222222222,2026-04-16 13:09:35.744313
exp2,7,2,0.206,Methoxybenzoate 4 mM + Kan,B5,0.0392222222222222,2026-04-16 13:09:35.744313
exp2,7,2,0.177,Methoxybenzoate 4 mM + Kan,C4,0.0392222222222222,2026-04-16 13:09:35.744313
exp2,7,2,0.188,Methoxybenzoate 4 mM + Kan,C9,0.0392222222222222,2026-04-16 13:09:35.744313
exp2,7,2,0.204,Methoxybenzoate 4 mM + Kan,D4,0.0392222222222222,2026-04-16 13:09:35.744313
exp2,7,2,0.045,Methoxybenzoate 4 mM + Kan,D5,0.0392222222222222,2026-04-16 13:09:35.744313
exp2,7,2,0.194,Methoxybenzoate 4 mM + Kan,D9,0.0392222222222222,2026-04-16 13:09:35.744313
exp2,7,2,0.165,Methoxybenzoate 4 mM + Kan,D10,0.0392222222222222,2026-04-16 13:09:35.744313
exp2,7,2,0.215,Methoxybenzoate 4 mM + Kan,E4,0.0392222222222222,2026-04-16 13:09:35.744313
exp2,7,2,0.142,Methoxybenzoate 4 mM + Kan,E9,0.0392222222222222,2026-04-16 13:09:35.744313
exp2,7,2,0.195,Methoxybenzoate 4 mM + Kan,F4,0.0392222222222222,2026-04-16 13:09:35.744313
exp2,7,3,0.221,Methoxybenzoate 4 mM + Kan,B4,0.0385833333333333,2026-04-16 15:25:21.872578
exp2,7,3,0.238,Methoxybenzoate 4 mM + Kan,B5,0.0385833333333333,2026-04-16 15:25:21.872578
exp2,7,3,0.195,Methoxybenzoate 4 mM + Kan,C4,0.0385833333333333,2026-04-16 15:25:21.872578
exp2,7,3,0.22,Methoxybenzoate 4 mM + Kan,C9,0.0385833333333333,2026-04-16 15:25:21.872578
exp2,7,3,0.239,Methoxybenzoate 4 mM + Kan,D4,0.0385833333333333,2026-04-16 15:25:21.872578
exp2,7,3,0.047,Methoxybenzoate 4 mM + Kan,D5,0.0385833333333333,2026-04-16 15:25:21.872578
exp2,7,3,0.221,Methoxybenzoate 4 mM + Kan,D9,0.0385833333333333,2026-04-16 15:25:21.872578
exp2,7,3,0.178,Methoxybenzoate 4 mM + Kan,D10,0.0385833333333333,2026-04-16 15:25:21.872578
exp2,7,3,0.25,Methoxybenzoate 4 mM + Kan,E4,0.0385833333333333,2026-04-16 15:25:21.872578
exp2,7,3,0.155,Methoxybenzoate 4 mM + Kan,E9,0.0385833333333333,2026-04-16 15:25:21.872578
exp2,7,3,0.222,Methoxybenzoate 4 mM + Kan,F4,0.0385833333333333,2026-04-16 15:25:21.872578
exp2,7,4,0.257,Methoxybenzoate 4 mM + Kan,B4,0.0385,2026-04-16 17:34:36.509658
exp2,7,4,0.275,Methoxybenzoate 4 mM + Kan,B5,0.0385,2026-04-16 17:34:36.509658
exp2,7,4,0.208,Methoxybenzoate 4 mM + Kan,C4,0.0385,2026-04-16 17:34:36.509658
exp2,7,4,0.253,Methoxybenzoate 4 mM + Kan,C9,0.0385,2026-04-16 17:34:36.509658
exp2,7,4,0.291,Methoxybenzoate 4 mM + Kan,D4,0.0385,2026-04-16 17:34:36.509658
exp2,7,4,0.05,Methoxybenzoate 4 mM + Kan,D5,0.0385,2026-04-16 17:34:36.509658
exp2,7,4,0.25,Methoxybenzoate 4 mM + Kan,D9,0.0385,2026-04-16 17:34:36.509658
exp2,7,4,0.194,Methoxybenzoate 4 mM + Kan,D10,0.0385,2026-04-16 17:34:36.509658
exp2,7,4,0.286,Methoxybenzoate 4 mM + Kan,E4,0.0385,2026-04-16 17:34:36.509658
exp2,7,4,0.166,Methoxybenzoate 4 mM + Kan,E9,0.0385,2026-04-16 17:34:36.509658
exp2,7,4,0.26,Methoxybenzoate 4 mM + Kan,F4,0.0385,2026-04-16 17:34:36.509658
exp2,7,5,0.301,Methoxybenzoate 4 mM + Kan,B4,0.0392222222222222,2026-04-16 19:44:02.247423
exp2,7,5,0.316,Methoxybenzoate 4 mM + Kan,B5,0.0392222222222222,2026-04-16 19:44:02.247423
exp2,7,5,0.224,Methoxybenzoate 4 mM + Kan,C4,0.0392222222222222,2026-04-16 19:44:02.247423
exp2,7,5,0.302,Methoxybenzoate 4 mM + Kan,C9,0.0392222222222222,2026-04-16 19:44:02.247423
exp2,7,5,0.355,Methoxybenzoate 4 mM + Kan,D4,0.0392222222222222,2026-04-16 19:44:02.247423
exp2,7,5,0.055,Methoxybenzoate 4 mM + Kan,D5,0.0392222222222222,2026-04-16 19:44:02.247423
exp2,7,5,0.299,Methoxybenzoate 4 mM + Kan,D9,0.0392222222222222,2026-04-16 19:44:02.247423
exp2,7,5,0.206,Methoxybenzoate 4 mM + Kan,D10,0.0392222222222222,2026-04-16 19:44:02.247423
exp2,7,5,0.332,Methoxybenzoate 4 mM + Kan,E4,0.0392222222222222,2026-04-16 19:44:02.247423
exp2,7,5,0.18,Methoxybenzoate 4 mM + Kan,E9,0.0392222222222222,2026-04-16 19:44:02.247423
exp2,7,5,0.309,Methoxybenzoate 4 mM + Kan,F4,0.0392222222222222,2026-04-16 19:44:02.247423
exp2,7,6,0.353,Methoxybenzoate 4 mM + Kan,B4,0.0386666666666666,2026-04-16 21:53:06.984120
exp2,7,6,0.367,Methoxybenzoate 4 mM + Kan,B5,0.0386666666666666,2026-04-16 21:53:06.984120
exp2,7,6,0.24,Methoxybenzoate 4 mM + Kan,C4,0.0386666666666666,2026-04-16 21:53:06.984120
exp2,7,6,0.358,Methoxybenzoate 4 mM + Kan,C9,0.0386666666666666,2026-04-16 21:53:06.984120
exp2,7,6,0.421,Methoxybenzoate 4 mM + Kan,D4,0.0386666666666666,2026-04-16 21:53:06.984120
exp2,7,6,0.063,Methoxybenzoate 4 mM + Kan,D5,0.0386666666666666,2026-04-16 21:53:06.984120
exp2,7,6,0.351,Methoxybenzoate 4 mM + Kan,D9,0.0386666666666666,2026-04-16 21:53:06.984120
exp2,7,6,0.217,Methoxybenzoate 4 mM + Kan,D10,0.0386666666666666,2026-04-16 21:53:06.984120
exp2,7,6,0.382,Methoxybenzoate 4 mM + Kan,E4,0.0386666666666666,2026-04-16 21:53:06.984120
exp2,7,6,0.192,Methoxybenzoate 4 mM + Kan,E9,0.0386666666666666,2026-04-16 21:53:06.984120
exp2,7,6,0.359,Methoxybenzoate 4 mM + Kan,F4,0.0386666666666666,2026-04-16 21:53:06.984120
exp2,7,7,0.408,Methoxybenzoate 4 mM + Kan,B4,0.0382222222222222,2026-04-17 00:02:39.253799
exp2,7,7,0.406,Methoxybenzoate 4 mM + Kan,B5,0.0382222222222222,2026-04-17 00:02:39.253799
exp2,7,7,0.26,Methoxybenzoate 4 mM + Kan,C4,0.0382222222222222,2026-04-17 00:02:39.253799
exp2,7,7,0.413,Methoxybenzoate 4 mM + Kan,C9,0.0382222222222222,2026-04-17 00:02:39.253799
exp2,7,7,0.438,Methoxybenzoate 4 mM + Kan,D4,0.0382222222222222,2026-04-17 00:02:39.253799
exp2,7,7,0.104,Methoxybenzoate 4 mM + Kan,D5,0.0382222222222222,2026-04-17 00:02:39.253799
exp2,7,7,0.404,Methoxybenzoate 4 mM + Kan,D9,0.0382222222222222,2026-04-17 00:02:39.253799
exp2,7,7,0.234,Methoxybenzoate 4 mM + Kan,D10,0.0382222222222222,2026-04-17 00:02:39.253799
exp2,7,7,0.409,Methoxybenzoate 4 mM + Kan,E4,0.0382222222222222,2026-04-17 00:02:39.253799
exp2,7,7,0.208,Methoxybenzoate 4 mM + Kan,E9,0.0382222222222222,2026-04-17 00:02:39.253799
exp2,7,7,0.414,Methoxybenzoate 4 mM + Kan,F4,0.0382222222222222,2026-04-17 00:02:39.253799
exp2,7,8,0.414,Methoxybenzoate 4 mM + Kan,B4,0.0379722222222222,2026-04-17 02:21:06.528630
exp2,7,8,0.406,Methoxybenzoate 4 mM + Kan,B5,0.0379722222222222,2026-04-17 02:21:06.528630
exp2,7,8,0.295,Methoxybenzoate 4 mM + Kan,C4,0.0379722222222222,2026-04-17 02:21:06.528630
exp2,7,8,0.417,Methoxybenzoate 4 mM + Kan,C9,0.0379722222222222,2026-04-17 02:21:06.528630
exp2,7,8,0.442,Methoxybenzoate 4 mM + Kan,D4,0.0379722222222222,2026-04-17 02:21:06.528630
exp2,7,8,0.148,Methoxybenzoate 4 mM + Kan,D5,0.0379722222222222,2026-04-17 02:21:06.528630
exp2,7,8,0.419,Methoxybenzoate 4 mM + Kan,D9,0.0379722222222222,2026-04-17 02:21:06.528630
exp2,7,8,0.255,Methoxybenzoate 4 mM + Kan,D10,0.0379722222222222,2026-04-17 02:21:06.528630
exp2,7,8,0.412,Methoxybenzoate 4 mM + Kan,E4,0.0379722222222222,2026-04-17 02:21:06.528630
exp2,7,8,0.228,Methoxybenzoate 4 mM + Kan,E9,0.0379722222222222,2026-04-17 02:21:06.528630
exp2,7,8,0.436,Methoxybenzoate 4 mM + Kan,F4,0.0379722222222222,2026-04-17 02:21:06.528630
exp2,7,9,0.42,Methoxybenzoate 4 mM + Kan,B4,0.037,2026-04-17 04:39:49.331270
exp2,7,9,0.412,Methoxybenzoate 4 mM + Kan,B5,0.037,2026-04-17 04:39:49.331270
exp2,7,9,0.346,Methoxybenzoate 4 mM + Kan,C4,0.037,2026-04-17 04:39:49.331270
exp2,7,9,0.421,Methoxybenzoate 4 mM + Kan,C9,0.037,2026-04-17 04:39:49.331270
exp2,7,9,0.443,Methoxybenzoate 4 mM + Kan,D4,0.037,2026-04-17 04:39:49.331270
exp2,7,9,0.18,Methoxybenzoate 4 mM + Kan,D5,0.037,2026-04-17 04:39:49.331270
exp2,7,9,0.427,Methoxybenzoate 4 mM + Kan,D9,0.037,2026-04-17 04:39:49.331270
exp2,7,9,0.286,Methoxybenzoate 4 mM + Kan,D10,0.037,2026-04-17 04:39:49.331270
exp2,7,9,0.414,Methoxybenzoate 4 mM + Kan,E4,0.037,2026-04-17 04:39:49.331270
exp2,7,9,0.26,Methoxybenzoate 4 mM + Kan,E9,0.037,2026-04-17 04:39:49.331270
exp2,7,9,0.441,Methoxybenzoate 4 mM + Kan,F4,0.037,2026-04-17 04:39:49.331270
exp2,7,10,0.427,Methoxybenzoate 4 mM + Kan,B4,0.0375277777777777,2026-04-17 06:49:17.391738
exp2,7,10,0.415,Methoxybenzoate 4 mM + Kan,B5,0.0375277777777777,2026-04-17 06:49:17.391738
exp2,7,10,0.409,Methoxybenzoate 4 mM + Kan,C4,0.0375277777777777,2026-04-17 06:49:17.391738
exp2,7,10,0.423,Methoxybenzoate 4 mM + Kan,C9,0.0375277777777777,2026-04-17 06:49:17.391738
exp2,7,10,0.446,Methoxybenzoate 4 mM + Kan,D4,0.0375277777777777,2026-04-17 06:49:17.391738
exp2,7,10,0.208,Methoxybenzoate 4 mM + Kan,D5,0.0375277777777777,2026-04-17 06:49:17.391738
exp2,7,10,0.426,Methoxybenzoate 4 mM + Kan,D9,0.0375277777777777,2026-04-17 06:49:17.391738
exp2,7,10,0.327,Methoxybenzoate 4 mM + Kan,D10,0.0375277777777777,2026-04-17 06:49:17.391738
exp2,7,10,0.419,Methoxybenzoate 4 mM + Kan,E4,0.0375277777777777,2026-04-17 06:49:17.391738
exp2,7,10,0.304,Methoxybenzoate 4 mM + Kan,E9,0.0375277777777777,2026-04-17 06:49:17.391738
exp2,7,10,0.444,Methoxybenzoate 4 mM + Kan,F4,0.0375277777777777,2026-04-17 06:49:17.391738
exp2,7,11,0.426,Methoxybenzoate 4 mM + Kan,B4,0.0391111111111111,2026-04-17 08:58:21.174363
exp2,7,11,0.414,Methoxybenzoate 4 mM + Kan,B5,0.0391111111111111,2026-04-17 08:58:21.174363
exp2,7,11,0.415,Methoxybenzoate 4 mM + Kan,C4,0.0391111111111111,2026-04-17 08:58:21.174363
exp2,7,11,0.418,Methoxybenzoate 4 mM + Kan,C9,0.0391111111111111,2026-04-17 08:58:21.174363
exp2,7,11,0.444,Methoxybenzoate 4 mM + Kan,D4,0.0391111111111111,2026-04-17 08:58:21.174363
exp2,7,11,0.259,Methoxybenzoate 4 mM + Kan,D5,0.0391111111111111,2026-04-17 08:58:21.174363
exp2,7,11,0.424,Methoxybenzoate 4 mM + Kan,D9,0.0391111111111111,2026-04-17 08:58:21.174363
exp2,7,11,0.377,Methoxybenzoate 4 mM + Kan,D10,0.0391111111111111,2026-04-17 08:58:21.174363
exp2,7,11,0.418,Methoxybenzoate 4 mM + Kan,E4,0.0391111111111111,2026-04-17 08:58:21.174363
exp2,7,11,0.362,Methoxybenzoate 4 mM + Kan,E9,0.0391111111111111,2026-04-17 08:58:21.174363
exp2,7,11,0.445,Methoxybenzoate 4 mM + Kan,F4,0.0391111111111111,2026-04-17 08:58:21.174363
exp2,7,12,0.421,Methoxybenzoate 4 mM + Kan,B4,0.0373888888888888,2026-04-17 11:08:04.407263
exp2,7,12,0.408,Methoxybenzoate 4 mM + Kan,B5,0.0373888888888888,2026-04-17 11:08:04.407263
exp2,7,12,0.412,Methoxybenzoate 4 mM + Kan,C4,0.0373888888888888,2026-04-17 11:08:04.407263
exp2,7,12,0.415,Methoxybenzoate 4 mM + Kan,C9,0.0373888888888888,2026-04-17 11:08:04.407263
exp2,7,12,0.437,Methoxybenzoate 4 mM + Kan,D4,0.0373888888888888,2026-04-17 11:08:04.407263
exp2,7,12,0.307,Methoxybenzoate 4 mM + Kan,D5,0.0373888888888888,2026-04-17 11:08:04.407263
exp2,7,12,0.417,Methoxybenzoate 4 mM + Kan,D9,0.0373888888888888,2026-04-17 11:08:04.407263
exp2,7,12,0.386,Methoxybenzoate 4 mM + Kan,D10,0.0373888888888888,2026-04-17 11:08:04.407263
exp2,7,12,0.411,Methoxybenzoate 4 mM + Kan,E4,0.0373888888888888,2026-04-17 11:08:04.407263
exp2,7,12,0.36,Methoxybenzoate 4 mM + Kan,E9,0.0373888888888888,2026-04-17 11:08:04.407263
exp2,7,12,0.44,Methoxybenzoate 4 mM + Kan,F4,0.0373888888888888,2026-04-17 11:08:04.407263
exp2,8,contam,0.038,Methoxybenzoate 4 mM + Kan,B4,0.0392222222222222,2026-04-17 11:15:24.875675
exp2,8,contam,0.039,Methoxybenzoate 4 mM + Kan,B5,0.0392222222222222,2026-04-17 11:15:24.875675
exp2,8,contam,0.037,Methoxybenzoate 4 mM + Kan,C4,0.0392222222222222,2026-04-17 11:15:24.875675
exp2,8,contam,0.039,Methoxybenzoate 4 mM + Kan,C9,0.0392222222222222,2026-04-17 11:15:24.875675
exp2,8,contam,0.039,Methoxybenzoate 4 mM + Kan,D4,0.0392222222222222,2026-04-17 11:15:24.875675
exp2,8,contam,0.037,Methoxybenzoate 4 mM + Kan,D5,0.0392222222222222,2026-04-17 11:15:24.875675
exp2,8,contam,0.034,Methoxybenzoate 4 mM + Kan,D9,0.0392222222222222,2026-04-17 11:15:24.875675
exp2,8,contam,0.039,Methoxybenzoate 4 mM + Kan,D10,0.0392222222222222,2026-04-17 11:15:24.875675
exp2,8,contam,0.037,Methoxybenzoate 4 mM + Kan,E4,0.0392222222222222,2026-04-17 11:15:24.875675
exp2,8,contam,0.038,Methoxybenzoate 4 mM + Kan,E9,0.0392222222222222,2026-04-17 11:15:24.875675
exp2,8,contam,0.036,Methoxybenzoate 4 mM + Kan,F4,0.0392222222222222,2026-04-17 11:15:24.875675
exp2,8,0,0.078,Methoxybenzoate 4 mM + Kan,B4,0.0394166666666666,2026-04-17 11:30:30.563549
exp2,8,0,0.075,Methoxybenzoate 4 mM + Kan,B5,0.0394166666666666,2026-04-17 11:30:30.563549
exp2,8,0,0.081,Methoxybenzoate 4 mM + Kan,C4,0.0394166666666666,2026-04-17 11:30:30.563549
exp2,8,0,0.077,Methoxybenzoate 4 mM + Kan,C9,0.0394166666666666,2026-04-17 11:30:30.563549
exp2,8,0,0.072,Methoxybenzoate 4 mM + Kan,D4,0.0394166666666666,2026-04-17 11:30:30.563549
exp2,8,0,0.066,Methoxybenzoate 4 mM + Kan,D5,0.0394166666666666,2026-04-17 11:30:30.563549
exp2,8,0,0.07,Methoxybenzoate 4 mM + Kan,D9,0.0394166666666666,2026-04-17 11:30:30.563549
exp2,8,0,0.076,Methoxybenzoate 4 mM + Kan,D10,0.0394166666666666,2026-04-17 11:30:30.563549
exp2,8,0,0.073,Methoxybenzoate 4 mM + Kan,E4,0.0394166666666666,2026-04-17 11:30:30.563549
exp2,8,0,0.074,Methoxybenzoate 4 mM + Kan,E9,0.0394166666666666,2026-04-17 11:30:30.563549
exp2,8,0,0.073,Methoxybenzoate 4 mM + Kan,F4,0.0394166666666666,2026-04-17 11:30:30.563549
exp2,8,1,0.13,Methoxybenzoate 4 mM + Kan,B4,0.0409722222222222,2026-04-17 13:39:43.323015
exp2,8,1,0.119,Methoxybenzoate 4 mM + Kan,B5,0.0409722222222222,2026-04-17 13:39:43.323015
exp2,8,1,0.147,Methoxybenzoate 4 mM + Kan,C4,0.0409722222222222,2026-04-17 13:39:43.323015
exp2,8,1,0.13,Methoxybenzoate 4 mM + Kan,C9,0.0409722222222222,2026-04-17 13:39:43.323015
exp2,8,1,0.132,Methoxybenzoate 4 mM + Kan,D4,0.0409722222222222,2026-04-17 13:39:43.323015
exp2,8,1,0.141,Methoxybenzoate 4 mM + Kan,D5,0.0409722222222222,2026-04-17 13:39:43.323015
exp2,8,1,0.125,Methoxybenzoate 4 mM + Kan,D9,0.0409722222222222,2026-04-17 13:39:43.323015
exp2,8,1,0.148,Methoxybenzoate 4 mM + Kan,D10,0.0409722222222222,2026-04-17 13:39:43.323015
exp2,8,1,0.123,Methoxybenzoate 4 mM + Kan,E4,0.0409722222222222,2026-04-17 13:39:43.323015
exp2,8,1,0.142,Methoxybenzoate 4 mM + Kan,E9,0.0409722222222222,2026-04-17 13:39:43.323015
exp2,8,1,0.142,Methoxybenzoate 4 mM + Kan,F4,0.0409722222222222,2026-04-17 13:39:43.323015
exp2,8,2,0.182,Methoxybenzoate 4 mM + Kan,B4,0.0400277777777777,2026-04-17 15:49:03.358912
exp2,8,2,0.17,Methoxybenzoate 4 mM + Kan,B5,0.0400277777777777,2026-04-17 15:49:03.358912
exp2,8,2,0.191,Methoxybenzoate 4 mM + Kan,C4,0.0400277777777777,2026-04-17 15:49:03.358912
exp2,8,2,0.166,Methoxybenzoate 4 mM + Kan,C9,0.0400277777777777,2026-04-17 15:49:03.358912
exp2,8,2,0.174,Methoxybenzoate 4 mM + Kan,D4,0.0400277777777777,2026-04-17 15:49:03.358912
exp2,8,2,0.212,Methoxybenzoate 4 mM + Kan,D5,0.0400277777777777,2026-04-17 15:49:03.358912
exp2,8,2,0.158,Methoxybenzoate 4 mM + Kan,D9,0.0400277777777777,2026-04-17 15:49:03.358912
exp2,8,2,0.212,Methoxybenzoate 4 mM + Kan,D10,0.0400277777777777,2026-04-17 15:49:03.358912
exp2,8,2,0.158,Methoxybenzoate 4 mM + Kan,E4,0.0400277777777777,2026-04-17 15:49:03.358912
exp2,8,2,0.204,Methoxybenzoate 4 mM + Kan,E9,0.0400277777777777,2026-04-17 15:49:03.358912
exp2,8,2,0.187,Methoxybenzoate 4 mM + Kan,F4,0.0400277777777777,2026-04-17 15:49:03.358912
exp2,8,3,0.219,Methoxybenzoate 4 mM + Kan,B4,0.0387222222222222,2026-04-17 17:58:36.651990
exp2,8,3,0.196,Methoxybenzoate 4 mM + Kan,B5,0.0387222222222222,2026-04-17 17:58:36.651990
exp2,8,3,0.211,Methoxybenzoate 4 mM + Kan,C4,0.0387222222222222,2026-04-17 17:58:36.651990
exp2,8,3,0.175,Methoxybenzoate 4 mM + Kan,C9,0.0387222222222222,2026-04-17 17:58:36.651990
exp2,8,3,0.191,Methoxybenzoate 4 mM + Kan,D4,0.0387222222222222,2026-04-17 17:58:36.651990
exp2,8,3,0.254,Methoxybenzoate 4 mM + Kan,D5,0.0387222222222222,2026-04-17 17:58:36.651990
exp2,8,3,0.173,Methoxybenzoate 4 mM + Kan,D9,0.0387222222222222,2026-04-17 17:58:36.651990
exp2,8,3,0.251,Methoxybenzoate 4 mM + Kan,D10,0.0387222222222222,2026-04-17 17:58:36.651990
exp2,8,3,0.177,Methoxybenzoate 4 mM + Kan,E4,0.0387222222222222,2026-04-17 17:58:36.651990
exp2,8,3,0.248,Methoxybenzoate 4 mM + Kan,E9,0.0387222222222222,2026-04-17 17:58:36.651990
exp2,8,3,0.214,Methoxybenzoate 4 mM + Kan,F4,0.0387222222222222,2026-04-17 17:58:36.651990
exp2,8,4,0.26,Methoxybenzoate 4 mM + Kan,B4,0.0409166666666666,2026-04-17 20:07:57.412544
exp2,8,4,0.229,Methoxybenzoate 4 mM + Kan,B5,0.0409166666666666,2026-04-17 20:07:57.412544
exp2,8,4,0.232,Methoxybenzoate 4 mM + Kan,C4,0.0409166666666666,2026-04-17 20:07:57.412544
exp2,8,4,0.184,Methoxybenzoate 4 mM + Kan,C9,0.0409166666666666,2026-04-17 20:07:57.412544
exp2,8,4,0.21,Methoxybenzoate 4 mM + Kan,D4,0.0409166666666666,2026-04-17 20:07:57.412544
exp2,8,4,0.298,Methoxybenzoate 4 mM + Kan,D5,0.0409166666666666,2026-04-17 20:07:57.412544
exp2,8,4,0.187,Methoxybenzoate 4 mM + Kan,D9,0.0409166666666666,2026-04-17 20:07:57.412544
exp2,8,4,0.309,Methoxybenzoate 4 mM + Kan,D10,0.0409166666666666,2026-04-17 20:07:57.412544
exp2,8,4,0.192,Methoxybenzoate 4 mM + Kan,E4,0.0409166666666666,2026-04-17 20:07:57.412544
exp2,8,4,0.305,Methoxybenzoate 4 mM + Kan,E9,0.0409166666666666,2026-04-17 20:07:57.412544
exp2,8,4,0.257,Methoxybenzoate 4 mM + Kan,F4,0.0409166666666666,2026-04-17 20:07:57.412544
exp2,8,5,0.309,Methoxybenzoate 4 mM + Kan,B4,0.0392222222222222,2026-04-17 22:17:16.415001
exp2,8,5,0.27,Methoxybenzoate 4 mM + Kan,B5,0.0392222222222222,2026-04-17 22:17:16.415001
exp2,8,5,0.254,Methoxybenzoate 4 mM + Kan,C4,0.0392222222222222,2026-04-17 22:17:16.415001
exp2,8,5,0.192,Methoxybenzoate 4 mM + Kan,C9,0.0392222222222222,2026-04-17 22:17:16.415001
exp2,8,5,0.224,Methoxybenzoate 4 mM + Kan,D4,0.0392222222222222,2026-04-17 22:17:16.415001
exp2,8,5,0.345,Methoxybenzoate 4 mM + Kan,D5,0.0392222222222222,2026-04-17 22:17:16.415001
exp2,8,5,0.199,Methoxybenzoate 4 mM + Kan,D9,0.0392222222222222,2026-04-17 22:17:16.415001
exp2,8,5,0.368,Methoxybenzoate 4 mM + Kan,D10,0.0392222222222222,2026-04-17 22:17:16.415001
exp2,8,5,0.219,Methoxybenzoate 4 mM + Kan,E4,0.0392222222222222,2026-04-17 22:17:16.415001
exp2,8,5,0.37,Methoxybenzoate 4 mM + Kan,E9,0.0392222222222222,2026-04-17 22:17:16.415001
exp2,8,5,0.308,Methoxybenzoate 4 mM + Kan,F4,0.0392222222222222,2026-04-17 22:17:16.415001
exp2,8,6,0.363,Methoxybenzoate 4 mM + Kan,B4,0.0391944444444444,2026-04-18 00:26:34.958799
exp2,8,6,0.326,Methoxybenzoate 4 mM + Kan,B5,0.0391944444444444,2026-04-18 00:26:34.958799
exp2,8,6,0.282,Methoxybenzoate 4 mM + Kan,C4,0.0391944444444444,2026-04-18 00:26:34.958799
exp2,8,6,0.199,Methoxybenzoate 4 mM + Kan,C9,0.0391944444444444,2026-04-18 00:26:34.958799
exp2,8,6,0.24,Methoxybenzoate 4 mM + Kan,D4,0.0391944444444444,2026-04-18 00:26:34.958799
exp2,8,6,0.395,Methoxybenzoate 4 mM + Kan,D5,0.0391944444444444,2026-04-18 00:26:34.958799
exp2,8,6,0.208,Methoxybenzoate 4 mM + Kan,D9,0.0391944444444444,2026-04-18 00:26:34.958799
exp2,8,6,0.415,Methoxybenzoate 4 mM + Kan,D10,0.0391944444444444,2026-04-18 00:26:34.958799
exp2,8,6,0.257,Methoxybenzoate 4 mM + Kan,E4,0.0391944444444444,2026-04-18 00:26:34.958799
exp2,8,6,0.395,Methoxybenzoate 4 mM + Kan,E9,0.0391944444444444,2026-04-18 00:26:34.958799
exp2,8,6,0.365,Methoxybenzoate 4 mM + Kan,F4,0.0391944444444444,2026-04-18 00:26:34.958799
exp2,8,7,0.414,Methoxybenzoate 4 mM + Kan,B4,0.0396944444444444,2026-04-18 02:36:03.156839
exp2,8,7,0.382,Methoxybenzoate 4 mM + Kan,B5,0.0396944444444444,2026-04-18 02:36:03.156839
exp2,8,7,0.331,Methoxybenzoate 4 mM + Kan,C4,0.0396944444444444,2026-04-18 02:36:03.156839
exp2,8,7,0.207,Methoxybenzoate 4 mM + Kan,C9,0.0396944444444444,2026-04-18 02:36:03.156839
exp2,8,7,0.265,Methoxybenzoate 4 mM + Kan,D4,0.0396944444444444,2026-04-18 02:36:03.156839
exp2,8,7,0.413,Methoxybenzoate 4 mM + Kan,D5,0.0396944444444444,2026-04-18 02:36:03.156839
exp2,8,7,0.225,Methoxybenzoate 4 mM + Kan,D9,0.0396944444444444,2026-04-18 02:36:03.156839
exp2,8,7,0.417,Methoxybenzoate 4 mM + Kan,D10,0.0396944444444444,2026-04-18 02:36:03.156839
exp2,8,7,0.308,Methoxybenzoate 4 mM + Kan,E4,0.0396944444444444,2026-04-18 02:36:03.156839
exp2,8,7,0.4,Methoxybenzoate 4 mM + Kan,E9,0.0396944444444444,2026-04-18 02:36:03.156839
exp2,8,7,0.423,Methoxybenzoate 4 mM + Kan,F4,0.0396944444444444,2026-04-18 02:36:03.156839
exp2,8,8,0.414,Methoxybenzoate 4 mM + Kan,B4,0.0414166666666666,2026-04-18 04:45:30.574260
exp2,8,8,0.422,Methoxybenzoate 4 mM + Kan,B5,0.0414166666666666,2026-04-18 04:45:30.574260
exp2,8,8,0.387,Methoxybenzoate 4 mM + Kan,C4,0.0414166666666666,2026-04-18 04:45:30.574260
exp2,8,8,0.215,Methoxybenzoate 4 mM + Kan,C9,0.0414166666666666,2026-04-18 04:45:30.574260
exp2,8,8,0.297,Methoxybenzoate 4 mM + Kan,D4,0.0414166666666666,2026-04-18 04:45:30.574260
exp2,8,8,0.417,Methoxybenzoate 4 mM + Kan,D5,0.0414166666666666,2026-04-18 04:45:30.574260
exp2,8,8,0.241,Methoxybenzoate 4 mM + Kan,D9,0.0414166666666666,2026-04-18 04:45:30.574260
exp2,8,8,0.42,Methoxybenzoate 4 mM + Kan,D10,0.0414166666666666,2026-04-18 04:45:30.574260
exp2,8,8,0.367,Methoxybenzoate 4 mM + Kan,E4,0.0414166666666666,2026-04-18 04:45:30.574260
exp2,8,8,0.399,Methoxybenzoate 4 mM + Kan,E9,0.0414166666666666,2026-04-18 04:45:30.574260
exp2,8,8,0.439,Methoxybenzoate 4 mM + Kan,F4,0.0414166666666666,2026-04-18 04:45:30.574260
exp2,8,9,0.419,Methoxybenzoate 4 mM + Kan,B4,0.0401666666666666,2026-04-18 06:59:25.989687
exp2,8,9,0.427,Methoxybenzoate 4 mM + Kan,B5,0.0401666666666666,2026-04-18 06:59:25.989687
exp2,8,9,0.418,Methoxybenzoate 4 mM + Kan,C4,0.0401666666666666,2026-04-18 06:59:25.989687
exp2,8,9,0.227,Methoxybenzoate 4 mM + Kan,C9,0.0401666666666666,2026-04-18 06:59:25.989687
exp2,8,9,0.345,Methoxybenzoate 4 mM + Kan,D4,0.0401666666666666,2026-04-18 06:59:25.989687
exp2,8,9,0.415,Methoxybenzoate 4 mM + Kan,D5,0.0401666666666666,2026-04-18 06:59:25.989687
exp2,8,9,0.26,Methoxybenzoate 4 mM + Kan,D9,0.0401666666666666,2026-04-18 06:59:25.989687
exp2,8,9,0.42,Methoxybenzoate 4 mM + Kan,D10,0.0401666666666666,2026-04-18 06:59:25.989687
exp2,8,9,0.417,Methoxybenzoate 4 mM + Kan,E4,0.0401666666666666,2026-04-18 06:59:25.989687
exp2,8,9,0.398,Methoxybenzoate 4 mM + Kan,E9,0.0401666666666666,2026-04-18 06:59:25.989687
exp2,8,9,0.439,Methoxybenzoate 4 mM + Kan,F4,0.0401666666666666,2026-04-18 06:59:25.989687
exp2,8,10,0.422,Methoxybenzoate 4 mM + Kan,B4,0.0396944444444444,2026-04-18 09:08:52.331914
exp2,8,10,0.429,Methoxybenzoate 4 mM + Kan,B5,0.0396944444444444,2026-04-18 09:08:52.331914
exp2,8,10,0.422,Methoxybenzoate 4 mM + Kan,C4,0.0396944444444444,2026-04-18 09:08:52.331914
exp2,8,10,0.245,Methoxybenzoate 4 mM + Kan,C9,0.0396944444444444,2026-04-18 09:08:52.331914
exp2,8,10,0.407,Methoxybenzoate 4 mM + Kan,D4,0.0396944444444444,2026-04-18 09:08:52.331914
exp2,8,10,0.418,Methoxybenzoate 4 mM + Kan,D5,0.0396944444444444,2026-04-18 09:08:52.331914
exp2,8,10,0.294,Methoxybenzoate 4 mM + Kan,D9,0.0396944444444444,2026-04-18 09:08:52.331914
exp2,8,10,0.42,Methoxybenzoate 4 mM + Kan,D10,0.0396944444444444,2026-04-18 09:08:52.331914
exp2,8,10,0.424,Methoxybenzoate 4 mM + Kan,E4,0.0396944444444444,2026-04-18 09:08:52.331914
exp2,8,10,0.399,Methoxybenzoate 4 mM + Kan,E9,0.0396944444444444,2026-04-18 09:08:52.331914
exp2,8,10,0.441,Methoxybenzoate 4 mM + Kan,F4,0.0396944444444444,2026-04-18 09:08:52.331914
exp2,8,11,0.425,Methoxybenzoate 4 mM + Kan,B4,0.0393055555555555,2026-04-18 11:18:19.786395
exp2,8,11,0.432,Methoxybenzoate 4 mM + Kan,B5,0.0393055555555555,2026-04-18 11:18:19.786395
exp2,8,11,0.428,Methoxybenzoate 4 mM + Kan,C4,0.0393055555555555,2026-04-18 11:18:19.786395
exp2,8,11,0.268,Methoxybenzoate 4 mM + Kan,C9,0.0393055555555555,2026-04-18 11:18:19.786395
exp2,8,11,0.438,Methoxybenzoate 4 mM + Kan,D4,0.0393055555555555,2026-04-18 11:18:19.786395
exp2,8,11,0.419,Methoxybenzoate 4 mM + Kan,D5,0.0393055555555555,2026-04-18 11:18:19.786395
exp2,8,11,0.338,Methoxybenzoate 4 mM + Kan,D9,0.0393055555555555,2026-04-18 11:18:19.786395
exp2,8,11,0.421,Methoxybenzoate 4 mM + Kan,D10,0.0393055555555555,2026-04-18 11:18:19.786395
exp2,8,11,0.432,Methoxybenzoate 4 mM + Kan,E4,0.0393055555555555,2026-04-18 11:18:19.786395
exp2,8,11,0.398,Methoxybenzoate 4 mM + Kan,E9,0.0393055555555555,2026-04-18 11:18:19.786395
exp2,8,11,0.444,Methoxybenzoate 4 mM + Kan,F4,0.0393055555555555,2026-04-18 11:18:19.786395
exp2,8,12,0.417,Methoxybenzoate 4 mM + Kan,B4,0.0398888888888888,2026-04-18 13:27:42.950330
exp2,8,12,0.432,Methoxybenzoate 4 mM + Kan,B5,0.0398888888888888,2026-04-18 13:27:42.950330
exp2,8,12,0.423,Methoxybenzoate 4 mM + Kan,C4,0.0398888888888888,2026-04-18 13:27:42.950330
exp2,8,12,0.298,Methoxybenzoate 4 mM + Kan,C9,0.0398888888888888,2026-04-18 13:27:42.950330
exp2,8,12,0.437,Methoxybenzoate 4 mM + Kan,D4,0.0398888888888888,2026-04-18 13:27:42.950330
exp2,8,12,0.419,Methoxybenzoate 4 mM + Kan,D5,0.0398888888888888,2026-04-18 13:27:42.950330
exp2,8,12,0.386,Methoxybenzoate 4 mM + Kan,D9,0.0398888888888888,2026-04-18 13:27:42.950330
exp2,8,12,0.415,Methoxybenzoate 4 mM + Kan,D10,0.0398888888888888,2026-04-18 13:27:42.950330
exp2,8,12,0.435,Methoxybenzoate 4 mM + Kan,E4,0.0398888888888888,2026-04-18 13:27:42.950330
exp2,8,12,0.395,Methoxybenzoate 4 mM + Kan,E9,0.0398888888888888,2026-04-18 13:27:42.950330
exp2,8,12,0.444,Methoxybenzoate 4 mM + Kan,F4,0.0398888888888888,2026-04-18 13:27:42.950330
exp2,9,contam,0.037,Methoxybenzoate 4 mM + Kan,B4,0.0378611111111111,2026-04-18 13:34:55.067333
exp2,9,contam,0.037,Methoxybenzoate 4 mM + Kan,B5,0.0378611111111111,2026-04-18 13:34:55.067333
exp2,9,contam,0.036,Methoxybenzoate 4 mM + Kan,C4,0.0378611111111111,2026-04-18 13:34:55.067333
exp2,9,contam,0.036,Methoxybenzoate 4 mM + Kan,C9,0.0378611111111111,2026-04-18 13:34:55.067333
exp2,9,contam,0.034,Methoxybenzoate 4 mM + Kan,D4,0.0378611111111111,2026-04-18 13:34:55.067333
exp2,9,contam,0.035,Methoxybenzoate 4 mM + Kan,D5,0.0378611111111111,2026-04-18 13:34:55.067333
exp2,9,contam,0.037,Methoxybenzoate 4 mM + Kan,D9,0.0378611111111111,2026-04-18 13:34:55.067333
exp2,9,contam,0.035,Methoxybenzoate 4 mM + Kan,D10,0.0378611111111111,2026-04-18 13:34:55.067333
exp2,9,contam,0.035,Methoxybenzoate 4 mM + Kan,E4,0.0378611111111111,2026-04-18 13:34:55.067333
exp2,9,contam,0.035,Methoxybenzoate 4 mM + Kan,E9,0.0378611111111111,2026-04-18 13:34:55.067333
exp2,9,contam,0.036,Methoxybenzoate 4 mM + Kan,F4,0.0378611111111111,2026-04-18 13:34:55.067333
exp2,9,0,0.082,Methoxybenzoate 4 mM + Kan,B4,0.0384444444444444,2026-04-18 13:49:49.867171
exp2,9,0,0.082,Methoxybenzoate 4 mM + Kan,B5,0.0384444444444444,2026-04-18 13:49:49.867171
exp2,9,0,0.084,Methoxybenzoate 4 mM + Kan,C4,0.0384444444444444,2026-04-18 13:49:49.867171
exp2,9,0,0.063,Methoxybenzoate 4 mM + Kan,C9,0.0384444444444444,2026-04-18 13:49:49.867171
exp2,9,0,0.079,Methoxybenzoate 4 mM + Kan,D4,0.0384444444444444,2026-04-18 13:49:49.867171
exp2,9,0,0.069,Methoxybenzoate 4 mM + Kan,D5,0.0384444444444444,2026-04-18 13:49:49.867171
exp2,9,0,0.081,Methoxybenzoate 4 mM + Kan,D9,0.0384444444444444,2026-04-18 13:49:49.867171
exp2,9,0,0.078,Methoxybenzoate 4 mM + Kan,D10,0.0384444444444444,2026-04-18 13:49:49.867171
exp2,9,0,0.078,Methoxybenzoate 4 mM + Kan,E4,0.0384444444444444,2026-04-18 13:49:49.867171
exp2,9,0,0.079,Methoxybenzoate 4 mM + Kan,E9,0.0384444444444444,2026-04-18 13:49:49.867171
exp2,9,0,0.071,Methoxybenzoate 4 mM + Kan,F4,0.0384444444444444,2026-04-18 13:49:49.867171
exp2,9,1,0.133,Methoxybenzoate 4 mM + Kan,B4,0.0391944444444444,2026-04-18 15:59:12.768596
exp2,9,1,0.134,Methoxybenzoate 4 mM + Kan,B5,0.0391944444444444,2026-04-18 15:59:12.768596
exp2,9,1,0.15,Methoxybenzoate 4 mM + Kan,C4,0.0391944444444444,2026-04-18 15:59:12.768596
exp2,9,1,0.111,Methoxybenzoate 4 mM + Kan,C9,0.0391944444444444,2026-04-18 15:59:12.768596
exp2,9,1,0.167,Methoxybenzoate 4 mM + Kan,D4,0.0391944444444444,2026-04-18 15:59:12.768596
exp2,9,1,0.123,Methoxybenzoate 4 mM + Kan,D5,0.0391944444444444,2026-04-18 15:59:12.768596
exp2,9,1,0.158,Methoxybenzoate 4 mM + Kan,D9,0.0391944444444444,2026-04-18 15:59:12.768596
exp2,9,1,0.135,Methoxybenzoate 4 mM + Kan,D10,0.0391944444444444,2026-04-18 15:59:12.768596
exp2,9,1,0.145,Methoxybenzoate 4 mM + Kan,E4,0.0391944444444444,2026-04-18 15:59:12.768596
exp2,9,1,0.116,Methoxybenzoate 4 mM + Kan,E9,0.0391944444444444,2026-04-18 15:59:12.768596
exp2,9,1,0.145,Methoxybenzoate 4 mM + Kan,F4,0.0391944444444444,2026-04-18 15:59:12.768596
exp2,9,2,0.191,Methoxybenzoate 4 mM + Kan,B4,0.0385,2026-04-18 18:08:30.486273
exp2,9,2,0.193,Methoxybenzoate 4 mM + Kan,B5,0.0385,2026-04-18 18:08:30.486273
exp2,9,2,0.185,Methoxybenzoate 4 mM + Kan,C4,0.0385,2026-04-18 18:08:30.486273
exp2,9,2,0.175,Methoxybenzoate 4 mM + Kan,C9,0.0385,2026-04-18 18:08:30.486273
exp2,9,2,0.224,Methoxybenzoate 4 mM + Kan,D4,0.0385,2026-04-18 18:08:30.486273
exp2,9,2,0.168,Methoxybenzoate 4 mM + Kan,D5,0.0385,2026-04-18 18:08:30.486273
exp2,9,2,0.23,Methoxybenzoate 4 mM + Kan,D9,0.0385,2026-04-18 18:08:30.486273
exp2,9,2,0.173,Methoxybenzoate 4 mM + Kan,D10,0.0385,2026-04-18 18:08:30.486273
exp2,9,2,0.196,Methoxybenzoate 4 mM + Kan,E4,0.0385,2026-04-18 18:08:30.486273
exp2,9,2,0.138,Methoxybenzoate 4 mM + Kan,E9,0.0385,2026-04-18 18:08:30.486273
exp2,9,2,0.191,Methoxybenzoate 4 mM + Kan,F4,0.0385,2026-04-18 18:08:30.486273
exp2,9,3,0.223,Methoxybenzoate 4 mM + Kan,B4,0.0383888888888888,2026-04-18 20:17:50.527728
exp2,9,3,0.22,Methoxybenzoate 4 mM + Kan,B5,0.0383888888888888,2026-04-18 20:17:50.527728
exp2,9,3,0.206,Methoxybenzoate 4 mM + Kan,C4,0.0383888888888888,2026-04-18 20:17:50.527728
exp2,9,3,0.204,Methoxybenzoate 4 mM + Kan,C9,0.0383888888888888,2026-04-18 20:17:50.527728
exp2,9,3,0.278,Methoxybenzoate 4 mM + Kan,D4,0.0383888888888888,2026-04-18 20:17:50.527728
exp2,9,3,0.19,Methoxybenzoate 4 mM + Kan,D5,0.0383888888888888,2026-04-18 20:17:50.527728
exp2,9,3,0.289,Methoxybenzoate 4 mM + Kan,D9,0.0383888888888888,2026-04-18 20:17:50.527728
exp2,9,3,0.189,Methoxybenzoate 4 mM + Kan,D10,0.0383888888888888,2026-04-18 20:17:50.527728
exp2,9,3,0.221,Methoxybenzoate 4 mM + Kan,E4,0.0383888888888888,2026-04-18 20:17:50.527728
exp2,9,3,0.143,Methoxybenzoate 4 mM + Kan,E9,0.0383888888888888,2026-04-18 20:17:50.527728
exp2,9,3,0.223,Methoxybenzoate 4 mM + Kan,F4,0.0383888888888888,2026-04-18 20:17:50.527728
exp2,9,4,0.259,Methoxybenzoate 4 mM + Kan,B4,0.0370277777777777,2026-04-18 22:27:11.175615
exp2,9,4,0.253,Methoxybenzoate 4 mM + Kan,B5,0.0370277777777777,2026-04-18 22:27:11.175615
exp2,9,4,0.218,Methoxybenzoate 4 mM + Kan,C4,0.0370277777777777,2026-04-18 22:27:11.175615
exp2,9,4,0.236,Methoxybenzoate 4 mM + Kan,C9,0.0370277777777777,2026-04-18 22:27:11.175615
exp2,9,4,0.34,Methoxybenzoate 4 mM + Kan,D4,0.0370277777777777,2026-04-18 22:27:11.175615
exp2,9,4,0.213,Methoxybenzoate 4 mM + Kan,D5,0.0370277777777777,2026-04-18 22:27:11.175615
exp2,9,4,0.343,Methoxybenzoate 4 mM + Kan,D9,0.0370277777777777,2026-04-18 22:27:11.175615
exp2,9,4,0.201,Methoxybenzoate 4 mM + Kan,D10,0.0370277777777777,2026-04-18 22:27:11.175615
exp2,9,4,0.244,Methoxybenzoate 4 mM + Kan,E4,0.0370277777777777,2026-04-18 22:27:11.175615
exp2,9,4,0.146,Methoxybenzoate 4 mM + Kan,E9,0.0370277777777777,2026-04-18 22:27:11.175615
exp2,9,4,0.264,Methoxybenzoate 4 mM + Kan,F4,0.0370277777777777,2026-04-18 22:27:11.175615
exp2,9,5,0.31,Methoxybenzoate 4 mM + Kan,B4,0.0384444444444444,2026-04-19 00:36:33.440350
exp2,9,5,0.296,Methoxybenzoate 4 mM + Kan,B5,0.0384444444444444,2026-04-19 00:36:33.440350
exp2,9,5,0.236,Methoxybenzoate 4 mM + Kan,C4,0.0384444444444444,2026-04-19 00:36:33.440350
exp2,9,5,0.285,Methoxybenzoate 4 mM + Kan,C9,0.0384444444444444,2026-04-19 00:36:33.440350
exp2,9,5,0.412,Methoxybenzoate 4 mM + Kan,D4,0.0384444444444444,2026-04-19 00:36:33.440350
exp2,9,5,0.252,Methoxybenzoate 4 mM + Kan,D5,0.0384444444444444,2026-04-19 00:36:33.440350
exp2,9,5,0.405,Methoxybenzoate 4 mM + Kan,D9,0.0384444444444444,2026-04-19 00:36:33.440350
exp2,9,5,0.212,Methoxybenzoate 4 mM + Kan,D10,0.0384444444444444,2026-04-19 00:36:33.440350
exp2,9,5,0.289,Methoxybenzoate 4 mM + Kan,E4,0.0384444444444444,2026-04-19 00:36:33.440350
exp2,9,5,0.161,Methoxybenzoate 4 mM + Kan,E9,0.0384444444444444,2026-04-19 00:36:33.440350
exp2,9,5,0.322,Methoxybenzoate 4 mM + Kan,F4,0.0384444444444444,2026-04-19 00:36:33.440350
exp2,9,6,0.362,Methoxybenzoate 4 mM + Kan,B4,0.038,2026-04-19 02:45:45.077972
exp2,9,6,0.351,Methoxybenzoate 4 mM + Kan,B5,0.038,2026-04-19 02:45:45.077972
exp2,9,6,0.248,Methoxybenzoate 4 mM + Kan,C4,0.038,2026-04-19 02:45:45.077972
exp2,9,6,0.341,Methoxybenzoate 4 mM + Kan,C9,0.038,2026-04-19 02:45:45.077972
exp2,9,6,0.432,Methoxybenzoate 4 mM + Kan,D4,0.038,2026-04-19 02:45:45.077972
exp2,9,6,0.293,Methoxybenzoate 4 mM + Kan,D5,0.038,2026-04-19 02:45:45.077972
exp2,9,6,0.415,Methoxybenzoate 4 mM + Kan,D9,0.038,2026-04-19 02:45:45.077972
exp2,9,6,0.221,Methoxybenzoate 4 mM + Kan,D10,0.038,2026-04-19 02:45:45.077972
exp2,9,6,0.343,Methoxybenzoate 4 mM + Kan,E4,0.038,2026-04-19 02:45:45.077972
exp2,9,6,0.169,Methoxybenzoate 4 mM + Kan,E9,0.038,2026-04-19 02:45:45.077972
exp2,9,6,0.378,Methoxybenzoate 4 mM + Kan,F4,0.038,2026-04-19 02:45:45.077972
exp2,9,7,0.416,Methoxybenzoate 4 mM + Kan,B4,0.0377777777777777,2026-04-19 04:55:14.521194
exp2,9,7,0.412,Methoxybenzoate 4 mM + Kan,B5,0.0377777777777777,2026-04-19 04:55:14.521194
exp2,9,7,0.271,Methoxybenzoate 4 mM + Kan,C4,0.0377777777777777,2026-04-19 04:55:14.521194
exp2,9,7,0.403,Methoxybenzoate 4 mM + Kan,C9,0.0377777777777777,2026-04-19 04:55:14.521194
exp2,9,7,0.444,Methoxybenzoate 4 mM + Kan,D4,0.0377777777777777,2026-04-19 04:55:14.521194
exp2,9,7,0.346,Methoxybenzoate 4 mM + Kan,D5,0.0377777777777777,2026-04-19 04:55:14.521194
exp2,9,7,0.424,Methoxybenzoate 4 mM + Kan,D9,0.0377777777777777,2026-04-19 04:55:14.521194
exp2,9,7,0.237,Methoxybenzoate 4 mM + Kan,D10,0.0377777777777777,2026-04-19 04:55:14.521194
exp2,9,7,0.405,Methoxybenzoate 4 mM + Kan,E4,0.0377777777777777,2026-04-19 04:55:14.521194
exp2,9,7,0.181,Methoxybenzoate 4 mM + Kan,E9,0.0377777777777777,2026-04-19 04:55:14.521194
exp2,9,7,0.439,Methoxybenzoate 4 mM + Kan,F4,0.0377777777777777,2026-04-19 04:55:14.521194
exp2,9,8,0.416,Methoxybenzoate 4 mM + Kan,B4,0.039,2026-04-19 07:09:19.666429
exp2,9,8,0.43,Methoxybenzoate 4 mM + Kan,B5,0.039,2026-04-19 07:09:19.666429
exp2,9,8,0.304,Methoxybenzoate 4 mM + Kan,C4,0.039,2026-04-19 07:09:19.666429
exp2,9,8,0.419,Methoxybenzoate 4 mM + Kan,C9,0.039,2026-04-19 07:09:19.666429
exp2,9,8,0.444,Methoxybenzoate 4 mM + Kan,D4,0.039,2026-04-19 07:09:19.666429
exp2,9,8,0.402,Methoxybenzoate 4 mM + Kan,D5,0.039,2026-04-19 07:09:19.666429
exp2,9,8,0.423,Methoxybenzoate 4 mM + Kan,D9,0.039,2026-04-19 07:09:19.666429
exp2,9,8,0.254,Methoxybenzoate 4 mM + Kan,D10,0.039,2026-04-19 07:09:19.666429
exp2,9,8,0.438,Methoxybenzoate 4 mM + Kan,E4,0.039,2026-04-19 07:09:19.666429
exp2,9,8,0.193,Methoxybenzoate 4 mM + Kan,E9,0.039,2026-04-19 07:09:19.666429
exp2,9,8,0.441,Methoxybenzoate 4 mM + Kan,F4,0.039,2026-04-19 07:09:19.666429
exp2,9,9,0.42,Methoxybenzoate 4 mM + Kan,B4,0.0374444444444444,2026-04-19 09:18:46.147499
exp2,9,9,0.437,Methoxybenzoate 4 mM + Kan,B5,0.0374444444444444,2026-04-19 09:18:46.147499
exp2,9,9,0.353,Methoxybenzoate 4 mM + Kan,C4,0.0374444444444444,2026-04-19 09:18:46.147499
exp2,9,9,0.422,Methoxybenzoate 4 mM + Kan,C9,0.0374444444444444,2026-04-19 09:18:46.147499
exp2,9,9,0.448,Methoxybenzoate 4 mM + Kan,D4,0.0374444444444444,2026-04-19 09:18:46.147499
exp2,9,9,0.424,Methoxybenzoate 4 mM + Kan,D5,0.0374444444444444,2026-04-19 09:18:46.147499
exp2,9,9,0.422,Methoxybenzoate 4 mM + Kan,D9,0.0374444444444444,2026-04-19 09:18:46.147499
exp2,9,9,0.282,Methoxybenzoate 4 mM + Kan,D10,0.0374444444444444,2026-04-19 09:18:46.147499
exp2,9,9,0.446,Methoxybenzoate 4 mM + Kan,E4,0.0374444444444444,2026-04-19 09:18:46.147499
exp2,9,9,0.213,Methoxybenzoate 4 mM + Kan,E9,0.0374444444444444,2026-04-19 09:18:46.147499
exp2,9,9,0.445,Methoxybenzoate 4 mM + Kan,F4,0.0374444444444444,2026-04-19 09:18:46.147499
exp2,9,10,0.424,Methoxybenzoate 4 mM + Kan,B4,0.0366666666666666,2026-04-19 11:28:09.853601
exp2,9,10,0.439,Methoxybenzoate 4 mM + Kan,B5,0.0366666666666666,2026-04-19 11:28:09.853601
exp2,9,10,0.414,Methoxybenzoate 4 mM + Kan,C4,0.0366666666666666,2026-04-19 11:28:09.853601
exp2,9,10,0.424,Methoxybenzoate 4 mM + Kan,C9,0.0366666666666666,2026-04-19 11:28:09.853601
exp2,9,10,0.442,Methoxybenzoate 4 mM + Kan,D4,0.0366666666666666,2026-04-19 11:28:09.853601
exp2,9,10,0.43,Methoxybenzoate 4 mM + Kan,D5,0.0366666666666666,2026-04-19 11:28:09.853601
exp2,9,10,0.419,Methoxybenzoate 4 mM + Kan,D9,0.0366666666666666,2026-04-19 11:28:09.853601
exp2,9,10,0.317,Methoxybenzoate 4 mM + Kan,D10,0.0366666666666666,2026-04-19 11:28:09.853601
exp2,9,10,0.45,Methoxybenzoate 4 mM + Kan,E4,0.0366666666666666,2026-04-19 11:28:09.853601
exp2,9,10,0.236,Methoxybenzoate 4 mM + Kan,E9,0.0366666666666666,2026-04-19 11:28:09.853601
exp2,9,10,0.445,Methoxybenzoate 4 mM + Kan,F4,0.0366666666666666,2026-04-19 11:28:09.853601
exp2,9,11,0.426,Methoxybenzoate 4 mM + Kan,B4,0.0380555555555555,2026-04-19 13:37:22.711596
exp2,9,11,0.442,Methoxybenzoate 4 mM + Kan,B5,0.0380555555555555,2026-04-19 13:37:22.711596
exp2,9,11,0.42,Methoxybenzoate 4 mM + Kan,C4,0.0380555555555555,2026-04-19 13:37:22.711596
exp2,9,11,0.424,Methoxybenzoate 4 mM + Kan,C9,0.0380555555555555,2026-04-19 13:37:22.711596
exp2,9,11,0.446,Methoxybenzoate 4 mM + Kan,D4,0.0380555555555555,2026-04-19 13:37:22.711596
exp2,9,11,0.433,Methoxybenzoate 4 mM + Kan,D5,0.0380555555555555,2026-04-19 13:37:22.711596
exp2,9,11,0.422,Methoxybenzoate 4 mM + Kan,D9,0.0380555555555555,2026-04-19 13:37:22.711596
exp2,9,11,0.366,Methoxybenzoate 4 mM + Kan,D10,0.0380555555555555,2026-04-19 13:37:22.711596
exp2,9,11,0.453,Methoxybenzoate 4 mM + Kan,E4,0.0380555555555555,2026-04-19 13:37:22.711596
exp2,9,11,0.274,Methoxybenzoate 4 mM + Kan,E9,0.0380555555555555,2026-04-19 13:37:22.711596
exp2,9,11,0.445,Methoxybenzoate 4 mM + Kan,F4,0.0380555555555555,2026-04-19 13:37:22.711596
exp2,9,12,0.425,Methoxybenzoate 4 mM + Kan,B4,0.0366944444444444,2026-04-19 15:46:51.164938
exp2,9,12,0.444,Methoxybenzoate 4 mM + Kan,B5,0.0366944444444444,2026-04-19 15:46:51.164938
exp2,9,12,0.425,Methoxybenzoate 4 mM + Kan,C4,0.0366944444444444,2026-04-19 15:46:51.164938
exp2,9,12,0.423,Methoxybenzoate 4 mM + Kan,C9,0.0366944444444444,2026-04-19 15:46:51.164938
exp2,9,12,0.443,Methoxybenzoate 4 mM + Kan,D4,0.0366944444444444,2026-04-19 15:46:51.164938
exp2,9,12,0.434,Methoxybenzoate 4 mM + Kan,D5,0.0366944444444444,2026-04-19 15:46:51.164938
exp2,9,12,0.417,Methoxybenzoate 4 mM + Kan,D9,0.0366944444444444,2026-04-19 15:46:51.164938
exp2,9,12,0.424,Methoxybenzoate 4 mM + Kan,D10,0.0366944444444444,2026-04-19 15:46:51.164938
exp2,9,12,0.452,Methoxybenzoate 4 mM + Kan,E4,0.0366944444444444,2026-04-19 15:46:51.164938
exp2,9,12,0.32,Methoxybenzoate 4 mM + Kan,E9,0.0366944444444444,2026-04-19 15:46:51.164938
exp2,9,12,0.445,Methoxybenzoate 4 mM + Kan,F4,0.0366944444444444,2026-04-19 15:46:51.164938
exp2,10,contam,0.038,Methoxybenzoate 4 mM + Kan,B4,0.0383333333333333,2026-04-19 15:54:18.020286
exp2,10,contam,0.037,Methoxybenzoate 4 mM + Kan,B5,0.0383333333333333,2026-04-19 15:54:18.020286
exp2,10,contam,0.036,Methoxybenzoate 4 mM + Kan,C4,0.0383333333333333,2026-04-19 15:54:18.020286
exp2,10,contam,0.035,Methoxybenzoate 4 mM + Kan,C9,0.0383333333333333,2026-04-19 15:54:18.020286
exp2,10,contam,0.037,Methoxybenzoate 4 mM + Kan,D4,0.0383333333333333,2026-04-19 15:54:18.020286
exp2,10,contam,0.036,Methoxybenzoate 4 mM + Kan,D5,0.0383333333333333,2026-04-19 15:54:18.020286
exp2,10,contam,0.035,Methoxybenzoate 4 mM + Kan,D9,0.0383333333333333,2026-04-19 15:54:18.020286
exp2,10,contam,0.035,Methoxybenzoate 4 mM + Kan,D10,0.0383333333333333,2026-04-19 15:54:18.020286
exp2,10,contam,0.035,Methoxybenzoate 4 mM + Kan,E4,0.0383333333333333,2026-04-19 15:54:18.020286
exp2,10,contam,0.037,Methoxybenzoate 4 mM + Kan,E9,0.0383333333333333,2026-04-19 15:54:18.020286
exp2,10,contam,0.036,Methoxybenzoate 4 mM + Kan,F4,0.0383333333333333,2026-04-19 15:54:18.020286
exp2,10,0,0.078,Methoxybenzoate 4 mM + Kan,B4,0.03825,2026-04-19 16:09:08.129036
exp2,10,0,0.08,Methoxybenzoate 4 mM + Kan,B5,0.03825,2026-04-19 16:09:08.129036
exp2,10,0,0.084,Methoxybenzoate 4 mM + Kan,C4,0.03825,2026-04-19 16:09:08.129036
exp2,10,0,0.079,Methoxybenzoate 4 mM + Kan,C9,0.03825,2026-04-19 16:09:08.129036
exp2,10,0,0.079,Methoxybenzoate 4 mM + Kan,D4,0.03825,2026-04-19 16:09:08.129036
exp2,10,0,0.073,Methoxybenzoate 4 mM + Kan,D5,0.03825,2026-04-19 16:09:08.129036
exp2,10,0,0.073,Methoxybenzoate 4 mM + Kan,D9,0.03825,2026-04-19 16:09:08.129036
exp2,10,0,0.082,Methoxybenzoate 4 mM + Kan,D10,0.03825,2026-04-19 16:09:08.129036
exp2,10,0,0.075,Methoxybenzoate 4 mM + Kan,E4,0.03825,2026-04-19 16:09:08.129036
exp2,10,0,0.068,Methoxybenzoate 4 mM + Kan,E9,0.03825,2026-04-19 16:09:08.129036
exp2,10,0,0.071,Methoxybenzoate 4 mM + Kan,F4,0.03825,2026-04-19 16:09:08.129036
exp2,10,1,0.129,Methoxybenzoate 4 mM + Kan,B4,0.0379444444444444,2026-04-19 18:18:37.669771
exp2,10,1,0.131,Methoxybenzoate 4 mM + Kan,B5,0.0379444444444444,2026-04-19 18:18:37.669771
exp2,10,1,0.135,Methoxybenzoate 4 mM + Kan,C4,0.0379444444444444,2026-04-19 18:18:37.669771
exp2,10,1,0.125,Methoxybenzoate 4 mM + Kan,C9,0.0379444444444444,2026-04-19 18:18:37.669771
exp2,10,1,0.131,Methoxybenzoate 4 mM + Kan,D4,0.0379444444444444,2026-04-19 18:18:37.669771
exp2,10,1,0.146,Methoxybenzoate 4 mM + Kan,D5,0.0379444444444444,2026-04-19 18:18:37.669771
exp2,10,1,0.124,Methoxybenzoate 4 mM + Kan,D9,0.0379444444444444,2026-04-19 18:18:37.669771
exp2,10,1,0.167,Methoxybenzoate 4 mM + Kan,D10,0.0379444444444444,2026-04-19 18:18:37.669771
exp2,10,1,0.147,Methoxybenzoate 4 mM + Kan,E4,0.0379444444444444,2026-04-19 18:18:37.669771
exp2,10,1,0.11,Methoxybenzoate 4 mM + Kan,E9,0.0379444444444444,2026-04-19 18:18:37.669771
exp2,10,1,0.14,Methoxybenzoate 4 mM + Kan,F4,0.0379444444444444,2026-04-19 18:18:37.669771
exp2,10,2,0.193,Methoxybenzoate 4 mM + Kan,B4,0.0380277777777777,2026-04-19 20:32:31.483384
exp2,10,2,0.193,Methoxybenzoate 4 mM + Kan,B5,0.0380277777777777,2026-04-19 20:32:31.483384
exp2,10,2,0.199,Methoxybenzoate 4 mM + Kan,C4,0.0380277777777777,2026-04-19 20:32:31.483384
exp2,10,2,0.161,Methoxybenzoate 4 mM + Kan,C9,0.0380277777777777,2026-04-19 20:32:31.483384
exp2,10,2,0.177,Methoxybenzoate 4 mM + Kan,D4,0.0380277777777777,2026-04-19 20:32:31.483384
exp2,10,2,0.196,Methoxybenzoate 4 mM + Kan,D5,0.0380277777777777,2026-04-19 20:32:31.483384
exp2,10,2,0.159,Methoxybenzoate 4 mM + Kan,D9,0.0380277777777777,2026-04-19 20:32:31.483384
exp2,10,2,0.249,Methoxybenzoate 4 mM + Kan,D10,0.0380277777777777,2026-04-19 20:32:31.483384
exp2,10,2,0.192,Methoxybenzoate 4 mM + Kan,E4,0.0380277777777777,2026-04-19 20:32:31.483384
exp2,10,2,0.176,Methoxybenzoate 4 mM + Kan,E9,0.0380277777777777,2026-04-19 20:32:31.483384
exp2,10,2,0.189,Methoxybenzoate 4 mM + Kan,F4,0.0380277777777777,2026-04-19 20:32:31.483384
exp2,10,3,0.224,Methoxybenzoate 4 mM + Kan,B4,0.0383055555555555,2026-04-19 22:41:51.820550
exp2,10,3,0.223,Methoxybenzoate 4 mM + Kan,B5,0.0383055555555555,2026-04-19 22:41:51.820550
exp2,10,3,0.225,Methoxybenzoate 4 mM + Kan,C4,0.0383055555555555,2026-04-19 22:41:51.820550
exp2,10,3,0.183,Methoxybenzoate 4 mM + Kan,C9,0.0383055555555555,2026-04-19 22:41:51.820550
exp2,10,3,0.203,Methoxybenzoate 4 mM + Kan,D4,0.0383055555555555,2026-04-19 22:41:51.820550
exp2,10,3,0.229,Methoxybenzoate 4 mM + Kan,D5,0.0383055555555555,2026-04-19 22:41:51.820550
exp2,10,3,0.177,Methoxybenzoate 4 mM + Kan,D9,0.0383055555555555,2026-04-19 22:41:51.820550
exp2,10,3,0.309,Methoxybenzoate 4 mM + Kan,D10,0.0383055555555555,2026-04-19 22:41:51.820550
exp2,10,3,0.219,Methoxybenzoate 4 mM + Kan,E4,0.0383055555555555,2026-04-19 22:41:51.820550
exp2,10,3,0.238,Methoxybenzoate 4 mM + Kan,E9,0.0383055555555555,2026-04-19 22:41:51.820550
exp2,10,3,0.221,Methoxybenzoate 4 mM + Kan,F4,0.0383055555555555,2026-04-19 22:41:51.820550
exp2,10,4,0.258,Methoxybenzoate 4 mM + Kan,B4,0.0400555555555555,2026-04-20 00:51:38.063972
exp2,10,4,0.255,Methoxybenzoate 4 mM + Kan,B5,0.0400555555555555,2026-04-20 00:51:38.063972
exp2,10,4,0.241,Methoxybenzoate 4 mM + Kan,C4,0.0400555555555555,2026-04-20 00:51:38.063972
exp2,10,4,0.2,Methoxybenzoate 4 mM + Kan,C9,0.0400555555555555,2026-04-20 00:51:38.063972
exp2,10,4,0.216,Methoxybenzoate 4 mM + Kan,D4,0.0400555555555555,2026-04-20 00:51:38.063972
exp2,10,4,0.263,Methoxybenzoate 4 mM + Kan,D5,0.0400555555555555,2026-04-20 00:51:38.063972
exp2,10,4,0.192,Methoxybenzoate 4 mM + Kan,D9,0.0400555555555555,2026-04-20 00:51:38.063972
exp2,10,4,0.369,Methoxybenzoate 4 mM + Kan,D10,0.0400555555555555,2026-04-20 00:51:38.063972
exp2,10,4,0.242,Methoxybenzoate 4 mM + Kan,E4,0.0400555555555555,2026-04-20 00:51:38.063972
exp2,10,4,0.302,Methoxybenzoate 4 mM + Kan,E9,0.0400555555555555,2026-04-20 00:51:38.063972
exp2,10,4,0.257,Methoxybenzoate 4 mM + Kan,F4,0.0400555555555555,2026-04-20 00:51:38.063972
exp2,10,5,0.299,Methoxybenzoate 4 mM + Kan,B4,0.0388611111111111,2026-04-20 03:01:15.974116
exp2,10,5,0.298,Methoxybenzoate 4 mM + Kan,B5,0.0388611111111111,2026-04-20 03:01:15.974116
exp2,10,5,0.254,Methoxybenzoate 4 mM + Kan,C4,0.0388611111111111,2026-04-20 03:01:15.974116
exp2,10,5,0.212,Methoxybenzoate 4 mM + Kan,C9,0.0388611111111111,2026-04-20 03:01:15.974116
exp2,10,5,0.228,Methoxybenzoate 4 mM + Kan,D4,0.0388611111111111,2026-04-20 03:01:15.974116
exp2,10,5,0.301,Methoxybenzoate 4 mM + Kan,D5,0.0388611111111111,2026-04-20 03:01:15.974116
exp2,10,5,0.203,Methoxybenzoate 4 mM + Kan,D9,0.0388611111111111,2026-04-20 03:01:15.974116
exp2,10,5,0.427,Methoxybenzoate 4 mM + Kan,D10,0.0388611111111111,2026-04-20 03:01:15.974116
exp2,10,5,0.277,Methoxybenzoate 4 mM + Kan,E4,0.0388611111111111,2026-04-20 03:01:15.974116
exp2,10,5,0.356,Methoxybenzoate 4 mM + Kan,E9,0.0388611111111111,2026-04-20 03:01:15.974116
exp2,10,5,0.3,Methoxybenzoate 4 mM + Kan,F4,0.0388611111111111,2026-04-20 03:01:15.974116
exp2,10,6,0.351,Methoxybenzoate 4 mM + Kan,B4,0.0376666666666666,2026-04-20 05:10:21.776870
exp2,10,6,0.351,Methoxybenzoate 4 mM + Kan,B5,0.0376666666666666,2026-04-20 05:10:21.776870
exp2,10,6,0.271,Methoxybenzoate 4 mM + Kan,C4,0.0376666666666666,2026-04-20 05:10:21.776870
exp2,10,6,0.229,Methoxybenzoate 4 mM + Kan,C9,0.0376666666666666,2026-04-20 05:10:21.776870
exp2,10,6,0.24,Methoxybenzoate 4 mM + Kan,D4,0.0376666666666666,2026-04-20 05:10:21.776870
exp2,10,6,0.351,Methoxybenzoate 4 mM + Kan,D5,0.0376666666666666,2026-04-20 05:10:21.776870
exp2,10,6,0.224,Methoxybenzoate 4 mM + Kan,D9,0.0376666666666666,2026-04-20 05:10:21.776870
exp2,10,6,0.43,Methoxybenzoate 4 mM + Kan,D10,0.0376666666666666,2026-04-20 05:10:21.776870
exp2,10,6,0.326,Methoxybenzoate 4 mM + Kan,E4,0.0376666666666666,2026-04-20 05:10:21.776870
exp2,10,6,0.384,Methoxybenzoate 4 mM + Kan,E9,0.0376666666666666,2026-04-20 05:10:21.776870
exp2,10,6,0.356,Methoxybenzoate 4 mM + Kan,F4,0.0376666666666666,2026-04-20 05:10:21.776870
exp2,10,7,0.405,Methoxybenzoate 4 mM + Kan,B4,0.0386944444444444,2026-04-20 07:20:14.204255
exp2,10,7,0.408,Methoxybenzoate 4 mM + Kan,B5,0.0386944444444444,2026-04-20 07:20:14.204255
exp2,10,7,0.298,Methoxybenzoate 4 mM + Kan,C4,0.0386944444444444,2026-04-20 07:20:14.204255
exp2,10,7,0.256,Methoxybenzoate 4 mM + Kan,C9,0.0386944444444444,2026-04-20 07:20:14.204255
exp2,10,7,0.26,Methoxybenzoate 4 mM + Kan,D4,0.0386944444444444,2026-04-20 07:20:14.204255
exp2,10,7,0.411,Methoxybenzoate 4 mM + Kan,D5,0.0386944444444444,2026-04-20 07:20:14.204255
exp2,10,7,0.25,Methoxybenzoate 4 mM + Kan,D9,0.0386944444444444,2026-04-20 07:20:14.204255
exp2,10,7,0.435,Methoxybenzoate 4 mM + Kan,D10,0.0386944444444444,2026-04-20 07:20:14.204255
exp2,10,7,0.382,Methoxybenzoate 4 mM + Kan,E4,0.0386944444444444,2026-04-20 07:20:14.204255
exp2,10,7,0.397,Methoxybenzoate 4 mM + Kan,E9,0.0386944444444444,2026-04-20 07:20:14.204255
exp2,10,7,0.412,Methoxybenzoate 4 mM + Kan,F4,0.0386944444444444,2026-04-20 07:20:14.204255
exp2,10,8,0.412,Methoxybenzoate 4 mM + Kan,B4,0.0383055555555555,2026-04-20 09:30:04.637474
exp2,10,8,0.43,Methoxybenzoate 4 mM + Kan,B5,0.0383055555555555,2026-04-20 09:30:04.637474
exp2,10,8,0.335,Methoxybenzoate 4 mM + Kan,C4,0.0383055555555555,2026-04-20 09:30:04.637474
exp2,10,8,0.293,Methoxybenzoate 4 mM + Kan,C9,0.0383055555555555,2026-04-20 09:30:04.637474
exp2,10,8,0.283,Methoxybenzoate 4 mM + Kan,D4,0.0383055555555555,2026-04-20 09:30:04.637474
exp2,10,8,0.435,Methoxybenzoate 4 mM + Kan,D5,0.0383055555555555,2026-04-20 09:30:04.637474
exp2,10,8,0.282,Methoxybenzoate 4 mM + Kan,D9,0.0383055555555555,2026-04-20 09:30:04.637474
exp2,10,8,0.433,Methoxybenzoate 4 mM + Kan,D10,0.0383055555555555,2026-04-20 09:30:04.637474
exp2,10,8,0.44,Methoxybenzoate 4 mM + Kan,E4,0.0383055555555555,2026-04-20 09:30:04.637474
exp2,10,8,0.393,Methoxybenzoate 4 mM + Kan,E9,0.0383055555555555,2026-04-20 09:30:04.637474
exp2,10,8,0.439,Methoxybenzoate 4 mM + Kan,F4,0.0383055555555555,2026-04-20 09:30:04.637474
exp2,10,9,0.418,Methoxybenzoate 4 mM + Kan,B4,0.0387222222222222,2026-04-20 11:39:37.259358
exp2,10,9,0.434,Methoxybenzoate 4 mM + Kan,B5,0.0387222222222222,2026-04-20 11:39:37.259358
exp2,10,9,0.388,Methoxybenzoate 4 mM + Kan,C4,0.0387222222222222,2026-04-20 11:39:37.259358
exp2,10,9,0.34,Methoxybenzoate 4 mM + Kan,C9,0.0387222222222222,2026-04-20 11:39:37.259358
exp2,10,9,0.326,Methoxybenzoate 4 mM + Kan,D4,0.0387222222222222,2026-04-20 11:39:37.259358
exp2,10,9,0.44,Methoxybenzoate 4 mM + Kan,D5,0.0387222222222222,2026-04-20 11:39:37.259358
exp2,10,9,0.324,Methoxybenzoate 4 mM + Kan,D9,0.0387222222222222,2026-04-20 11:39:37.259358
exp2,10,9,0.435,Methoxybenzoate 4 mM + Kan,D10,0.0387222222222222,2026-04-20 11:39:37.259358
exp2,10,9,0.446,Methoxybenzoate 4 mM + Kan,E4,0.0387222222222222,2026-04-20 11:39:37.259358
exp2,10,9,0.391,Methoxybenzoate 4 mM + Kan,E9,0.0387222222222222,2026-04-20 11:39:37.259358
exp2,10,9,0.443,Methoxybenzoate 4 mM + Kan,F4,0.0387222222222222,2026-04-20 11:39:37.259358
exp2,10,10,0.422,Methoxybenzoate 4 mM + Kan,B4,0.0381666666666666,2026-04-20 13:48:54.750078
exp2,10,10,0.438,Methoxybenzoate 4 mM + Kan,B5,0.0381666666666666,2026-04-20 13:48:54.750078
exp2,10,10,0.394,Methoxybenzoate 4 mM + Kan,C4,0.0381666666666666,2026-04-20 13:48:54.750078
exp2,10,10,0.403,Methoxybenzoate 4 mM + Kan,C9,0.0381666666666666,2026-04-20 13:48:54.750078
exp2,10,10,0.378,Methoxybenzoate 4 mM + Kan,D4,0.0381666666666666,2026-04-20 13:48:54.750078
exp2,10,10,0.443,Methoxybenzoate 4 mM + Kan,D5,0.0381666666666666,2026-04-20 13:48:54.750078
exp2,10,10,0.379,Methoxybenzoate 4 mM + Kan,D9,0.0381666666666666,2026-04-20 13:48:54.750078
exp2,10,10,0.436,Methoxybenzoate 4 mM + Kan,D10,0.0381666666666666,2026-04-20 13:48:54.750078
exp2,10,10,0.45,Methoxybenzoate 4 mM + Kan,E4,0.0381666666666666,2026-04-20 13:48:54.750078
exp2,10,10,0.393,Methoxybenzoate 4 mM + Kan,E9,0.0381666666666666,2026-04-20 13:48:54.750078
exp2,10,10,0.447,Methoxybenzoate 4 mM + Kan,F4,0.0381666666666666,2026-04-20 13:48:54.750078
exp2,10,11,0.422,Methoxybenzoate 4 mM + Kan,B4,0.039,2026-04-20 15:58:19.873794
exp2,10,11,0.44,Methoxybenzoate 4 mM + Kan,B5,0.039,2026-04-20 15:58:19.873794
exp2,10,11,0.402,Methoxybenzoate 4 mM + Kan,C4,0.039,2026-04-20 15:58:19.873794
exp2,10,11,0.424,Methoxybenzoate 4 mM + Kan,C9,0.039,2026-04-20 15:58:19.873794
exp2,10,11,0.445,Methoxybenzoate 4 mM + Kan,D4,0.039,2026-04-20 15:58:19.873794
exp2,10,11,0.447,Methoxybenzoate 4 mM + Kan,D5,0.039,2026-04-20 15:58:19.873794
exp2,10,11,0.425,Methoxybenzoate 4 mM + Kan,D9,0.039,2026-04-20 15:58:19.873794
exp2,10,11,0.434,Methoxybenzoate 4 mM + Kan,D10,0.039,2026-04-20 15:58:19.873794
exp2,10,11,0.454,Methoxybenzoate 4 mM + Kan,E4,0.039,2026-04-20 15:58:19.873794
exp2,10,11,0.392,Methoxybenzoate 4 mM + Kan,E9,0.039,2026-04-20 15:58:19.873794
exp2,10,11,0.443,Methoxybenzoate 4 mM + Kan,F4,0.039,2026-04-20 15:58:19.873794
exp2,10,12,0.418,Methoxybenzoate 4 mM + Kan,B4,0.0385555555555555,2026-04-20 18:07:52.414059
exp2,10,12,0.438,Methoxybenzoate 4 mM + Kan,B5,0.0385555555555555,2026-04-20 18:07:52.414059
exp2,10,12,0.404,Methoxybenzoate 4 mM + Kan,C4,0.0385555555555555,2026-04-20 18:07:52.414059
exp2,10,12,0.426,Methoxybenzoate 4 mM + Kan,C9,0.0385555555555555,2026-04-20 18:07:52.414059
exp2,10,12,0.445,Methoxybenzoate 4 mM + Kan,D4,0.0385555555555555,2026-04-20 18:07:52.414059
exp2,10,12,0.445,Methoxybenzoate 4 mM + Kan,D5,0.0385555555555555,2026-04-20 18:07:52.414059
exp2,10,12,0.426,Methoxybenzoate 4 mM + Kan,D9,0.0385555555555555,2026-04-20 18:07:52.414059
exp2,10,12,0.429,Methoxybenzoate 4 mM + Kan,D10,0.0385555555555555,2026-04-20 18:07:52.414059
exp2,10,12,0.452,Methoxybenzoate 4 mM + Kan,E4,0.0385555555555555,2026-04-20 18:07:52.414059
exp2,10,12,0.388,Methoxybenzoate 4 mM + Kan,E9,0.0385555555555555,2026-04-20 18:07:52.414059
exp2,10,12,0.443,Methoxybenzoate 4 mM + Kan,F4,0.0385555555555555,2026-04-20 18:07:52.414059
exp2,11,contam,0.035,Methoxybenzoate 4 mM + Kan,B4,0.0376944444444444,2026-04-20 18:15:03.974077
exp2,11,contam,0.036,Methoxybenzoate 4 mM + Kan,B5,0.0376944444444444,2026-04-20 18:15:03.974077
exp2,11,contam,0.036,Methoxybenzoate 4 mM + Kan,C4,0.0376944444444444,2026-04-20 18:15:03.974077
exp2,11,contam,0.038,Methoxybenzoate 4 mM + Kan,C9,0.0376944444444444,2026-04-20 18:15:03.974077
exp2,11,contam,0.036,Methoxybenzoate 4 mM + Kan,D4,0.0376944444444444,2026-04-20 18:15:03.974077
exp2,11,contam,0.037,Methoxybenzoate 4 mM + Kan,D5,0.0376944444444444,2026-04-20 18:15:03.974077
exp2,11,contam,0.036,Methoxybenzoate 4 mM + Kan,D9,0.0376944444444444,2026-04-20 18:15:03.974077
exp2,11,contam,0.036,Methoxybenzoate 4 mM + Kan,D10,0.0376944444444444,2026-04-20 18:15:03.974077
exp2,11,contam,0.036,Methoxybenzoate 4 mM + Kan,E4,0.0376944444444444,2026-04-20 18:15:03.974077
exp2,11,contam,0.036,Methoxybenzoate 4 mM + Kan,E9,0.0376944444444444,2026-04-20 18:15:03.974077
exp2,11,contam,0.036,Methoxybenzoate 4 mM + Kan,F4,0.0376944444444444,2026-04-20 18:15:03.974077
exp2,11,0,0.078,Methoxybenzoate 4 mM + Kan,B4,0.03725,2026-04-20 18:29:58.817523
exp2,11,0,0.082,Methoxybenzoate 4 mM + Kan,B5,0.03725,2026-04-20 18:29:58.817523
exp2,11,0,0.082,Methoxybenzoate 4 mM + Kan,C4,0.03725,2026-04-20 18:29:58.817523
exp2,11,0,0.081,Methoxybenzoate 4 mM + Kan,C9,0.03725,2026-04-20 18:29:58.817523
exp2,11,0,0.081,Methoxybenzoate 4 mM + Kan,D4,0.03725,2026-04-20 18:29:58.817523
exp2,11,0,0.076,Methoxybenzoate 4 mM + Kan,D5,0.03725,2026-04-20 18:29:58.817523
exp2,11,0,0.078,Methoxybenzoate 4 mM + Kan,D9,0.03725,2026-04-20 18:29:58.817523
exp2,11,0,0.074,Methoxybenzoate 4 mM + Kan,D10,0.03725,2026-04-20 18:29:58.817523
exp2,11,0,0.078,Methoxybenzoate 4 mM + Kan,E4,0.03725,2026-04-20 18:29:58.817523
exp2,11,0,0.074,Methoxybenzoate 4 mM + Kan,E9,0.03725,2026-04-20 18:29:58.817523
exp2,11,0,0.075,Methoxybenzoate 4 mM + Kan,F4,0.03725,2026-04-20 18:29:58.817523
exp2,11,1,0.138,Methoxybenzoate 4 mM + Kan,B4,0.039,2026-04-20 20:45:27.581001
exp2,11,1,0.134,Methoxybenzoate 4 mM + Kan,B5,0.039,2026-04-20 20:45:27.581001
exp2,11,1,0.142,Methoxybenzoate 4 mM + Kan,C4,0.039,2026-04-20 20:45:27.581001
exp2,11,1,0.133,Methoxybenzoate 4 mM + Kan,C9,0.039,2026-04-20 20:45:27.581001
exp2,11,1,0.17,Methoxybenzoate 4 mM + Kan,D4,0.039,2026-04-20 20:45:27.581001
exp2,11,1,0.152,Methoxybenzoate 4 mM + Kan,D5,0.039,2026-04-20 20:45:27.581001
exp2,11,1,0.147,Methoxybenzoate 4 mM + Kan,D9,0.039,2026-04-20 20:45:27.581001
exp2,11,1,0.131,Methoxybenzoate 4 mM + Kan,D10,0.039,2026-04-20 20:45:27.581001
exp2,11,1,0.152,Methoxybenzoate 4 mM + Kan,E4,0.039,2026-04-20 20:45:27.581001
exp2,11,1,0.131,Methoxybenzoate 4 mM + Kan,E9,0.039,2026-04-20 20:45:27.581001
exp2,11,1,0.146,Methoxybenzoate 4 mM + Kan,F4,0.039,2026-04-20 20:45:27.581001
exp2,11,2,0.197,Methoxybenzoate 4 mM + Kan,B4,0.0395833333333333,2026-04-20 22:54:47.512919
exp2,11,2,0.196,Methoxybenzoate 4 mM + Kan,B5,0.0395833333333333,2026-04-20 22:54:47.512919
exp2,11,2,0.196,Methoxybenzoate 4 mM + Kan,C4,0.0395833333333333,2026-04-20 22:54:47.512919
exp2,11,2,0.208,Methoxybenzoate 4 mM + Kan,C9,0.0395833333333333,2026-04-20 22:54:47.512919
exp2,11,2,0.249,Methoxybenzoate 4 mM + Kan,D4,0.0395833333333333,2026-04-20 22:54:47.512919
exp2,11,2,0.201,Methoxybenzoate 4 mM + Kan,D5,0.0395833333333333,2026-04-20 22:54:47.512919
exp2,11,2,0.226,Methoxybenzoate 4 mM + Kan,D9,0.0395833333333333,2026-04-20 22:54:47.512919
exp2,11,2,0.176,Methoxybenzoate 4 mM + Kan,D10,0.0395833333333333,2026-04-20 22:54:47.512919
exp2,11,2,0.209,Methoxybenzoate 4 mM + Kan,E4,0.0395833333333333,2026-04-20 22:54:47.512919
exp2,11,2,0.166,Methoxybenzoate 4 mM + Kan,E9,0.0395833333333333,2026-04-20 22:54:47.512919
exp2,11,2,0.194,Methoxybenzoate 4 mM + Kan,F4,0.0395833333333333,2026-04-20 22:54:47.512919
exp2,11,3,0.224,Methoxybenzoate 4 mM + Kan,B4,0.0381666666666666,2026-04-21 01:04:08.432654
exp2,11,3,0.231,Methoxybenzoate 4 mM + Kan,B5,0.0381666666666666,2026-04-21 01:04:08.432654
exp2,11,3,0.22,Methoxybenzoate 4 mM + Kan,C4,0.0381666666666666,2026-04-21 01:04:08.432654
exp2,11,3,0.243,Methoxybenzoate 4 mM + Kan,C9,0.0381666666666666,2026-04-21 01:04:08.432654
exp2,11,3,0.307,Methoxybenzoate 4 mM + Kan,D4,0.0381666666666666,2026-04-21 01:04:08.432654
exp2,11,3,0.231,Methoxybenzoate 4 mM + Kan,D5,0.0381666666666666,2026-04-21 01:04:08.432654
exp2,11,3,0.27,Methoxybenzoate 4 mM + Kan,D9,0.0381666666666666,2026-04-21 01:04:08.432654
exp2,11,3,0.195,Methoxybenzoate 4 mM + Kan,D10,0.0381666666666666,2026-04-21 01:04:08.432654
exp2,11,3,0.239,Methoxybenzoate 4 mM + Kan,E4,0.0381666666666666,2026-04-21 01:04:08.432654
exp2,11,3,0.183,Methoxybenzoate 4 mM + Kan,E9,0.0381666666666666,2026-04-21 01:04:08.432654
exp2,11,3,0.226,Methoxybenzoate 4 mM + Kan,F4,0.0381666666666666,2026-04-21 01:04:08.432654
exp2,11,4,0.257,Methoxybenzoate 4 mM + Kan,B4,0.0387777777777777,2026-04-21 03:13:18.842922
exp2,11,4,0.266,Methoxybenzoate 4 mM + Kan,B5,0.0387777777777777,2026-04-21 03:13:18.842922
exp2,11,4,0.235,Methoxybenzoate 4 mM + Kan,C4,0.0387777777777777,2026-04-21 03:13:18.842922
exp2,11,4,0.285,Methoxybenzoate 4 mM + Kan,C9,0.0387777777777777,2026-04-21 03:13:18.842922
exp2,11,4,0.363,Methoxybenzoate 4 mM + Kan,D4,0.0387777777777777,2026-04-21 03:13:18.842922
exp2,11,4,0.267,Methoxybenzoate 4 mM + Kan,D5,0.0387777777777777,2026-04-21 03:13:18.842922
exp2,11,4,0.324,Methoxybenzoate 4 mM + Kan,D9,0.0387777777777777,2026-04-21 03:13:18.842922
exp2,11,4,0.216,Methoxybenzoate 4 mM + Kan,D10,0.0387777777777777,2026-04-21 03:13:18.842922
exp2,11,4,0.283,Methoxybenzoate 4 mM + Kan,E4,0.0387777777777777,2026-04-21 03:13:18.842922
exp2,11,4,0.197,Methoxybenzoate 4 mM + Kan,E9,0.0387777777777777,2026-04-21 03:13:18.842922
exp2,11,4,0.268,Methoxybenzoate 4 mM + Kan,F4,0.0387777777777777,2026-04-21 03:13:18.842922
exp2,11,5,0.294,Methoxybenzoate 4 mM + Kan,B4,0.0374722222222222,2026-04-21 05:22:48.301124
exp2,11,5,0.311,Methoxybenzoate 4 mM + Kan,B5,0.0374722222222222,2026-04-21 05:22:48.301124
exp2,11,5,0.244,Methoxybenzoate 4 mM + Kan,C4,0.0374722222222222,2026-04-21 05:22:48.301124
exp2,11,5,0.336,Methoxybenzoate 4 mM + Kan,C9,0.0374722222222222,2026-04-21 05:22:48.301124
exp2,11,5,0.427,Methoxybenzoate 4 mM + Kan,D4,0.0374722222222222,2026-04-21 05:22:48.301124
exp2,11,5,0.306,Methoxybenzoate 4 mM + Kan,D5,0.0374722222222222,2026-04-21 05:22:48.301124
exp2,11,5,0.382,Methoxybenzoate 4 mM + Kan,D9,0.0374722222222222,2026-04-21 05:22:48.301124
exp2,11,5,0.235,Methoxybenzoate 4 mM + Kan,D10,0.0374722222222222,2026-04-21 05:22:48.301124
exp2,11,5,0.335,Methoxybenzoate 4 mM + Kan,E4,0.0374722222222222,2026-04-21 05:22:48.301124
exp2,11,5,0.212,Methoxybenzoate 4 mM + Kan,E9,0.0374722222222222,2026-04-21 05:22:48.301124
exp2,11,5,0.316,Methoxybenzoate 4 mM + Kan,F4,0.0374722222222222,2026-04-21 05:22:48.301124
exp2,11,6,0.342,Methoxybenzoate 4 mM + Kan,B4,0.0378333333333333,2026-04-21 07:32:20.137818
exp2,11,6,0.366,Methoxybenzoate 4 mM + Kan,B5,0.0378333333333333,2026-04-21 07:32:20.137818
exp2,11,6,0.263,Methoxybenzoate 4 mM + Kan,C4,0.0378333333333333,2026-04-21 07:32:20.137818
exp2,11,6,0.398,Methoxybenzoate 4 mM + Kan,C9,0.0378333333333333,2026-04-21 07:32:20.137818
exp2,11,6,0.431,Methoxybenzoate 4 mM + Kan,D4,0.0378333333333333,2026-04-21 07:32:20.137818
exp2,11,6,0.36,Methoxybenzoate 4 mM + Kan,D5,0.0378333333333333,2026-04-21 07:32:20.137818
exp2,11,6,0.43,Methoxybenzoate 4 mM + Kan,D9,0.0378333333333333,2026-04-21 07:32:20.137818
exp2,11,6,0.266,Methoxybenzoate 4 mM + Kan,D10,0.0378333333333333,2026-04-21 07:32:20.137818
exp2,11,6,0.397,Methoxybenzoate 4 mM + Kan,E4,0.0378333333333333,2026-04-21 07:32:20.137818
exp2,11,6,0.226,Methoxybenzoate 4 mM + Kan,E9,0.0378333333333333,2026-04-21 07:32:20.137818
exp2,11,6,0.376,Methoxybenzoate 4 mM + Kan,F4,0.0378333333333333,2026-04-21 07:32:20.137818
exp2,11,7,0.397,Methoxybenzoate 4 mM + Kan,B4,0.0378333333333333,2026-04-21 09:41:39.771892
exp2,11,7,0.425,Methoxybenzoate 4 mM + Kan,B5,0.0378333333333333,2026-04-21 09:41:39.771892
exp2,11,7,0.282,Methoxybenzoate 4 mM + Kan,C4,0.0378333333333333,2026-04-21 09:41:39.771892
exp2,11,7,0.436,Methoxybenzoate 4 mM + Kan,C9,0.0378333333333333,2026-04-21 09:41:39.771892
exp2,11,7,0.439,Methoxybenzoate 4 mM + Kan,D4,0.0378333333333333,2026-04-21 09:41:39.771892
exp2,11,7,0.422,Methoxybenzoate 4 mM + Kan,D5,0.0378333333333333,2026-04-21 09:41:39.771892
exp2,11,7,0.436,Methoxybenzoate 4 mM + Kan,D9,0.0378333333333333,2026-04-21 09:41:39.771892
exp2,11,7,0.308,Methoxybenzoate 4 mM + Kan,D10,0.0378333333333333,2026-04-21 09:41:39.771892
exp2,11,7,0.447,Methoxybenzoate 4 mM + Kan,E4,0.0378333333333333,2026-04-21 09:41:39.771892
exp2,11,7,0.245,Methoxybenzoate 4 mM + Kan,E9,0.0378333333333333,2026-04-21 09:41:39.771892
exp2,11,7,0.439,Methoxybenzoate 4 mM + Kan,F4,0.0378333333333333,2026-04-21 09:41:39.771892
exp2,11,8,0.421,Methoxybenzoate 4 mM + Kan,B4,0.0377222222222222,2026-04-21 11:50:50.971559
exp2,11,8,0.439,Methoxybenzoate 4 mM + Kan,B5,0.0377222222222222,2026-04-21 11:50:50.971559
exp2,11,8,0.311,Methoxybenzoate 4 mM + Kan,C4,0.0377222222222222,2026-04-21 11:50:50.971559
exp2,11,8,0.442,Methoxybenzoate 4 mM + Kan,C9,0.0377222222222222,2026-04-21 11:50:50.971559
exp2,11,8,0.442,Methoxybenzoate 4 mM + Kan,D4,0.0377222222222222,2026-04-21 11:50:50.971559
exp2,11,8,0.442,Methoxybenzoate 4 mM + Kan,D5,0.0377222222222222,2026-04-21 11:50:50.971559
exp2,11,8,0.439,Methoxybenzoate 4 mM + Kan,D9,0.0377222222222222,2026-04-21 11:50:50.971559
exp2,11,8,0.356,Methoxybenzoate 4 mM + Kan,D10,0.0377222222222222,2026-04-21 11:50:50.971559
exp2,11,8,0.453,Methoxybenzoate 4 mM + Kan,E4,0.0377222222222222,2026-04-21 11:50:50.971559
exp2,11,8,0.268,Methoxybenzoate 4 mM + Kan,E9,0.0377222222222222,2026-04-21 11:50:50.971559
exp2,11,8,0.441,Methoxybenzoate 4 mM + Kan,F4,0.0377222222222222,2026-04-21 11:50:50.971559
exp2,11,9,0.424,Methoxybenzoate 4 mM + Kan,B4,0.0374166666666666,2026-04-21 14:00:18.453490
exp2,11,9,0.442,Methoxybenzoate 4 mM + Kan,B5,0.0374166666666666,2026-04-21 14:00:18.453490
exp2,11,9,0.35,Methoxybenzoate 4 mM + Kan,C4,0.0374166666666666,2026-04-21 14:00:18.453490
exp2,11,9,0.444,Methoxybenzoate 4 mM + Kan,C9,0.0374166666666666,2026-04-21 14:00:18.453490
exp2,11,9,0.443,Methoxybenzoate 4 mM + Kan,D4,0.0374166666666666,2026-04-21 14:00:18.453490
exp2,11,9,0.446,Methoxybenzoate 4 mM + Kan,D5,0.0374166666666666,2026-04-21 14:00:18.453490
exp2,11,9,0.441,Methoxybenzoate 4 mM + Kan,D9,0.0374166666666666,2026-04-21 14:00:18.453490
exp2,11,9,0.415,Methoxybenzoate 4 mM + Kan,D10,0.0374166666666666,2026-04-21 14:00:18.453490
exp2,11,9,0.459,Methoxybenzoate 4 mM + Kan,E4,0.0374166666666666,2026-04-21 14:00:18.453490
exp2,11,9,0.3,Methoxybenzoate 4 mM + Kan,E9,0.0374166666666666,2026-04-21 14:00:18.453490
exp2,11,9,0.446,Methoxybenzoate 4 mM + Kan,F4,0.0374166666666666,2026-04-21 14:00:18.453490
exp2,11,10,0.431,Methoxybenzoate 4 mM + Kan,B4,0.0385,2026-04-21 16:09:23.806821
exp2,11,10,0.449,Methoxybenzoate 4 mM + Kan,B5,0.0385,2026-04-21 16:09:23.806821
exp2,11,10,0.374,Methoxybenzoate 4 mM + Kan,C4,0.0385,2026-04-21 16:09:23.806821
exp2,11,10,0.449,Methoxybenzoate 4 mM + Kan,C9,0.0385,2026-04-21 16:09:23.806821
exp2,11,10,0.447,Methoxybenzoate 4 mM + Kan,D4,0.0385,2026-04-21 16:09:23.806821
exp2,11,10,0.456,Methoxybenzoate 4 mM + Kan,D5,0.0385,2026-04-21 16:09:23.806821
exp2,11,10,0.444,Methoxybenzoate 4 mM + Kan,D9,0.0385,2026-04-21 16:09:23.806821
exp2,11,10,0.439,Methoxybenzoate 4 mM + Kan,D10,0.0385,2026-04-21 16:09:23.806821
exp2,11,10,0.461,Methoxybenzoate 4 mM + Kan,E4,0.0385,2026-04-21 16:09:23.806821
exp2,11,10,0.348,Methoxybenzoate 4 mM + Kan,E9,0.0385,2026-04-21 16:09:23.806821
exp2,11,10,0.449,Methoxybenzoate 4 mM + Kan,F4,0.0385,2026-04-21 16:09:23.806821
exp2,11,11,0.425,Methoxybenzoate 4 mM + Kan,B4,0.0380833333333333,2026-04-21 18:19:02.066713
exp2,11,11,0.445,Methoxybenzoate 4 mM + Kan,B5,0.0380833333333333,2026-04-21 18:19:02.066713
exp2,11,11,0.371,Methoxybenzoate 4 mM + Kan,C4,0.0380833333333333,2026-04-21 18:19:02.066713
exp2,11,11,0.443,Methoxybenzoate 4 mM + Kan,C9,0.0380833333333333,2026-04-21 18:19:02.066713
exp2,11,11,0.441,Methoxybenzoate 4 mM + Kan,D4,0.0380833333333333,2026-04-21 18:19:02.066713
exp2,11,11,0.449,Methoxybenzoate 4 mM + Kan,D5,0.0380833333333333,2026-04-21 18:19:02.066713
exp2,11,11,0.436,Methoxybenzoate 4 mM + Kan,D9,0.0380833333333333,2026-04-21 18:19:02.066713
exp2,11,11,0.439,Methoxybenzoate 4 mM + Kan,D10,0.0380833333333333,2026-04-21 18:19:02.066713
exp2,11,11,0.456,Methoxybenzoate 4 mM + Kan,E4,0.0380833333333333,2026-04-21 18:19:02.066713
exp2,11,11,0.396,Methoxybenzoate 4 mM + Kan,E9,0.0380833333333333,2026-04-21 18:19:02.066713
exp2,11,11,0.445,Methoxybenzoate 4 mM + Kan,F4,0.0380833333333333,2026-04-21 18:19:02.066713
exp2,11,12,0.428,Methoxybenzoate 4 mM + Kan,B4,0.0375,2026-04-21 20:28:18.953560
exp2,11,12,0.447,Methoxybenzoate 4 mM + Kan,B5,0.0375,2026-04-21 20:28:18.953560
exp2,11,12,0.378,Methoxybenzoate 4 mM + Kan,C4,0.0375,2026-04-21 20:28:18.953560
exp2,11,12,0.444,Methoxybenzoate 4 mM + Kan,C9,0.0375,2026-04-21 20:28:18.953560
exp2,11,12,0.437,Methoxybenzoate 4 mM + Kan,D4,0.0375,2026-04-21 20:28:18.953560
exp2,11,12,0.451,Methoxybenzoate 4 mM + Kan,D5,0.0375,2026-04-21 20:28:18.953560
exp2,11,12,0.438,Methoxybenzoate 4 mM + Kan,D9,0.0375,2026-04-21 20:28:18.953560
exp2,11,12,0.44,Methoxybenzoate 4 mM + Kan,D10,0.0375,2026-04-21 20:28:18.953560
exp2,11,12,0.46,Methoxybenzoate 4 mM + Kan,E4,0.0375,2026-04-21 20:28:18.953560
exp2,11,12,0.39,Methoxybenzoate 4 mM + Kan,E9,0.0375,2026-04-21 20:28:18.953560
exp2,11,12,0.445,Methoxybenzoate 4 mM + Kan,F4,0.0375,2026-04-21 20:28:18.953560
exp2,12,contam,0.039,Methoxybenzoate 4 mM + Kan,B4,0.0393888888888888,2026-04-21 20:35:31.017928
exp2,12,contam,0.038,Methoxybenzoate 4 mM + Kan,B5,0.0393888888888888,2026-04-21 20:35:31.017928
exp2,12,contam,0.036,Methoxybenzoate 4 mM + Kan,C4,0.0393888888888888,2026-04-21 20:35:31.017928
exp2,12,contam,0.039,Methoxybenzoate 4 mM + Kan,C9,0.0393888888888888,2026-04-21 20:35:31.017928
exp2,12,contam,0.037,Methoxybenzoate 4 mM + Kan,D4,0.0393888888888888,2026-04-21 20:35:31.017928
exp2,12,contam,0.036,Methoxybenzoate 4 mM + Kan,D5,0.0393888888888888,2026-04-21 20:35:31.017928
exp2,12,contam,0.039,Methoxybenzoate 4 mM + Kan,D9,0.0393888888888888,2026-04-21 20:35:31.017928
exp2,12,contam,0.037,Methoxybenzoate 4 mM + Kan,D10,0.0393888888888888,2026-04-21 20:35:31.017928
exp2,12,contam,0.037,Methoxybenzoate 4 mM + Kan,E4,0.0393888888888888,2026-04-21 20:35:31.017928
exp2,12,contam,0.037,Methoxybenzoate 4 mM + Kan,E9,0.0393888888888888,2026-04-21 20:35:31.017928
exp2,12,contam,0.037,Methoxybenzoate 4 mM + Kan,F4,0.0393888888888888,2026-04-21 20:35:31.017928
exp2,12,0,0.08,Methoxybenzoate 4 mM + Kan,B4,0.0385,2026-04-21 20:55:18.490406
exp2,12,0,0.082,Methoxybenzoate 4 mM + Kan,B5,0.0385,2026-04-21 20:55:18.490406
exp2,12,0,0.076,Methoxybenzoate 4 mM + Kan,C4,0.0385,2026-04-21 20:55:18.490406
exp2,12,0,0.079,Methoxybenzoate 4 mM + Kan,C9,0.0385,2026-04-21 20:55:18.490406
exp2,12,0,0.077,Methoxybenzoate 4 mM + Kan,D4,0.0385,2026-04-21 20:55:18.490406
exp2,12,0,0.075,Methoxybenzoate 4 mM + Kan,D5,0.0385,2026-04-21 20:55:18.490406
exp2,12,0,0.073,Methoxybenzoate 4 mM + Kan,D9,0.0385,2026-04-21 20:55:18.490406
exp2,12,0,0.073,Methoxybenzoate 4 mM + Kan,D10,0.0385,2026-04-21 20:55:18.490406
exp2,12,0,0.077,Methoxybenzoate 4 mM + Kan,E4,0.0385,2026-04-21 20:55:18.490406
exp2,12,0,0.08,Methoxybenzoate 4 mM + Kan,E9,0.0385,2026-04-21 20:55:18.490406
exp2,12,0,0.074,Methoxybenzoate 4 mM + Kan,F4,0.0385,2026-04-21 20:55:18.490406
exp2,12,1,0.134,Methoxybenzoate 4 mM + Kan,B4,0.0395555555555555,2026-04-21 23:04:49.361526
exp2,12,1,0.135,Methoxybenzoate 4 mM + Kan,B5,0.0395555555555555,2026-04-21 23:04:49.361526
exp2,12,1,0.128,Methoxybenzoate 4 mM + Kan,C4,0.0395555555555555,2026-04-21 23:04:49.361526
exp2,12,1,0.129,Methoxybenzoate 4 mM + Kan,C9,0.0395555555555555,2026-04-21 23:04:49.361526
exp2,12,1,0.13,Methoxybenzoate 4 mM + Kan,D4,0.0395555555555555,2026-04-21 23:04:49.361526
exp2,12,1,0.141,Methoxybenzoate 4 mM + Kan,D5,0.0395555555555555,2026-04-21 23:04:49.361526
exp2,12,1,0.123,Methoxybenzoate 4 mM + Kan,D9,0.0395555555555555,2026-04-21 23:04:49.361526
exp2,12,1,0.137,Methoxybenzoate 4 mM + Kan,D10,0.0395555555555555,2026-04-21 23:04:49.361526
exp2,12,1,0.146,Methoxybenzoate 4 mM + Kan,E4,0.0395555555555555,2026-04-21 23:04:49.361526
exp2,12,1,0.15,Methoxybenzoate 4 mM + Kan,E9,0.0395555555555555,2026-04-21 23:04:49.361526
exp2,12,1,0.144,Methoxybenzoate 4 mM + Kan,F4,0.0395555555555555,2026-04-21 23:04:49.361526
exp2,12,2,0.196,Methoxybenzoate 4 mM + Kan,B4,0.03875,2026-04-22 01:14:12.219661
exp2,12,2,0.195,Methoxybenzoate 4 mM + Kan,B5,0.03875,2026-04-22 01:14:12.219661
exp2,12,2,0.175,Methoxybenzoate 4 mM + Kan,C4,0.03875,2026-04-22 01:14:12.219661
exp2,12,2,0.177,Methoxybenzoate 4 mM + Kan,C9,0.03875,2026-04-22 01:14:12.219661
exp2,12,2,0.173,Methoxybenzoate 4 mM + Kan,D4,0.03875,2026-04-22 01:14:12.219661
exp2,12,2,0.192,Methoxybenzoate 4 mM + Kan,D5,0.03875,2026-04-22 01:14:12.219661
exp2,12,2,0.167,Methoxybenzoate 4 mM + Kan,D9,0.03875,2026-04-22 01:14:12.219661
exp2,12,2,0.207,Methoxybenzoate 4 mM + Kan,D10,0.03875,2026-04-22 01:14:12.219661
exp2,12,2,0.191,Methoxybenzoate 4 mM + Kan,E4,0.03875,2026-04-22 01:14:12.219661
exp2,12,2,0.218,Methoxybenzoate 4 mM + Kan,E9,0.03875,2026-04-22 01:14:12.219661
exp2,12,2,0.189,Methoxybenzoate 4 mM + Kan,F4,0.03875,2026-04-22 01:14:12.219661
exp2,12,3,0.223,Methoxybenzoate 4 mM + Kan,B4,0.0404722222222222,2026-04-22 03:23:36.532885
exp2,12,3,0.226,Methoxybenzoate 4 mM + Kan,B5,0.0404722222222222,2026-04-22 03:23:36.532885
exp2,12,3,0.198,Methoxybenzoate 4 mM + Kan,C4,0.0404722222222222,2026-04-22 03:23:36.532885
exp2,12,3,0.2,Methoxybenzoate 4 mM + Kan,C9,0.0404722222222222,2026-04-22 03:23:36.532885
exp2,12,3,0.19,Methoxybenzoate 4 mM + Kan,D4,0.0404722222222222,2026-04-22 03:23:36.532885
exp2,12,3,0.225,Methoxybenzoate 4 mM + Kan,D5,0.0404722222222222,2026-04-22 03:23:36.532885
exp2,12,3,0.191,Methoxybenzoate 4 mM + Kan,D9,0.0404722222222222,2026-04-22 03:23:36.532885
exp2,12,3,0.243,Methoxybenzoate 4 mM + Kan,D10,0.0404722222222222,2026-04-22 03:23:36.532885
exp2,12,3,0.22,Methoxybenzoate 4 mM + Kan,E4,0.0404722222222222,2026-04-22 03:23:36.532885
exp2,12,3,0.26,Methoxybenzoate 4 mM + Kan,E9,0.0404722222222222,2026-04-22 03:23:36.532885
exp2,12,3,0.218,Methoxybenzoate 4 mM + Kan,F4,0.0404722222222222,2026-04-22 03:23:36.532885
exp2,12,4,0.262,Methoxybenzoate 4 mM + Kan,B4,0.03975,2026-04-22 05:32:44.248758
exp2,12,4,0.262,Methoxybenzoate 4 mM + Kan,B5,0.03975,2026-04-22 05:32:44.248758
exp2,12,4,0.213,Methoxybenzoate 4 mM + Kan,C4,0.03975,2026-04-22 05:32:44.248758
exp2,12,4,0.213,Methoxybenzoate 4 mM + Kan,C9,0.03975,2026-04-22 05:32:44.248758
exp2,12,4,0.202,Methoxybenzoate 4 mM + Kan,D4,0.03975,2026-04-22 05:32:44.248758
exp2,12,4,0.267,Methoxybenzoate 4 mM + Kan,D5,0.03975,2026-04-22 05:32:44.248758
exp2,12,4,0.206,Methoxybenzoate 4 mM + Kan,D9,0.03975,2026-04-22 05:32:44.248758
exp2,12,4,0.291,Methoxybenzoate 4 mM + Kan,D10,0.03975,2026-04-22 05:32:44.248758
exp2,12,4,0.25,Methoxybenzoate 4 mM + Kan,E4,0.03975,2026-04-22 05:32:44.248758
exp2,12,4,0.31,Methoxybenzoate 4 mM + Kan,E9,0.03975,2026-04-22 05:32:44.248758
exp2,12,4,0.253,Methoxybenzoate 4 mM + Kan,F4,0.03975,2026-04-22 05:32:44.248758
exp2,12,5,0.302,Methoxybenzoate 4 mM + Kan,B4,0.0379166666666666,2026-04-22 07:41:56.062403
exp2,12,5,0.306,Methoxybenzoate 4 mM + Kan,B5,0.0379166666666666,2026-04-22 07:41:56.062403
exp2,12,5,0.222,Methoxybenzoate 4 mM + Kan,C4,0.0379166666666666,2026-04-22 07:41:56.062403
exp2,12,5,0.226,Methoxybenzoate 4 mM + Kan,C9,0.0379166666666666,2026-04-22 07:41:56.062403
exp2,12,5,0.211,Methoxybenzoate 4 mM + Kan,D4,0.0379166666666666,2026-04-22 07:41:56.062403
exp2,12,5,0.308,Methoxybenzoate 4 mM + Kan,D5,0.0379166666666666,2026-04-22 07:41:56.062403
exp2,12,5,0.219,Methoxybenzoate 4 mM + Kan,D9,0.0379166666666666,2026-04-22 07:41:56.062403
exp2,12,5,0.341,Methoxybenzoate 4 mM + Kan,D10,0.0379166666666666,2026-04-22 07:41:56.062403
exp2,12,5,0.288,Methoxybenzoate 4 mM + Kan,E4,0.0379166666666666,2026-04-22 07:41:56.062403
exp2,12,5,0.365,Methoxybenzoate 4 mM + Kan,E9,0.0379166666666666,2026-04-22 07:41:56.062403
exp2,12,5,0.296,Methoxybenzoate 4 mM + Kan,F4,0.0379166666666666,2026-04-22 07:41:56.062403
exp2,12,6,0.363,Methoxybenzoate 4 mM + Kan,B4,0.0390277777777777,2026-04-22 09:51:28.491257
exp2,12,6,0.366,Methoxybenzoate 4 mM + Kan,B5,0.0390277777777777,2026-04-22 09:51:28.491257
exp2,12,6,0.243,Methoxybenzoate 4 mM + Kan,C4,0.0390277777777777,2026-04-22 09:51:28.491257
exp2,12,6,0.247,Methoxybenzoate 4 mM + Kan,C9,0.0390277777777777,2026-04-22 09:51:28.491257
exp2,12,6,0.229,Methoxybenzoate 4 mM + Kan,D4,0.0390277777777777,2026-04-22 09:51:28.491257
exp2,12,6,0.373,Methoxybenzoate 4 mM + Kan,D5,0.0390277777777777,2026-04-22 09:51:28.491257
exp2,12,6,0.245,Methoxybenzoate 4 mM + Kan,D9,0.0390277777777777,2026-04-22 09:51:28.491257
exp2,12,6,0.412,Methoxybenzoate 4 mM + Kan,D10,0.0390277777777777,2026-04-22 09:51:28.491257
exp2,12,6,0.34,Methoxybenzoate 4 mM + Kan,E4,0.0390277777777777,2026-04-22 09:51:28.491257
exp2,12,6,0.407,Methoxybenzoate 4 mM + Kan,E9,0.0390277777777777,2026-04-22 09:51:28.491257
exp2,12,6,0.356,Methoxybenzoate 4 mM + Kan,F4,0.0390277777777777,2026-04-22 09:51:28.491257
exp2,12,7,0.414,Methoxybenzoate 4 mM + Kan,B4,0.0389722222222222,2026-04-22 12:00:49.051876
exp2,12,7,0.425,Methoxybenzoate 4 mM + Kan,B5,0.0389722222222222,2026-04-22 12:00:49.051876
exp2,12,7,0.259,Methoxybenzoate 4 mM + Kan,C4,0.0389722222222222,2026-04-22 12:00:49.051876
exp2,12,7,0.273,Methoxybenzoate 4 mM + Kan,C9,0.0389722222222222,2026-04-22 12:00:49.051876
exp2,12,7,0.243,Methoxybenzoate 4 mM + Kan,D4,0.0389722222222222,2026-04-22 12:00:49.051876
exp2,12,7,0.432,Methoxybenzoate 4 mM + Kan,D5,0.0389722222222222,2026-04-22 12:00:49.051876
exp2,12,7,0.271,Methoxybenzoate 4 mM + Kan,D9,0.0389722222222222,2026-04-22 12:00:49.051876
exp2,12,7,0.44,Methoxybenzoate 4 mM + Kan,D10,0.0389722222222222,2026-04-22 12:00:49.051876
exp2,12,7,0.402,Methoxybenzoate 4 mM + Kan,E4,0.0389722222222222,2026-04-22 12:00:49.051876
exp2,12,7,0.408,Methoxybenzoate 4 mM + Kan,E9,0.0389722222222222,2026-04-22 12:00:49.051876
exp2,12,7,0.411,Methoxybenzoate 4 mM + Kan,F4,0.0389722222222222,2026-04-22 12:00:49.051876
exp2,12,8,0.415,Methoxybenzoate 4 mM + Kan,B4,0.0389444444444444,2026-04-22 14:10:04.225982
exp2,12,8,0.436,Methoxybenzoate 4 mM + Kan,B5,0.0389444444444444,2026-04-22 14:10:04.225982
exp2,12,8,0.281,Methoxybenzoate 4 mM + Kan,C4,0.0389444444444444,2026-04-22 14:10:04.225982
exp2,12,8,0.314,Methoxybenzoate 4 mM + Kan,C9,0.0389444444444444,2026-04-22 14:10:04.225982
exp2,12,8,0.265,Methoxybenzoate 4 mM + Kan,D4,0.0389444444444444,2026-04-22 14:10:04.225982
exp2,12,8,0.438,Methoxybenzoate 4 mM + Kan,D5,0.0389444444444444,2026-04-22 14:10:04.225982
exp2,12,8,0.307,Methoxybenzoate 4 mM + Kan,D9,0.0389444444444444,2026-04-22 14:10:04.225982
exp2,12,8,0.443,Methoxybenzoate 4 mM + Kan,D10,0.0389444444444444,2026-04-22 14:10:04.225982
exp2,12,8,0.44,Methoxybenzoate 4 mM + Kan,E4,0.0389444444444444,2026-04-22 14:10:04.225982
exp2,12,8,0.406,Methoxybenzoate 4 mM + Kan,E9,0.0389444444444444,2026-04-22 14:10:04.225982
exp2,12,8,0.431,Methoxybenzoate 4 mM + Kan,F4,0.0389444444444444,2026-04-22 14:10:04.225982
exp2,12,9,0.416,Methoxybenzoate 4 mM + Kan,B4,0.0382777777777777,2026-04-22 16:19:20.538143
exp2,12,9,0.438,Methoxybenzoate 4 mM + Kan,B5,0.0382777777777777,2026-04-22 16:19:20.538143
exp2,12,9,0.313,Methoxybenzoate 4 mM + Kan,C4,0.0382777777777777,2026-04-22 16:19:20.538143
exp2,12,9,0.37,Methoxybenzoate 4 mM + Kan,C9,0.0382777777777777,2026-04-22 16:19:20.538143
exp2,12,9,0.302,Methoxybenzoate 4 mM + Kan,D4,0.0382777777777777,2026-04-22 16:19:20.538143
exp2,12,9,0.439,Methoxybenzoate 4 mM + Kan,D5,0.0382777777777777,2026-04-22 16:19:20.538143
exp2,12,9,0.354,Methoxybenzoate 4 mM + Kan,D9,0.0382777777777777,2026-04-22 16:19:20.538143
exp2,12,9,0.443,Methoxybenzoate 4 mM + Kan,D10,0.0382777777777777,2026-04-22 16:19:20.538143
exp2,12,9,0.443,Methoxybenzoate 4 mM + Kan,E4,0.0382777777777777,2026-04-22 16:19:20.538143
exp2,12,9,0.4,Methoxybenzoate 4 mM + Kan,E9,0.0382777777777777,2026-04-22 16:19:20.538143
exp2,12,9,0.432,Methoxybenzoate 4 mM + Kan,F4,0.0382777777777777,2026-04-22 16:19:20.538143
exp2,12,10,0.419,Methoxybenzoate 4 mM + Kan,B4,0.0375277777777777,2026-04-22 18:28:49.539756
exp2,12,10,0.441,Methoxybenzoate 4 mM + Kan,B5,0.0375277777777777,2026-04-22 18:28:49.539756
exp2,12,10,0.328,Methoxybenzoate 4 mM + Kan,C4,0.0375277777777777,2026-04-22 18:28:49.539756
exp2,12,10,0.425,Methoxybenzoate 4 mM + Kan,C9,0.0375277777777777,2026-04-22 18:28:49.539756
exp2,12,10,0.355,Methoxybenzoate 4 mM + Kan,D4,0.0375277777777777,2026-04-22 18:28:49.539756
exp2,12,10,0.444,Methoxybenzoate 4 mM + Kan,D5,0.0375277777777777,2026-04-22 18:28:49.539756
exp2,12,10,0.415,Methoxybenzoate 4 mM + Kan,D9,0.0375277777777777,2026-04-22 18:28:49.539756
exp2,12,10,0.444,Methoxybenzoate 4 mM + Kan,D10,0.0375277777777777,2026-04-22 18:28:49.539756
exp2,12,10,0.449,Methoxybenzoate 4 mM + Kan,E4,0.0375277777777777,2026-04-22 18:28:49.539756
exp2,12,10,0.4,Methoxybenzoate 4 mM + Kan,E9,0.0375277777777777,2026-04-22 18:28:49.539756
exp2,12,10,0.438,Methoxybenzoate 4 mM + Kan,F4,0.0375277777777777,2026-04-22 18:28:49.539756
exp2,12,11,0.42,Methoxybenzoate 4 mM + Kan,B4,0.0386944444444444,2026-04-22 20:38:26.399821
exp2,12,11,0.441,Methoxybenzoate 4 mM + Kan,B5,0.0386944444444444,2026-04-22 20:38:26.399821
exp2,12,11,0.335,Methoxybenzoate 4 mM + Kan,C4,0.0386944444444444,2026-04-22 20:38:26.399821
exp2,12,11,0.424,Methoxybenzoate 4 mM + Kan,C9,0.0386944444444444,2026-04-22 20:38:26.399821
exp2,12,11,0.416,Methoxybenzoate 4 mM + Kan,D4,0.0386944444444444,2026-04-22 20:38:26.399821
exp2,12,11,0.443,Methoxybenzoate 4 mM + Kan,D5,0.0386944444444444,2026-04-22 20:38:26.399821
exp2,12,11,0.426,Methoxybenzoate 4 mM + Kan,D9,0.0386944444444444,2026-04-22 20:38:26.399821
exp2,12,11,0.441,Methoxybenzoate 4 mM + Kan,D10,0.0386944444444444,2026-04-22 20:38:26.399821
exp2,12,11,0.447,Methoxybenzoate 4 mM + Kan,E4,0.0386944444444444,2026-04-22 20:38:26.399821
exp2,12,11,0.398,Methoxybenzoate 4 mM + Kan,E9,0.0386944444444444,2026-04-22 20:38:26.399821
exp2,12,11,0.431,Methoxybenzoate 4 mM + Kan,F4,0.0386944444444444,2026-04-22 20:38:26.399821
exp2,12,12,0.418,Methoxybenzoate 4 mM + Kan,B4,0.0390833333333333,2026-04-22 22:47:44.042628
exp2,12,12,0.439,Methoxybenzoate 4 mM + Kan,B5,0.0390833333333333,2026-04-22 22:47:44.042628
exp2,12,12,0.341,Methoxybenzoate 4 mM + Kan,C4,0.0390833333333333,2026-04-22 22:47:44.042628
exp2,12,12,0.426,Methoxybenzoate 4 mM + Kan,C9,0.0390833333333333,2026-04-22 22:47:44.042628
exp2,12,12,0.423,Methoxybenzoate 4 mM + Kan,D4,0.0390833333333333,2026-04-22 22:47:44.042628
exp2,12,12,0.44,Methoxybenzoate 4 mM + Kan,D5,0.0390833333333333,2026-04-22 22:47:44.042628
exp2,12,12,0.428,Methoxybenzoate 4 mM + Kan,D9,0.0390833333333333,2026-04-22 22:47:44.042628
exp2,12,12,0.439,Methoxybenzoate 4 mM + Kan,D10,0.0390833333333333,2026-04-22 22:47:44.042628
exp2,12,12,0.445,Methoxybenzoate 4 mM + Kan,E4,0.0390833333333333,2026-04-22 22:47:44.042628
exp2,12,12,0.395,Methoxybenzoate 4 mM + Kan,E9,0.0390833333333333,2026-04-22 22:47:44.042628
exp2,12,12,0.429,Methoxybenzoate 4 mM + Kan,F4,0.0390833333333333,2026-04-22 22:47:44.042628
exp2,13,contam,0.038,Methoxybenzoate 4 mM + Kan,B4,0.0388888888888888,2026-04-22 22:54:58.998429
exp2,13,contam,0.037,Methoxybenzoate 4 mM + Kan,B5,0.0388888888888888,2026-04-22 22:54:58.998429
exp2,13,contam,0.036,Methoxybenzoate 4 mM + Kan,C4,0.0388888888888888,2026-04-22 22:54:58.998429
exp2,13,contam,0.036,Methoxybenzoate 4 mM + Kan,C9,0.0388888888888888,2026-04-22 22:54:58.998429
exp2,13,contam,0.036,Methoxybenzoate 4 mM + Kan,D4,0.0388888888888888,2026-04-22 22:54:58.998429
exp2,13,contam,0.035,Methoxybenzoate 4 mM + Kan,D5,0.0388888888888888,2026-04-22 22:54:58.998429
exp2,13,contam,0.038,Methoxybenzoate 4 mM + Kan,D9,0.0388888888888888,2026-04-22 22:54:58.998429
exp2,13,contam,0.038,Methoxybenzoate 4 mM + Kan,D10,0.0388888888888888,2026-04-22 22:54:58.998429
exp2,13,contam,0.037,Methoxybenzoate 4 mM + Kan,E4,0.0388888888888888,2026-04-22 22:54:58.998429
exp2,13,contam,0.038,Methoxybenzoate 4 mM + Kan,E9,0.0388888888888888,2026-04-22 22:54:58.998429
exp2,13,contam,0.036,Methoxybenzoate 4 mM + Kan,F4,0.0388888888888888,2026-04-22 22:54:58.998429
exp2,13,0,0.081,Methoxybenzoate 4 mM + Kan,B4,0.0388333333333333,2026-04-22 23:09:51.630173
exp2,13,0,0.084,Methoxybenzoate 4 mM + Kan,B5,0.0388333333333333,2026-04-22 23:09:51.630173
exp2,13,0,0.072,Methoxybenzoate 4 mM + Kan,C4,0.0388333333333333,2026-04-22 23:09:51.630173
exp2,13,0,0.079,Methoxybenzoate 4 mM + Kan,C9,0.0388333333333333,2026-04-22 23:09:51.630173
exp2,13,0,0.08,Methoxybenzoate 4 mM + Kan,D4,0.0388333333333333,2026-04-22 23:09:51.630173
exp2,13,0,0.072,Methoxybenzoate 4 mM + Kan,D5,0.0388333333333333,2026-04-22 23:09:51.630173
exp2,13,0,0.08,Methoxybenzoate 4 mM + Kan,D9,0.0388333333333333,2026-04-22 23:09:51.630173
exp2,13,0,0.075,Methoxybenzoate 4 mM + Kan,D10,0.0388333333333333,2026-04-22 23:09:51.630173
exp2,13,0,0.08,Methoxybenzoate 4 mM + Kan,E4,0.0388333333333333,2026-04-22 23:09:51.630173
exp2,13,0,0.075,Methoxybenzoate 4 mM + Kan,E9,0.0388333333333333,2026-04-22 23:09:51.630173
exp2,13,0,0.075,Methoxybenzoate 4 mM + Kan,F4,0.0388333333333333,2026-04-22 23:09:51.630173
exp2,13,1,0.128,Methoxybenzoate 4 mM + Kan,B4,0.0394722222222222,2026-04-23 01:19:05.377352
exp2,13,1,0.129,Methoxybenzoate 4 mM + Kan,B5,0.0394722222222222,2026-04-23 01:19:05.377352
exp2,13,1,0.118,Methoxybenzoate 4 mM + Kan,C4,0.0394722222222222,2026-04-23 01:19:05.377352
exp2,13,1,0.144,Methoxybenzoate 4 mM + Kan,C9,0.0394722222222222,2026-04-23 01:19:05.377352
exp2,13,1,0.158,Methoxybenzoate 4 mM + Kan,D4,0.0394722222222222,2026-04-23 01:19:05.377352
exp2,13,1,0.148,Methoxybenzoate 4 mM + Kan,D5,0.0394722222222222,2026-04-23 01:19:05.377352
exp2,13,1,0.148,Methoxybenzoate 4 mM + Kan,D9,0.0394722222222222,2026-04-23 01:19:05.377352
exp2,13,1,0.113,Methoxybenzoate 4 mM + Kan,D10,0.0394722222222222,2026-04-23 01:19:05.377352
exp2,13,1,0.15,Methoxybenzoate 4 mM + Kan,E4,0.0394722222222222,2026-04-23 01:19:05.377352
exp2,13,1,0.106,Methoxybenzoate 4 mM + Kan,E9,0.0394722222222222,2026-04-23 01:19:05.377352
exp2,13,1,0.132,Methoxybenzoate 4 mM + Kan,F4,0.0394722222222222,2026-04-23 01:19:05.377352
exp2,13,2,0.188,Methoxybenzoate 4 mM + Kan,B4,0.0385277777777777,2026-04-23 03:28:31.922438
exp2,13,2,0.196,Methoxybenzoate 4 mM + Kan,B5,0.0385277777777777,2026-04-23 03:28:31.922438
exp2,13,2,0.174,Methoxybenzoate 4 mM + Kan,C4,0.0385277777777777,2026-04-23 03:28:31.922438
exp2,13,2,0.199,Methoxybenzoate 4 mM + Kan,C9,0.0385277777777777,2026-04-23 03:28:31.922438
exp2,13,2,0.241,Methoxybenzoate 4 mM + Kan,D4,0.0385277777777777,2026-04-23 03:28:31.922438
exp2,13,2,0.195,Methoxybenzoate 4 mM + Kan,D5,0.0385277777777777,2026-04-23 03:28:31.922438
exp2,13,2,0.213,Methoxybenzoate 4 mM + Kan,D9,0.0385277777777777,2026-04-23 03:28:31.922438
exp2,13,2,0.159,Methoxybenzoate 4 mM + Kan,D10,0.0385277777777777,2026-04-23 03:28:31.922438
exp2,13,2,0.214,Methoxybenzoate 4 mM + Kan,E4,0.0385277777777777,2026-04-23 03:28:31.922438
exp2,13,2,0.127,Methoxybenzoate 4 mM + Kan,E9,0.0385277777777777,2026-04-23 03:28:31.922438
exp2,13,2,0.181,Methoxybenzoate 4 mM + Kan,F4,0.0385277777777777,2026-04-23 03:28:31.922438
exp2,13,3,0.217,Methoxybenzoate 4 mM + Kan,B4,0.0389722222222222,2026-04-23 05:37:44.859526
exp2,13,3,0.233,Methoxybenzoate 4 mM + Kan,B5,0.0389722222222222,2026-04-23 05:37:44.859526
exp2,13,3,0.2,Methoxybenzoate 4 mM + Kan,C4,0.0389722222222222,2026-04-23 05:37:44.859526
exp2,13,3,0.241,Methoxybenzoate 4 mM + Kan,C9,0.0389722222222222,2026-04-23 05:37:44.859526
exp2,13,3,0.301,Methoxybenzoate 4 mM + Kan,D4,0.0389722222222222,2026-04-23 05:37:44.859526
exp2,13,3,0.231,Methoxybenzoate 4 mM + Kan,D5,0.0389722222222222,2026-04-23 05:37:44.859526
exp2,13,3,0.266,Methoxybenzoate 4 mM + Kan,D9,0.0389722222222222,2026-04-23 05:37:44.859526
exp2,13,3,0.186,Methoxybenzoate 4 mM + Kan,D10,0.0389722222222222,2026-04-23 05:37:44.859526
exp2,13,3,0.251,Methoxybenzoate 4 mM + Kan,E4,0.0389722222222222,2026-04-23 05:37:44.859526
exp2,13,3,0.137,Methoxybenzoate 4 mM + Kan,E9,0.0389722222222222,2026-04-23 05:37:44.859526
exp2,13,3,0.214,Methoxybenzoate 4 mM + Kan,F4,0.0389722222222222,2026-04-23 05:37:44.859526
exp2,13,4,0.252,Methoxybenzoate 4 mM + Kan,B4,0.0383333333333333,2026-04-23 07:47:00.059349
exp2,13,4,0.274,Methoxybenzoate 4 mM + Kan,B5,0.0383333333333333,2026-04-23 07:47:00.059349
exp2,13,4,0.213,Methoxybenzoate 4 mM + Kan,C4,0.0383333333333333,2026-04-23 07:47:00.059349
exp2,13,4,0.293,Methoxybenzoate 4 mM + Kan,C9,0.0383333333333333,2026-04-23 07:47:00.059349
exp2,13,4,0.358,Methoxybenzoate 4 mM + Kan,D4,0.0383333333333333,2026-04-23 07:47:00.059349
exp2,13,4,0.269,Methoxybenzoate 4 mM + Kan,D5,0.0383333333333333,2026-04-23 07:47:00.059349
exp2,13,4,0.328,Methoxybenzoate 4 mM + Kan,D9,0.0383333333333333,2026-04-23 07:47:00.059349
exp2,13,4,0.222,Methoxybenzoate 4 mM + Kan,D10,0.0383333333333333,2026-04-23 07:47:00.059349
exp2,13,4,0.305,Methoxybenzoate 4 mM + Kan,E4,0.0383333333333333,2026-04-23 07:47:00.059349
exp2,13,4,0.148,Methoxybenzoate 4 mM + Kan,E9,0.0383333333333333,2026-04-23 07:47:00.059349
exp2,13,4,0.248,Methoxybenzoate 4 mM + Kan,F4,0.0383333333333333,2026-04-23 07:47:00.059349
exp2,13,5,0.296,Methoxybenzoate 4 mM + Kan,B4,0.0389166666666666,2026-04-23 09:56:16.122920
exp2,13,5,0.325,Methoxybenzoate 4 mM + Kan,B5,0.0389166666666666,2026-04-23 09:56:16.122920
exp2,13,5,0.231,Methoxybenzoate 4 mM + Kan,C4,0.0389166666666666,2026-04-23 09:56:16.122920
exp2,13,5,0.363,Methoxybenzoate 4 mM + Kan,C9,0.0389166666666666,2026-04-23 09:56:16.122920
exp2,13,5,0.42,Methoxybenzoate 4 mM + Kan,D4,0.0389166666666666,2026-04-23 09:56:16.122920
exp2,13,5,0.327,Methoxybenzoate 4 mM + Kan,D5,0.0389166666666666,2026-04-23 09:56:16.122920
exp2,13,5,0.396,Methoxybenzoate 4 mM + Kan,D9,0.0389166666666666,2026-04-23 09:56:16.122920
exp2,13,5,0.261,Methoxybenzoate 4 mM + Kan,D10,0.0389166666666666,2026-04-23 09:56:16.122920
exp2,13,5,0.367,Methoxybenzoate 4 mM + Kan,E4,0.0389166666666666,2026-04-23 09:56:16.122920
exp2,13,5,0.159,Methoxybenzoate 4 mM + Kan,E9,0.0389166666666666,2026-04-23 09:56:16.122920
exp2,13,5,0.301,Methoxybenzoate 4 mM + Kan,F4,0.0389166666666666,2026-04-23 09:56:16.122920
exp2,13,6,0.348,Methoxybenzoate 4 mM + Kan,B4,0.0394722222222222,2026-04-23 12:05:55.976346
exp2,13,6,0.382,Methoxybenzoate 4 mM + Kan,B5,0.0394722222222222,2026-04-23 12:05:55.976346
exp2,13,6,0.246,Methoxybenzoate 4 mM + Kan,C4,0.0394722222222222,2026-04-23 12:05:55.976346
exp2,13,6,0.431,Methoxybenzoate 4 mM + Kan,C9,0.0394722222222222,2026-04-23 12:05:55.976346
exp2,13,6,0.421,Methoxybenzoate 4 mM + Kan,D4,0.0394722222222222,2026-04-23 12:05:55.976346
exp2,13,6,0.385,Methoxybenzoate 4 mM + Kan,D5,0.0394722222222222,2026-04-23 12:05:55.976346
exp2,13,6,0.429,Methoxybenzoate 4 mM + Kan,D9,0.0394722222222222,2026-04-23 12:05:55.976346
exp2,13,6,0.307,Methoxybenzoate 4 mM + Kan,D10,0.0394722222222222,2026-04-23 12:05:55.976346
exp2,13,6,0.435,Methoxybenzoate 4 mM + Kan,E4,0.0394722222222222,2026-04-23 12:05:55.976346
exp2,13,6,0.174,Methoxybenzoate 4 mM + Kan,E9,0.0394722222222222,2026-04-23 12:05:55.976346
exp2,13,6,0.365,Methoxybenzoate 4 mM + Kan,F4,0.0394722222222222,2026-04-23 12:05:55.976346
exp2,13,7,0.402,Methoxybenzoate 4 mM + Kan,B4,0.03875,2026-04-23 14:15:20.877519
exp2,13,7,0.441,Methoxybenzoate 4 mM + Kan,B5,0.03875,2026-04-23 14:15:20.877519
exp2,13,7,0.271,Methoxybenzoate 4 mM + Kan,C4,0.03875,2026-04-23 14:15:20.877519
exp2,13,7,0.433,Methoxybenzoate 4 mM + Kan,C9,0.03875,2026-04-23 14:15:20.877519
exp2,13,7,0.425,Methoxybenzoate 4 mM + Kan,D4,0.03875,2026-04-23 14:15:20.877519
exp2,13,7,0.44,Methoxybenzoate 4 mM + Kan,D5,0.03875,2026-04-23 14:15:20.877519
exp2,13,7,0.436,Methoxybenzoate 4 mM + Kan,D9,0.03875,2026-04-23 14:15:20.877519
exp2,13,7,0.364,Methoxybenzoate 4 mM + Kan,D10,0.03875,2026-04-23 14:15:20.877519
exp2,13,7,0.445,Methoxybenzoate 4 mM + Kan,E4,0.03875,2026-04-23 14:15:20.877519
exp2,13,7,0.193,Methoxybenzoate 4 mM + Kan,E9,0.03875,2026-04-23 14:15:20.877519
exp2,13,7,0.429,Methoxybenzoate 4 mM + Kan,F4,0.03875,2026-04-23 14:15:20.877519
exp2,13,8,0.413,Methoxybenzoate 4 mM + Kan,B4,0.0383055555555555,2026-04-23 16:24:30.873735
exp2,13,8,0.443,Methoxybenzoate 4 mM + Kan,B5,0.0383055555555555,2026-04-23 16:24:30.873735
exp2,13,8,0.305,Methoxybenzoate 4 mM + Kan,C4,0.0383055555555555,2026-04-23 16:24:30.873735
exp2,13,8,0.44,Methoxybenzoate 4 mM + Kan,C9,0.0383055555555555,2026-04-23 16:24:30.873735
exp2,13,8,0.426,Methoxybenzoate 4 mM + Kan,D4,0.0383055555555555,2026-04-23 16:24:30.873735
exp2,13,8,0.446,Methoxybenzoate 4 mM + Kan,D5,0.0383055555555555,2026-04-23 16:24:30.873735
exp2,13,8,0.439,Methoxybenzoate 4 mM + Kan,D9,0.0383055555555555,2026-04-23 16:24:30.873735
exp2,13,8,0.423,Methoxybenzoate 4 mM + Kan,D10,0.0383055555555555,2026-04-23 16:24:30.873735
exp2,13,8,0.451,Methoxybenzoate 4 mM + Kan,E4,0.0383055555555555,2026-04-23 16:24:30.873735
exp2,13,8,0.208,Methoxybenzoate 4 mM + Kan,E9,0.0383055555555555,2026-04-23 16:24:30.873735
exp2,13,8,0.429,Methoxybenzoate 4 mM + Kan,F4,0.0383055555555555,2026-04-23 16:24:30.873735
exp2,13,9,0.414,Methoxybenzoate 4 mM + Kan,B4,0.03875,2026-04-23 18:34:09.875968
exp2,13,9,0.449,Methoxybenzoate 4 mM + Kan,B5,0.03875,2026-04-23 18:34:09.875968
exp2,13,9,0.34,Methoxybenzoate 4 mM + Kan,C4,0.03875,2026-04-23 18:34:09.875968
exp2,13,9,0.441,Methoxybenzoate 4 mM + Kan,C9,0.03875,2026-04-23 18:34:09.875968
exp2,13,9,0.424,Methoxybenzoate 4 mM + Kan,D4,0.03875,2026-04-23 18:34:09.875968
exp2,13,9,0.451,Methoxybenzoate 4 mM + Kan,D5,0.03875,2026-04-23 18:34:09.875968
exp2,13,9,0.443,Methoxybenzoate 4 mM + Kan,D9,0.03875,2026-04-23 18:34:09.875968
exp2,13,9,0.435,Methoxybenzoate 4 mM + Kan,D10,0.03875,2026-04-23 18:34:09.875968
exp2,13,9,0.454,Methoxybenzoate 4 mM + Kan,E4,0.03875,2026-04-23 18:34:09.875968
exp2,13,9,0.234,Methoxybenzoate 4 mM + Kan,E9,0.03875,2026-04-23 18:34:09.875968
exp2,13,9,0.433,Methoxybenzoate 4 mM + Kan,F4,0.03875,2026-04-23 18:34:09.875968
exp2,13,10,0.416,Methoxybenzoate 4 mM + Kan,B4,0.0402222222222222,2026-04-23 20:43:41.262449
exp2,13,10,0.445,Methoxybenzoate 4 mM + Kan,B5,0.0402222222222222,2026-04-23 20:43:41.262449
exp2,13,10,0.342,Methoxybenzoate 4 mM + Kan,C4,0.0402222222222222,2026-04-23 20:43:41.262449
exp2,13,10,0.439,Methoxybenzoate 4 mM + Kan,C9,0.0402222222222222,2026-04-23 20:43:41.262449
exp2,13,10,0.421,Methoxybenzoate 4 mM + Kan,D4,0.0402222222222222,2026-04-23 20:43:41.262449
exp2,13,10,0.451,Methoxybenzoate 4 mM + Kan,D5,0.0402222222222222,2026-04-23 20:43:41.262449
exp2,13,10,0.438,Methoxybenzoate 4 mM + Kan,D9,0.0402222222222222,2026-04-23 20:43:41.262449
exp2,13,10,0.432,Methoxybenzoate 4 mM + Kan,D10,0.0402222222222222,2026-04-23 20:43:41.262449
exp2,13,10,0.449,Methoxybenzoate 4 mM + Kan,E4,0.0402222222222222,2026-04-23 20:43:41.262449
exp2,13,10,0.262,Methoxybenzoate 4 mM + Kan,E9,0.0402222222222222,2026-04-23 20:43:41.262449
exp2,13,10,0.434,Methoxybenzoate 4 mM + Kan,F4,0.0402222222222222,2026-04-23 20:43:41.262449
exp2,13,11,0.415,Methoxybenzoate 4 mM + Kan,B4,0.0386666666666666,2026-04-23 22:52:52.652415
exp2,13,11,0.451,Methoxybenzoate 4 mM + Kan,B5,0.0386666666666666,2026-04-23 22:52:52.652415
exp2,13,11,0.344,Methoxybenzoate 4 mM + Kan,C4,0.0386666666666666,2026-04-23 22:52:52.652415
exp2,13,11,0.439,Methoxybenzoate 4 mM + Kan,C9,0.0386666666666666,2026-04-23 22:52:52.652415
exp2,13,11,0.42,Methoxybenzoate 4 mM + Kan,D4,0.0386666666666666,2026-04-23 22:52:52.652415
exp2,13,11,0.456,Methoxybenzoate 4 mM + Kan,D5,0.0386666666666666,2026-04-23 22:52:52.652415
exp2,13,11,0.44,Methoxybenzoate 4 mM + Kan,D9,0.0386666666666666,2026-04-23 22:52:52.652415
exp2,13,11,0.436,Methoxybenzoate 4 mM + Kan,D10,0.0386666666666666,2026-04-23 22:52:52.652415
exp2,13,11,0.454,Methoxybenzoate 4 mM + Kan,E4,0.0386666666666666,2026-04-23 22:52:52.652415
exp2,13,11,0.308,Methoxybenzoate 4 mM + Kan,E9,0.0386666666666666,2026-04-23 22:52:52.652415
exp2,13,11,0.433,Methoxybenzoate 4 mM + Kan,F4,0.0386666666666666,2026-04-23 22:52:52.652415
exp2,13,12,0.42,Methoxybenzoate 4 mM + Kan,B4,0.0395277777777777,2026-04-24 01:02:23.574322
exp2,13,12,0.454,Methoxybenzoate 4 mM + Kan,B5,0.0395277777777777,2026-04-24 01:02:23.574322
exp2,13,12,0.357,Methoxybenzoate 4 mM + Kan,C4,0.0395277777777777,2026-04-24 01:02:23.574322
exp2,13,12,0.439,Methoxybenzoate 4 mM + Kan,C9,0.0395277777777777,2026-04-24 01:02:23.574322
exp2,13,12,0.421,Methoxybenzoate 4 mM + Kan,D4,0.0395277777777777,2026-04-24 01:02:23.574322
exp2,13,12,0.456,Methoxybenzoate 4 mM + Kan,D5,0.0395277777777777,2026-04-24 01:02:23.574322
exp2,13,12,0.441,Methoxybenzoate 4 mM + Kan,D9,0.0395277777777777,2026-04-24 01:02:23.574322
exp2,13,12,0.437,Methoxybenzoate 4 mM + Kan,D10,0.0395277777777777,2026-04-24 01:02:23.574322
exp2,13,12,0.451,Methoxybenzoate 4 mM + Kan,E4,0.0395277777777777,2026-04-24 01:02:23.574322
exp2,13,12,0.367,Methoxybenzoate 4 mM + Kan,E9,0.0395277777777777,2026-04-24 01:02:23.574322
exp2,13,12,0.435,Methoxybenzoate 4 mM + Kan,F4,0.0395277777777777,2026-04-24 01:02:23.574322
exp2,14,contam,0.03,Methoxybenzoate 4 mM + Kan,B4,0.0326666666666666,2026-04-24 01:09:51.748150
exp2,14,contam,0.032,Methoxybenzoate 4 mM + Kan,B5,0.0326666666666666,2026-04-24 01:09:51.748150
exp2,14,contam,0.029,Methoxybenzoate 4 mM + Kan,C4,0.0326666666666666,2026-04-24 01:09:51.748150
exp2,14,contam,0.028,Methoxybenzoate 4 mM + Kan,C9,0.0326666666666666,2026-04-24 01:09:51.748150
exp2,14,contam,0.032,Methoxybenzoate 4 mM + Kan,D4,0.0326666666666666,2026-04-24 01:09:51.748150
exp2,14,contam,0.031,Methoxybenzoate 4 mM + Kan,D5,0.0326666666666666,2026-04-24 01:09:51.748150
exp2,14,contam,0.03,Methoxybenzoate 4 mM + Kan,D9,0.0326666666666666,2026-04-24 01:09:51.748150
exp2,14,contam,0.031,Methoxybenzoate 4 mM + Kan,D10,0.0326666666666666,2026-04-24 01:09:51.748150
exp2,14,contam,0.031,Methoxybenzoate 4 mM + Kan,E4,0.0326666666666666,2026-04-24 01:09:51.748150
exp2,14,contam,0.03,Methoxybenzoate 4 mM + Kan,E9,0.0326666666666666,2026-04-24 01:09:51.748150
exp2,14,contam,0.03,Methoxybenzoate 4 mM + Kan,F4,0.0326666666666666,2026-04-24 01:09:51.748150
exp2,14,0,0.079,Methoxybenzoate 4 mM + Kan,B4,0.0306111111111111,2026-04-24 01:24:44.110591
exp2,14,0,0.079,Methoxybenzoate 4 mM + Kan,B5,0.0306111111111111,2026-04-24 01:24:44.110591
exp2,14,0,0.066,Methoxybenzoate 4 mM + Kan,C4,0.0306111111111111,2026-04-24 01:24:44.110591
exp2,14,0,0.076,Methoxybenzoate 4 mM + Kan,C9,0.0306111111111111,2026-04-24 01:24:44.110591
exp2,14,0,0.084,Methoxybenzoate 4 mM + Kan,D4,0.0306111111111111,2026-04-24 01:24:44.110591
exp2,14,0,0.075,Methoxybenzoate 4 mM + Kan,D5,0.0306111111111111,2026-04-24 01:24:44.110591
exp2,14,0,0.075,Methoxybenzoate 4 mM + Kan,D9,0.0306111111111111,2026-04-24 01:24:44.110591
exp2,14,0,0.075,Methoxybenzoate 4 mM + Kan,D10,0.0306111111111111,2026-04-24 01:24:44.110591
exp2,14,0,0.072,Methoxybenzoate 4 mM + Kan,E4,0.0306111111111111,2026-04-24 01:24:44.110591
exp2,14,0,0.083,Methoxybenzoate 4 mM + Kan,E9,0.0306111111111111,2026-04-24 01:24:44.110591
exp2,14,0,0.075,Methoxybenzoate 4 mM + Kan,F4,0.0306111111111111,2026-04-24 01:24:44.110591
exp2,14,1,0.148,Methoxybenzoate 4 mM + Kan,B4,0.0315277777777777,2026-04-24 03:33:54.744412
exp2,14,1,0.149,Methoxybenzoate 4 mM + Kan,B5,0.0315277777777777,2026-04-24 03:33:54.744412
exp2,14,1,0.093,Methoxybenzoate 4 mM + Kan,C4,0.0315277777777777,2026-04-24 03:33:54.744412
exp2,14,1,0.115,Methoxybenzoate 4 mM + Kan,C9,0.0315277777777777,2026-04-24 03:33:54.744412
exp2,14,1,0.134,Methoxybenzoate 4 mM + Kan,D4,0.0315277777777777,2026-04-24 03:33:54.744412
exp2,14,1,0.144,Methoxybenzoate 4 mM + Kan,D5,0.0315277777777777,2026-04-24 03:33:54.744412
exp2,14,1,0.116,Methoxybenzoate 4 mM + Kan,D9,0.0315277777777777,2026-04-24 03:33:54.744412
exp2,14,1,0.143,Methoxybenzoate 4 mM + Kan,D10,0.0315277777777777,2026-04-24 03:33:54.744412
exp2,14,1,0.153,Methoxybenzoate 4 mM + Kan,E4,0.0315277777777777,2026-04-24 03:33:54.744412
exp2,14,1,0.121,Methoxybenzoate 4 mM + Kan,E9,0.0315277777777777,2026-04-24 03:33:54.744412
exp2,14,1,0.127,Methoxybenzoate 4 mM + Kan,F4,0.0315277777777777,2026-04-24 03:33:54.744412
exp2,14,2,0.11,Methoxybenzoate 4 mM + Kan,B4,0.0315555555555555,2026-04-24 05:43:25.695977
exp2,14,2,0.092,Methoxybenzoate 4 mM + Kan,B5,0.0315555555555555,2026-04-24 05:43:25.695977
exp2,14,2,0.094,Methoxybenzoate 4 mM + Kan,C4,0.0315555555555555,2026-04-24 05:43:25.695977
exp2,14,2,0.105,Methoxybenzoate 4 mM + Kan,C9,0.0315555555555555,2026-04-24 05:43:25.695977
exp2,14,2,0.089,Methoxybenzoate 4 mM + Kan,D4,0.0315555555555555,2026-04-24 05:43:25.695977
exp2,14,2,0.11,Methoxybenzoate 4 mM + Kan,D5,0.0315555555555555,2026-04-24 05:43:25.695977
exp2,14,2,0.11,Methoxybenzoate 4 mM + Kan,D9,0.0315555555555555,2026-04-24 05:43:25.695977
exp2,14,2,0.107,Methoxybenzoate 4 mM + Kan,D10,0.0315555555555555,2026-04-24 05:43:25.695977
exp2,14,2,0.13,Methoxybenzoate 4 mM + Kan,E4,0.0315555555555555,2026-04-24 05:43:25.695977
exp2,14,2,0.12,Methoxybenzoate 4 mM + Kan,E9,0.0315555555555555,2026-04-24 05:43:25.695977
exp2,14,2,0.106,Methoxybenzoate 4 mM + Kan,F4,0.0315555555555555,2026-04-24 05:43:25.695977
exp2,14,3,0.146,Methoxybenzoate 4 mM + Kan,B4,0.0323055555555555,2026-04-24 07:58:22.233496
exp2,14,3,0.16,Methoxybenzoate 4 mM + Kan,B5,0.0323055555555555,2026-04-24 07:58:22.233496
exp2,14,3,0.143,Methoxybenzoate 4 mM + Kan,C4,0.0323055555555555,2026-04-24 07:58:22.233496
exp2,14,3,0.15,Methoxybenzoate 4 mM + Kan,C9,0.0323055555555555,2026-04-24 07:58:22.233496
exp2,14,3,0.147,Methoxybenzoate 4 mM + Kan,D4,0.0323055555555555,2026-04-24 07:58:22.233496
exp2,14,3,0.162,Methoxybenzoate 4 mM + Kan,D5,0.0323055555555555,2026-04-24 07:58:22.233496
exp2,14,3,0.15,Methoxybenzoate 4 mM + Kan,D9,0.0323055555555555,2026-04-24 07:58:22.233496
exp2,14,3,0.154,Methoxybenzoate 4 mM + Kan,D10,0.0323055555555555,2026-04-24 07:58:22.233496
exp2,14,3,0.169,Methoxybenzoate 4 mM + Kan,E4,0.0323055555555555,2026-04-24 07:58:22.233496
exp2,14,3,0.201,Methoxybenzoate 4 mM + Kan,E9,0.0323055555555555,2026-04-24 07:58:22.233496
exp2,14,3,0.156,Methoxybenzoate 4 mM + Kan,F4,0.0323055555555555,2026-04-24 07:58:22.233496
exp2,14,4,0.167,Methoxybenzoate 4 mM + Kan,B4,0.0334722222222222,2026-04-24 10:07:28.413139
exp2,14,4,0.18,Methoxybenzoate 4 mM + Kan,B5,0.0334722222222222,2026-04-24 10:07:28.413139
exp2,14,4,0.166,Methoxybenzoate 4 mM + Kan,C4,0.0334722222222222,2026-04-24 10:07:28.413139
exp2,14,4,0.167,Methoxybenzoate 4 mM + Kan,C9,0.0334722222222222,2026-04-24 10:07:28.413139
exp2,14,4,0.173,Methoxybenzoate 4 mM + Kan,D4,0.0334722222222222,2026-04-24 10:07:28.413139
exp2,14,4,0.189,Methoxybenzoate 4 mM + Kan,D5,0.0334722222222222,2026-04-24 10:07:28.413139
exp2,14,4,0.169,Methoxybenzoate 4 mM + Kan,D9,0.0334722222222222,2026-04-24 10:07:28.413139
exp2,14,4,0.142,Methoxybenzoate 4 mM + Kan,D10,0.0334722222222222,2026-04-24 10:07:28.413139
exp2,14,4,0.198,Methoxybenzoate 4 mM + Kan,E4,0.0334722222222222,2026-04-24 10:07:28.413139
exp2,14,4,0.203,Methoxybenzoate 4 mM + Kan,E9,0.0334722222222222,2026-04-24 10:07:28.413139
exp2,14,4,0.181,Methoxybenzoate 4 mM + Kan,F4,0.0334722222222222,2026-04-24 10:07:28.413139
exp2,14,5,0.201,Methoxybenzoate 4 mM + Kan,B4,0.0336388888888889,2026-04-24 12:16:42.372762
exp2,14,5,0.206,Methoxybenzoate 4 mM + Kan,B5,0.0336388888888889,2026-04-24 12:16:42.372762
exp2,14,5,0.191,Methoxybenzoate 4 mM + Kan,C4,0.0336388888888889,2026-04-24 12:16:42.372762
exp2,14,5,0.183,Methoxybenzoate 4 mM + Kan,C9,0.0336388888888889,2026-04-24 12:16:42.372762
exp2,14,5,0.189,Methoxybenzoate 4 mM + Kan,D4,0.0336388888888889,2026-04-24 12:16:42.372762
exp2,14,5,0.219,Methoxybenzoate 4 mM + Kan,D5,0.0336388888888889,2026-04-24 12:16:42.372762
exp2,14,5,0.188,Methoxybenzoate 4 mM + Kan,D9,0.0336388888888889,2026-04-24 12:16:42.372762
exp2,14,5,0.173,Methoxybenzoate 4 mM + Kan,D10,0.0336388888888889,2026-04-24 12:16:42.372762
exp2,14,5,0.231,Methoxybenzoate 4 mM + Kan,E4,0.0336388888888889,2026-04-24 12:16:42.372762
exp2,14,5,0.227,Methoxybenzoate 4 mM + Kan,E9,0.0336388888888889,2026-04-24 12:16:42.372762
exp2,14,5,0.203,Methoxybenzoate 4 mM + Kan,F4,0.0336388888888889,2026-04-24 12:16:42.372762
exp2,14,6,0.249,Methoxybenzoate 4 mM + Kan,B4,0.0347777777777777,2026-04-24 14:26:22.745832
exp2,14,6,0.241,Methoxybenzoate 4 mM + Kan,B5,0.0347777777777777,2026-04-24 14:26:22.745832
exp2,14,6,0.236,Methoxybenzoate 4 mM + Kan,C4,0.0347777777777777,2026-04-24 14:26:22.745832
exp2,14,6,0.199,Methoxybenzoate 4 mM + Kan,C9,0.0347777777777777,2026-04-24 14:26:22.745832
exp2,14,6,0.204,Methoxybenzoate 4 mM + Kan,D4,0.0347777777777777,2026-04-24 14:26:22.745832
exp2,14,6,0.256,Methoxybenzoate 4 mM + Kan,D5,0.0347777777777777,2026-04-24 14:26:22.745832
exp2,14,6,0.206,Methoxybenzoate 4 mM + Kan,D9,0.0347777777777777,2026-04-24 14:26:22.745832
exp2,14,6,0.233,Methoxybenzoate 4 mM + Kan,D10,0.0347777777777777,2026-04-24 14:26:22.745832
exp2,14,6,0.268,Methoxybenzoate 4 mM + Kan,E4,0.0347777777777777,2026-04-24 14:26:22.745832
exp2,14,6,0.292,Methoxybenzoate 4 mM + Kan,E9,0.0347777777777777,2026-04-24 14:26:22.745832
exp2,14,6,0.227,Methoxybenzoate 4 mM + Kan,F4,0.0347777777777777,2026-04-24 14:26:22.745832
exp2,14,7,0.3,Methoxybenzoate 4 mM + Kan,B4,0.0335555555555555,2026-04-24 16:35:57.199856
exp2,14,7,0.287,Methoxybenzoate 4 mM + Kan,B5,0.0335555555555555,2026-04-24 16:35:57.199856
exp2,14,7,0.27,Methoxybenzoate 4 mM + Kan,C4,0.0335555555555555,2026-04-24 16:35:57.199856
exp2,14,7,0.224,Methoxybenzoate 4 mM + Kan,C9,0.0335555555555555,2026-04-24 16:35:57.199856
exp2,14,7,0.219,Methoxybenzoate 4 mM + Kan,D4,0.0335555555555555,2026-04-24 16:35:57.199856
exp2,14,7,0.311,Methoxybenzoate 4 mM + Kan,D5,0.0335555555555555,2026-04-24 16:35:57.199856
exp2,14,7,0.233,Methoxybenzoate 4 mM + Kan,D9,0.0335555555555555,2026-04-24 16:35:57.199856
exp2,14,7,0.304,Methoxybenzoate 4 mM + Kan,D10,0.0335555555555555,2026-04-24 16:35:57.199856
exp2,14,7,0.323,Methoxybenzoate 4 mM + Kan,E4,0.0335555555555555,2026-04-24 16:35:57.199856
exp2,14,7,0.36,Methoxybenzoate 4 mM + Kan,E9,0.0335555555555555,2026-04-24 16:35:57.199856
exp2,14,7,0.255,Methoxybenzoate 4 mM + Kan,F4,0.0335555555555555,2026-04-24 16:35:57.199856
exp2,14,8,0.342,Methoxybenzoate 4 mM + Kan,B4,0.0329722222222222,2026-04-24 18:45:31.834428
exp2,14,8,0.357,Methoxybenzoate 4 mM + Kan,B5,0.0329722222222222,2026-04-24 18:45:31.834428
exp2,14,8,0.324,Methoxybenzoate 4 mM + Kan,C4,0.0329722222222222,2026-04-24 18:45:31.834428
exp2,14,8,0.262,Methoxybenzoate 4 mM + Kan,C9,0.0329722222222222,2026-04-24 18:45:31.834428
exp2,14,8,0.238,Methoxybenzoate 4 mM + Kan,D4,0.0329722222222222,2026-04-24 18:45:31.834428
exp2,14,8,0.357,Methoxybenzoate 4 mM + Kan,D5,0.0329722222222222,2026-04-24 18:45:31.834428
exp2,14,8,0.269,Methoxybenzoate 4 mM + Kan,D9,0.0329722222222222,2026-04-24 18:45:31.834428
exp2,14,8,0.368,Methoxybenzoate 4 mM + Kan,D10,0.0329722222222222,2026-04-24 18:45:31.834428
exp2,14,8,0.368,Methoxybenzoate 4 mM + Kan,E4,0.0329722222222222,2026-04-24 18:45:31.834428
exp2,14,8,0.361,Methoxybenzoate 4 mM + Kan,E9,0.0329722222222222,2026-04-24 18:45:31.834428
exp2,14,8,0.293,Methoxybenzoate 4 mM + Kan,F4,0.0329722222222222,2026-04-24 18:45:31.834428
exp2,14,9,0.381,Methoxybenzoate 4 mM + Kan,B4,0.0341666666666666,2026-04-24 20:54:46.032448
exp2,14,9,0.398,Methoxybenzoate 4 mM + Kan,B5,0.0341666666666666,2026-04-24 20:54:46.032448
exp2,14,9,0.333,Methoxybenzoate 4 mM + Kan,C4,0.0341666666666666,2026-04-24 20:54:46.032448
exp2,14,9,0.324,Methoxybenzoate 4 mM + Kan,C9,0.0341666666666666,2026-04-24 20:54:46.032448
exp2,14,9,0.269,Methoxybenzoate 4 mM + Kan,D4,0.0341666666666666,2026-04-24 20:54:46.032448
exp2,14,9,0.399,Methoxybenzoate 4 mM + Kan,D5,0.0341666666666666,2026-04-24 20:54:46.032448
exp2,14,9,0.332,Methoxybenzoate 4 mM + Kan,D9,0.0341666666666666,2026-04-24 20:54:46.032448
exp2,14,9,0.403,Methoxybenzoate 4 mM + Kan,D10,0.0341666666666666,2026-04-24 20:54:46.032448
exp2,14,9,0.401,Methoxybenzoate 4 mM + Kan,E4,0.0341666666666666,2026-04-24 20:54:46.032448
exp2,14,9,0.364,Methoxybenzoate 4 mM + Kan,E9,0.0341666666666666,2026-04-24 20:54:46.032448
exp2,14,9,0.34,Methoxybenzoate 4 mM + Kan,F4,0.0341666666666666,2026-04-24 20:54:46.032448
exp2,14,10,0.385,Methoxybenzoate 4 mM + Kan,B4,0.0337222222222222,2026-04-24 23:03:56.571224
exp2,14,10,0.396,Methoxybenzoate 4 mM + Kan,B5,0.0337222222222222,2026-04-24 23:03:56.571224
exp2,14,10,0.34,Methoxybenzoate 4 mM + Kan,C4,0.0337222222222222,2026-04-24 23:03:56.571224
exp2,14,10,0.377,Methoxybenzoate 4 mM + Kan,C9,0.0337222222222222,2026-04-24 23:03:56.571224
exp2,14,10,0.307,Methoxybenzoate 4 mM + Kan,D4,0.0337222222222222,2026-04-24 23:03:56.571224
exp2,14,10,0.405,Methoxybenzoate 4 mM + Kan,D5,0.0337222222222222,2026-04-24 23:03:56.571224
exp2,14,10,0.384,Methoxybenzoate 4 mM + Kan,D9,0.0337222222222222,2026-04-24 23:03:56.571224
exp2,14,10,0.405,Methoxybenzoate 4 mM + Kan,D10,0.0337222222222222,2026-04-24 23:03:56.571224
exp2,14,10,0.406,Methoxybenzoate 4 mM + Kan,E4,0.0337222222222222,2026-04-24 23:03:56.571224
exp2,14,10,0.364,Methoxybenzoate 4 mM + Kan,E9,0.0337222222222222,2026-04-24 23:03:56.571224
exp2,14,10,0.385,Methoxybenzoate 4 mM + Kan,F4,0.0337222222222222,2026-04-24 23:03:56.571224
exp2,14,11,0.389,Methoxybenzoate 4 mM + Kan,B4,0.0337777777777777,2026-04-25 01:13:19.330738
exp2,14,11,0.398,Methoxybenzoate 4 mM + Kan,B5,0.0337777777777777,2026-04-25 01:13:19.330738
exp2,14,11,0.347,Methoxybenzoate 4 mM + Kan,C4,0.0337777777777777,2026-04-25 01:13:19.330738
exp2,14,11,0.393,Methoxybenzoate 4 mM + Kan,C9,0.0337777777777777,2026-04-25 01:13:19.330738
exp2,14,11,0.36,Methoxybenzoate 4 mM + Kan,D4,0.0337777777777777,2026-04-25 01:13:19.330738
exp2,14,11,0.41,Methoxybenzoate 4 mM + Kan,D5,0.0337777777777777,2026-04-25 01:13:19.330738
exp2,14,11,0.395,Methoxybenzoate 4 mM + Kan,D9,0.0337777777777777,2026-04-25 01:13:19.330738
exp2,14,11,0.408,Methoxybenzoate 4 mM + Kan,D10,0.0337777777777777,2026-04-25 01:13:19.330738
exp2,14,11,0.411,Methoxybenzoate 4 mM + Kan,E4,0.0337777777777777,2026-04-25 01:13:19.330738
exp2,14,11,0.366,Methoxybenzoate 4 mM + Kan,E9,0.0337777777777777,2026-04-25 01:13:19.330738
exp2,14,11,0.396,Methoxybenzoate 4 mM + Kan,F4,0.0337777777777777,2026-04-25 01:13:19.330738
exp2,14,12,0.39,Methoxybenzoate 4 mM + Kan,B4,0.0339166666666666,2026-04-25 03:22:31.626960
exp2,14,12,0.4,Methoxybenzoate 4 mM + Kan,B5,0.0339166666666666,2026-04-25 03:22:31.626960
exp2,14,12,0.348,Methoxybenzoate 4 mM + Kan,C4,0.0339166666666666,2026-04-25 03:22:31.626960
exp2,14,12,0.395,Methoxybenzoate 4 mM + Kan,C9,0.0339166666666666,2026-04-25 03:22:31.626960
exp2,14,12,0.389,Methoxybenzoate 4 mM + Kan,D4,0.0339166666666666,2026-04-25 03:22:31.626960
exp2,14,12,0.411,Methoxybenzoate 4 mM + Kan,D5,0.0339166666666666,2026-04-25 03:22:31.626960
exp2,14,12,0.397,Methoxybenzoate 4 mM + Kan,D9,0.0339166666666666,2026-04-25 03:22:31.626960
exp2,14,12,0.411,Methoxybenzoate 4 mM + Kan,D10,0.0339166666666666,2026-04-25 03:22:31.626960
exp2,14,12,0.411,Methoxybenzoate 4 mM + Kan,E4,0.0339166666666666,2026-04-25 03:22:31.626960
exp2,14,12,0.366,Methoxybenzoate 4 mM + Kan,E9,0.0339166666666666,2026-04-25 03:22:31.626960
exp2,14,12,0.4,Methoxybenzoate 4 mM + Kan,F4,0.0339166666666666,2026-04-25 03:22:31.626960
