Sample,assay,Microtiter_plate_well,Transfer,verA,verB,Candidate,Count,depth,freq
TFMN4.exp2.ACN3788.concX_largeLib_SpeI.1,WGS,B4,3,A143,B84,A143-B84,3,190,0.0157894736842105
TFMN4.exp2.ACN3788.concX_largeLib_SpeI.1,WGS,B4,3,A152,B110,A152-B110,3,190,0.0157894736842105
TFMN4.exp2.ACN3788.concX_largeLib_SpeI.1,WGS,B4,3,A152,B151,A152-B151,3,190,0.0157894736842105
TFMN4.exp2.ACN3788.concX_largeLib_SpeI.1,WGS,B4,3,A153,B30,A153-B30,2,190,0.0105263157894736
TFMN4.exp2.ACN3788.concX_largeLib_SpeI.1,WGS,B4,3,A153,B6,A153-B6,2,190,0.0105263157894736
TFMN4.exp2.ACN3788.concX_largeLib_SpeI.1,WGS,B4,3,A176,B120,A176-B120,3,190,0.0157894736842105
TFMN4.exp2.ACN3788.concX_largeLib_SpeI.1,WGS,B4,3,A186,B79,A186-B79,4,190,0.0210526315789473
TFMN4.exp2.ACN3788.concX_largeLib_SpeI.1,WGS,B4,3,A196,B117,A196-B117,13,190,0.0684210526315789
TFMN4.exp2.ACN3788.concX_largeLib_SpeI.1,WGS,B4,3,A196,B122,A196-B122,4,190,0.0210526315789473
TFMN4.exp2.ACN3788.concX_largeLib_SpeI.1,WGS,B4,3,A196,B123,A196-B123,2,190,0.0105263157894736
TFMN4.exp2.ACN3788.concX_largeLib_SpeI.1,WGS,B4,3,A196,B150,A196-B150,1,190,0.0052631578947368
TFMN4.exp2.ACN3788.concX_largeLib_SpeI.1,WGS,B4,3,A196,B171,A196-B171,4,190,0.0210526315789473
TFMN4.exp2.ACN3788.concX_largeLib_SpeI.1,WGS,B4,3,A196,B2,A196-B2,2,190,0.0105263157894736
TFMN4.exp2.ACN3788.concX_largeLib_SpeI.1,WGS,B4,3,A196,B27,A196-B27,3,190,0.0157894736842105
TFMN4.exp2.ACN3788.concX_largeLib_SpeI.1,WGS,B4,3,A196,B30,A196-B30,2,190,0.0105263157894736
TFMN4.exp2.ACN3788.concX_largeLib_SpeI.1,WGS,B4,3,A196,B59,A196-B59,1,190,0.0052631578947368
TFMN4.exp2.ACN3788.concX_largeLib_SpeI.1,WGS,B4,3,A196,B87,A196-B87,10,190,0.0526315789473684
TFMN4.exp2.ACN3788.concX_largeLib_SpeI.1,WGS,B4,3,A20,B126,A20-B126,1,190,0.0052631578947368
TFMN4.exp2.ACN3788.concX_largeLib_SpeI.1,WGS,B4,3,A20,B60,A20-B60,1,190,0.0052631578947368
TFMN4.exp2.ACN3788.concX_largeLib_SpeI.1,WGS,B4,3,A63,B117,A63-B117,2,190,0.0105263157894736
TFMN4.exp2.ACN3788.concX_largeLib_SpeI.1,WGS,B4,3,A63,B147,A63-B147,2,190,0.0105263157894736
TFMN4.exp2.ACN3788.concX_largeLib_SpeI.1,WGS,B4,3,A63,B151,A63-B151,2,190,0.0105263157894736
TFMN4.exp2.ACN3788.concX_largeLib_SpeI.1,WGS,B4,3,A63,B75,A63-B75,1,190,0.0052631578947368
TFMN4.exp2.ACN3788.concX_largeLib_SpeI.1,WGS,B4,3,A78,B103,A78-B103,2,190,0.0105263157894736
TFMN4.exp2.ACN3788.concX_largeLib_SpeI.1,WGS,B4,3,A78,B137,A78-B137,8,190,0.0421052631578947
TFMN4.exp2.ACN3788.concX_largeLib_SpeI.1,WGS,B4,3,A78,B150,A78-B150,1,190,0.0052631578947368
TFMN4.exp2.ACN3788.concX_largeLib_SpeI.1,WGS,B4,3,A78,B151,A78-B151,11,190,0.0578947368421052
TFMN4.exp2.ACN3788.concX_largeLib_SpeI.1,WGS,B4,3,A78,B171,A78-B171,5,190,0.0263157894736842
TFMN4.exp2.ACN3788.concX_largeLib_SpeI.1,WGS,B4,3,A78,B70,A78-B70,3,190,0.0157894736842105
TFMN4.exp2.ACN3788.concX_largeLib_SpeI.1,WGS,B4,3,A78,B77,A78-B77,7,190,0.0368421052631578
TFMN4.exp2.ACN3788.concX_largeLib_SpeI.1,WGS,B4,3,A78,B84,A78-B84,7,190,0.0368421052631578
TFMN4.exp2.ACN3788.concX_largeLib_SpeI.1,WGS,B4,3,A81,B132,A81-B132,5,190,0.0263157894736842
TFMN4.exp2.ACN3788.concX_largeLib_SpeI.1,WGS,B4,3,A81,B140,A81-B140,2,190,0.0105263157894736
TFMN4.exp2.ACN3788.concX_largeLib_SpeI.1,WGS,B4,3,A81,B171,A81-B171,6,190,0.031578947368421
TFMN4.exp2.ACN3788.concX_largeLib_SpeI.1,WGS,B4,3,A81,B18,A81-B18,2,190,0.0105263157894736
TFMN4.exp2.ACN3788.concX_largeLib_SpeI.1,WGS,B4,3,A81,B27,A81-B27,4,190,0.0210526315789473
TFMN4.exp2.ACN3788.concX_largeLib_SpeI.1,WGS,B4,3,A81,B3,A81-B3,1,190,0.0052631578947368
TFMN4.exp2.ACN3788.concX_largeLib_SpeI.1,WGS,B4,3,A81,B40,A81-B40,3,190,0.0157894736842105
TFMN4.exp2.ACN3788.concX_largeLib_SpeI.1,WGS,B4,3,A81,B75,A81-B75,8,190,0.0421052631578947
TFMN4.exp2.ACN3788.concX_largeLib_SpeI.1,WGS,B4,3,A81,B8,A81-B8,24,190,0.1263157894736842
TFMN4.exp2.ACN3788.concX_largeLib_SpeI.1,WGS,B4,3,A81,B84,A81-B84,1,190,0.0052631578947368
TFMN4.exp2.ACN3788.concX_largeLib_SpeI.1,WGS,B4,3,A83,B50,A83-B50,1,190,0.0052631578947368
TFMN4.exp2.ACN3788.concX_largeLib_SpeI.1,WGS,B4,3,A90,B120,A90-B120,5,190,0.0263157894736842
TFMN4.exp2.ACN3788.concX_largeLib_SpeI.1,WGS,B4,3,A90,B151,A90-B151,5,190,0.0263157894736842
TFMN4.exp2.ACN3788.concX_largeLib_SpeI.1,WGS,B4,3,A90,B155,A90-B155,2,190,0.0105263157894736
TFMN4.exp2.ACN3788.concX_largeLib_SpeI.1,WGS,B4,3,A90,B59,A90-B59,1,190,0.0052631578947368
TFMN4.exp2.ACN3788.concX_largeLib_SpeI.1,WGS,B4,3,A96,B79,A96-B79,2,190,0.0105263157894736
TFMN4.exp2.ACN3788.concX_largeLib_SpeI.1,WGS,B4,3,A96,B87,A96-B87,3,190,0.0157894736842105
TFMN4.exp2.ACN3788.concX_largeLib_SpeI.1,WGS,B4,4,A143,B84,A143-B84,10,117,0.0854700854700854
TFMN4.exp2.ACN3788.concX_largeLib_SpeI.1,WGS,B4,4,A153,B30,A153-B30,1,117,0.0085470085470085
TFMN4.exp2.ACN3788.concX_largeLib_SpeI.1,WGS,B4,4,A153,B6,A153-B6,4,117,0.0341880341880341
TFMN4.exp2.ACN3788.concX_largeLib_SpeI.1,WGS,B4,4,A186,B78,A186-B78,1,117,0.0085470085470085
TFMN4.exp2.ACN3788.concX_largeLib_SpeI.1,WGS,B4,4,A186,B79,A186-B79,1,117,0.0085470085470085
TFMN4.exp2.ACN3788.concX_largeLib_SpeI.1,WGS,B4,4,A196,B117,A196-B117,9,117,0.0769230769230769
TFMN4.exp2.ACN3788.concX_largeLib_SpeI.1,WGS,B4,4,A196,B151,A196-B151,1,117,0.0085470085470085
TFMN4.exp2.ACN3788.concX_largeLib_SpeI.1,WGS,B4,4,A196,B171,A196-B171,2,117,0.017094017094017
TFMN4.exp2.ACN3788.concX_largeLib_SpeI.1,WGS,B4,4,A196,B2,A196-B2,1,117,0.0085470085470085
TFMN4.exp2.ACN3788.concX_largeLib_SpeI.1,WGS,B4,4,A196,B27,A196-B27,3,117,0.0256410256410256
TFMN4.exp2.ACN3788.concX_largeLib_SpeI.1,WGS,B4,4,A196,B59,A196-B59,6,117,0.0512820512820512
TFMN4.exp2.ACN3788.concX_largeLib_SpeI.1,WGS,B4,4,A196,B8,A196-B8,2,117,0.017094017094017
TFMN4.exp2.ACN3788.concX_largeLib_SpeI.1,WGS,B4,4,A196,B87,A196-B87,3,117,0.0256410256410256
TFMN4.exp2.ACN3788.concX_largeLib_SpeI.1,WGS,B4,4,A78,B137,A78-B137,3,117,0.0256410256410256
TFMN4.exp2.ACN3788.concX_largeLib_SpeI.1,WGS,B4,4,A78,B151,A78-B151,9,117,0.0769230769230769
TFMN4.exp2.ACN3788.concX_largeLib_SpeI.1,WGS,B4,4,A78,B171,A78-B171,1,117,0.0085470085470085
TFMN4.exp2.ACN3788.concX_largeLib_SpeI.1,WGS,B4,4,A78,B70,A78-B70,2,117,0.017094017094017
TFMN4.exp2.ACN3788.concX_largeLib_SpeI.1,WGS,B4,4,A78,B77,A78-B77,15,117,0.1282051282051282
TFMN4.exp2.ACN3788.concX_largeLib_SpeI.1,WGS,B4,4,A81,B132,A81-B132,3,117,0.0256410256410256
TFMN4.exp2.ACN3788.concX_largeLib_SpeI.1,WGS,B4,4,A81,B137,A81-B137,1,117,0.0085470085470085
TFMN4.exp2.ACN3788.concX_largeLib_SpeI.1,WGS,B4,4,A81,B171,A81-B171,1,117,0.0085470085470085
TFMN4.exp2.ACN3788.concX_largeLib_SpeI.1,WGS,B4,4,A81,B18,A81-B18,2,117,0.017094017094017
TFMN4.exp2.ACN3788.concX_largeLib_SpeI.1,WGS,B4,4,A81,B51,A81-B51,3,117,0.0256410256410256
TFMN4.exp2.ACN3788.concX_largeLib_SpeI.1,WGS,B4,4,A81,B8,A81-B8,29,117,0.2478632478632478
TFMN4.exp2.ACN3788.concX_largeLib_SpeI.1,WGS,B4,4,A81,B84,A81-B84,1,117,0.0085470085470085
TFMN4.exp2.ACN3788.concX_largeLib_SpeI.1,WGS,B4,4,A90,B155,A90-B155,2,117,0.017094017094017
TFMN4.exp2.ACN3788.concX_largeLib_SpeI.1,WGS,B4,4,A96,B47,A96-B47,1,117,0.0085470085470085
TFMN4.exp2.ACN3788.concX_largeLib_SpeI.1,WGS,B4,6,A143,B84,A143-B84,16,191,0.0837696335078534
TFMN4.exp2.ACN3788.concX_largeLib_SpeI.1,WGS,B4,6,A196,B117,A196-B117,11,191,0.0575916230366492
TFMN4.exp2.ACN3788.concX_largeLib_SpeI.1,WGS,B4,6,A196,B171,A196-B171,4,191,0.0209424083769633
TFMN4.exp2.ACN3788.concX_largeLib_SpeI.1,WGS,B4,6,A196,B2,A196-B2,8,191,0.0418848167539267
TFMN4.exp2.ACN3788.concX_largeLib_SpeI.1,WGS,B4,6,A196,B27,A196-B27,2,191,0.0104712041884816
TFMN4.exp2.ACN3788.concX_largeLib_SpeI.1,WGS,B4,6,A196,B59,A196-B59,3,191,0.0157068062827225
TFMN4.exp2.ACN3788.concX_largeLib_SpeI.1,WGS,B4,6,A196,B87,A196-B87,9,191,0.0471204188481675
TFMN4.exp2.ACN3788.concX_largeLib_SpeI.1,WGS,B4,6,A63,B145,A63-B145,1,191,0.0052356020942408
TFMN4.exp2.ACN3788.concX_largeLib_SpeI.1,WGS,B4,6,A78,B137,A78-B137,1,191,0.0052356020942408
TFMN4.exp2.ACN3788.concX_largeLib_SpeI.1,WGS,B4,6,A78,B151,A78-B151,3,191,0.0157068062827225
TFMN4.exp2.ACN3788.concX_largeLib_SpeI.1,WGS,B4,6,A78,B77,A78-B77,13,191,0.0680628272251308
TFMN4.exp2.ACN3788.concX_largeLib_SpeI.1,WGS,B4,6,A79,B77,A79-B77,1,191,0.0052356020942408
TFMN4.exp2.ACN3788.concX_largeLib_SpeI.1,WGS,B4,6,A81,B132,A81-B132,2,191,0.0104712041884816
TFMN4.exp2.ACN3788.concX_largeLib_SpeI.1,WGS,B4,6,A81,B27,A81-B27,1,191,0.0052356020942408
TFMN4.exp2.ACN3788.concX_largeLib_SpeI.1,WGS,B4,6,A81,B8,A81-B8,114,191,0.5968586387434555
TFMN4.exp2.ACN3788.concX_largeLib_SpeI.1,WGS,B4,6,A90,B151,A90-B151,1,191,0.0052356020942408
TFMN4.exp2.ACN3788.concX_largeLib_SpeI.1,WGS,B4,6,A90,B155,A90-B155,1,191,0.0052356020942408
TFMN4.exp2.ACN3788.concX_largeLib_SpeI.1,WGS,B4,13,A138,B79,A138-B79,1,199,0.0050251256281407
TFMN4.exp2.ACN3788.concX_largeLib_SpeI.1,WGS,B4,13,A143,B84,A143-B84,3,199,0.0150753768844221
TFMN4.exp2.ACN3788.concX_largeLib_SpeI.1,WGS,B4,13,A186,B78,A186-B78,1,199,0.0050251256281407
TFMN4.exp2.ACN3788.concX_largeLib_SpeI.1,WGS,B4,13,A186,B79,A186-B79,7,199,0.0351758793969849
TFMN4.exp2.ACN3788.concX_largeLib_SpeI.1,WGS,B4,13,A196,B87,A196-B87,1,199,0.0050251256281407
TFMN4.exp2.ACN3788.concX_largeLib_SpeI.1,WGS,B4,13,A78,B151,A78-B151,1,199,0.0050251256281407
TFMN4.exp2.ACN3788.concX_largeLib_SpeI.1,WGS,B4,13,A78,B77,A78-B77,2,199,0.0100502512562814
TFMN4.exp2.ACN3788.concX_largeLib_SpeI.1,WGS,B4,13,A81,B132,A81-B132,2,199,0.0100502512562814
TFMN4.exp2.ACN3788.concX_largeLib_SpeI.1,WGS,B4,13,A81,B8,A81-B8,181,199,0.9095477386934674
TFMN4.exp2.ACN3788.concX_largeLib_SpeI.2,WGS,C4,3,A143,B123,A143-B123,2,135,0.0148148148148148
TFMN4.exp2.ACN3788.concX_largeLib_SpeI.2,WGS,C4,3,A153,B151,A153-B151,4,135,0.0296296296296296
TFMN4.exp2.ACN3788.concX_largeLib_SpeI.2,WGS,C4,3,A153,B27,A153-B27,1,135,0.0074074074074074
TFMN4.exp2.ACN3788.concX_largeLib_SpeI.2,WGS,C4,3,A153,B30,A153-B30,12,135,0.0888888888888888
TFMN4.exp2.ACN3788.concX_largeLib_SpeI.2,WGS,C4,3,A153,B84,A153-B84,4,135,0.0296296296296296
TFMN4.exp2.ACN3788.concX_largeLib_SpeI.2,WGS,C4,3,A169,B27,A169-B27,1,135,0.0074074074074074
TFMN4.exp2.ACN3788.concX_largeLib_SpeI.2,WGS,C4,3,A196,B11,A196-B11,38,135,0.2814814814814815
TFMN4.exp2.ACN3788.concX_largeLib_SpeI.2,WGS,C4,3,A196,B123,A196-B123,15,135,0.1111111111111111
TFMN4.exp2.ACN3788.concX_largeLib_SpeI.2,WGS,C4,3,A196,B132,A196-B132,5,135,0.037037037037037
TFMN4.exp2.ACN3788.concX_largeLib_SpeI.2,WGS,C4,3,A196,B15,A196-B15,1,135,0.0074074074074074
TFMN4.exp2.ACN3788.concX_largeLib_SpeI.2,WGS,C4,3,A196,B18,A196-B18,2,135,0.0148148148148148
TFMN4.exp2.ACN3788.concX_largeLib_SpeI.2,WGS,C4,3,A20,B66,A20-B66,4,135,0.0296296296296296
TFMN4.exp2.ACN3788.concX_largeLib_SpeI.2,WGS,C4,3,A78,B137,A78-B137,3,135,0.0222222222222222
TFMN4.exp2.ACN3788.concX_largeLib_SpeI.2,WGS,C4,3,A78,B26,A78-B26,4,135,0.0296296296296296
TFMN4.exp2.ACN3788.concX_largeLib_SpeI.2,WGS,C4,3,A78,B75,A78-B75,5,135,0.037037037037037
TFMN4.exp2.ACN3788.concX_largeLib_SpeI.2,WGS,C4,3,A78,B84,A78-B84,2,135,0.0148148148148148
TFMN4.exp2.ACN3788.concX_largeLib_SpeI.2,WGS,C4,3,A81,B100,A81-B100,5,135,0.037037037037037
TFMN4.exp2.ACN3788.concX_largeLib_SpeI.2,WGS,C4,3,A81,B127,A81-B127,7,135,0.0518518518518518
TFMN4.exp2.ACN3788.concX_largeLib_SpeI.2,WGS,C4,3,A81,B132,A81-B132,1,135,0.0074074074074074
TFMN4.exp2.ACN3788.concX_largeLib_SpeI.2,WGS,C4,3,A81,B174,A81-B174,1,135,0.0074074074074074
TFMN4.exp2.ACN3788.concX_largeLib_SpeI.2,WGS,C4,3,A81,B40,A81-B40,3,135,0.0222222222222222
TFMN4.exp2.ACN3788.concX_largeLib_SpeI.2,WGS,C4,3,A81,B66,A81-B66,2,135,0.0148148148148148
TFMN4.exp2.ACN3788.concX_largeLib_SpeI.2,WGS,C4,3,A83,B103,A83-B103,2,135,0.0148148148148148
TFMN4.exp2.ACN3788.concX_largeLib_SpeI.2,WGS,C4,3,A83,B151,A83-B151,1,135,0.0074074074074074
TFMN4.exp2.ACN3788.concX_largeLib_SpeI.2,WGS,C4,3,A83,B84,A83-B84,1,135,0.0074074074074074
TFMN4.exp2.ACN3788.concX_largeLib_SpeI.2,WGS,C4,3,A89,B27,A89-B27,1,135,0.0074074074074074
TFMN4.exp2.ACN3788.concX_largeLib_SpeI.2,WGS,C4,3,A90,B154,A90-B154,3,135,0.0222222222222222
TFMN4.exp2.ACN3788.concX_largeLib_SpeI.2,WGS,C4,3,A90,B75,A90-B75,3,135,0.0222222222222222
TFMN4.exp2.ACN3788.concX_largeLib_SpeI.2,WGS,C4,3,A96,B140,A96-B140,1,135,0.0074074074074074
TFMN4.exp2.ACN3788.concX_largeLib_SpeI.2,WGS,C4,3,A96,B87,A96-B87,1,135,0.0074074074074074
TFMN4.exp2.ACN3788.concX_largeLib_SpeI.2,WGS,C4,4,A143,B123,A143-B123,1,205,0.0048780487804878
TFMN4.exp2.ACN3788.concX_largeLib_SpeI.2,WGS,C4,4,A143,B6,A143-B6,2,205,0.0097560975609756
TFMN4.exp2.ACN3788.concX_largeLib_SpeI.2,WGS,C4,4,A153,B101,A153-B101,1,205,0.0048780487804878
TFMN4.exp2.ACN3788.concX_largeLib_SpeI.2,WGS,C4,4,A153,B30,A153-B30,17,205,0.0829268292682926
TFMN4.exp2.ACN3788.concX_largeLib_SpeI.2,WGS,C4,4,A153,B84,A153-B84,1,205,0.0048780487804878
TFMN4.exp2.ACN3788.concX_largeLib_SpeI.2,WGS,C4,4,A193,B11,A193-B11,1,205,0.0048780487804878
TFMN4.exp2.ACN3788.concX_largeLib_SpeI.2,WGS,C4,4,A196,B11,A196-B11,65,205,0.3170731707317073
TFMN4.exp2.ACN3788.concX_largeLib_SpeI.2,WGS,C4,4,A196,B123,A196-B123,44,205,0.2146341463414634
TFMN4.exp2.ACN3788.concX_largeLib_SpeI.2,WGS,C4,4,A196,B132,A196-B132,4,205,0.0195121951219512
TFMN4.exp2.ACN3788.concX_largeLib_SpeI.2,WGS,C4,4,A196,B15,A196-B15,3,205,0.0146341463414634
TFMN4.exp2.ACN3788.concX_largeLib_SpeI.2,WGS,C4,4,A196,B18,A196-B18,1,205,0.0048780487804878
TFMN4.exp2.ACN3788.concX_largeLib_SpeI.2,WGS,C4,4,A196,B6,A196-B6,1,205,0.0048780487804878
TFMN4.exp2.ACN3788.concX_largeLib_SpeI.2,WGS,C4,4,A20,B66,A20-B66,2,205,0.0097560975609756
TFMN4.exp2.ACN3788.concX_largeLib_SpeI.2,WGS,C4,4,A20,B71,A20-B71,1,205,0.0048780487804878
TFMN4.exp2.ACN3788.concX_largeLib_SpeI.2,WGS,C4,4,A78,B137,A78-B137,2,205,0.0097560975609756
TFMN4.exp2.ACN3788.concX_largeLib_SpeI.2,WGS,C4,4,A78,B26,A78-B26,6,205,0.0292682926829268
TFMN4.exp2.ACN3788.concX_largeLib_SpeI.2,WGS,C4,4,A78,B75,A78-B75,8,205,0.0390243902439024
TFMN4.exp2.ACN3788.concX_largeLib_SpeI.2,WGS,C4,4,A78,B84,A78-B84,3,205,0.0146341463414634
TFMN4.exp2.ACN3788.concX_largeLib_SpeI.2,WGS,C4,4,A81,B100,A81-B100,3,205,0.0146341463414634
TFMN4.exp2.ACN3788.concX_largeLib_SpeI.2,WGS,C4,4,A81,B127,A81-B127,5,205,0.024390243902439
TFMN4.exp2.ACN3788.concX_largeLib_SpeI.2,WGS,C4,4,A81,B174,A81-B174,2,205,0.0097560975609756
TFMN4.exp2.ACN3788.concX_largeLib_SpeI.2,WGS,C4,4,A81,B40,A81-B40,2,205,0.0097560975609756
TFMN4.exp2.ACN3788.concX_largeLib_SpeI.2,WGS,C4,4,A81,B66,A81-B66,3,205,0.0146341463414634
TFMN4.exp2.ACN3788.concX_largeLib_SpeI.2,WGS,C4,4,A81,B75,A81-B75,4,205,0.0195121951219512
TFMN4.exp2.ACN3788.concX_largeLib_SpeI.2,WGS,C4,4,A83,B101,A83-B101,1,205,0.0048780487804878
TFMN4.exp2.ACN3788.concX_largeLib_SpeI.2,WGS,C4,4,A83,B137,A83-B137,1,205,0.0048780487804878
TFMN4.exp2.ACN3788.concX_largeLib_SpeI.2,WGS,C4,4,A83,B151,A83-B151,7,205,0.0341463414634146
TFMN4.exp2.ACN3788.concX_largeLib_SpeI.2,WGS,C4,4,A83,B84,A83-B84,1,205,0.0048780487804878
TFMN4.exp2.ACN3788.concX_largeLib_SpeI.2,WGS,C4,4,A90,B3,A90-B3,1,205,0.0048780487804878
TFMN4.exp2.ACN3788.concX_largeLib_SpeI.2,WGS,C4,4,A90,B70,A90-B70,2,205,0.0097560975609756
TFMN4.exp2.ACN3788.concX_largeLib_SpeI.2,WGS,C4,4,A90,B75,A90-B75,6,205,0.0292682926829268
TFMN4.exp2.ACN3788.concX_largeLib_SpeI.2,WGS,C4,4,A96,B140,A96-B140,4,205,0.0195121951219512
TFMN4.exp2.ACN3788.concX_largeLib_SpeI.2,WGS,C4,6,A113,B174,A113-B174,1,228,0.0043859649122807
TFMN4.exp2.ACN3788.concX_largeLib_SpeI.2,WGS,C4,6,A153,B30,A153-B30,8,228,0.0350877192982456
TFMN4.exp2.ACN3788.concX_largeLib_SpeI.2,WGS,C4,6,A176,B154,A176-B154,1,228,0.0043859649122807
TFMN4.exp2.ACN3788.concX_largeLib_SpeI.2,WGS,C4,6,A196,B11,A196-B11,45,228,0.1973684210526315
TFMN4.exp2.ACN3788.concX_largeLib_SpeI.2,WGS,C4,6,A196,B123,A196-B123,12,228,0.0526315789473684
TFMN4.exp2.ACN3788.concX_largeLib_SpeI.2,WGS,C4,6,A196,B132,A196-B132,5,228,0.0219298245614035
TFMN4.exp2.ACN3788.concX_largeLib_SpeI.2,WGS,C4,6,A196,B139,A196-B139,1,228,0.0043859649122807
TFMN4.exp2.ACN3788.concX_largeLib_SpeI.2,WGS,C4,6,A196,B18,A196-B18,8,228,0.0350877192982456
TFMN4.exp2.ACN3788.concX_largeLib_SpeI.2,WGS,C4,6,A20,B66,A20-B66,3,228,0.0131578947368421
TFMN4.exp2.ACN3788.concX_largeLib_SpeI.2,WGS,C4,6,A38,B128,A38-B128,1,228,0.0043859649122807
TFMN4.exp2.ACN3788.concX_largeLib_SpeI.2,WGS,C4,6,A78,B101,A78-B101,2,228,0.0087719298245614
TFMN4.exp2.ACN3788.concX_largeLib_SpeI.2,WGS,C4,6,A78,B137,A78-B137,3,228,0.0131578947368421
TFMN4.exp2.ACN3788.concX_largeLib_SpeI.2,WGS,C4,6,A78,B26,A78-B26,3,228,0.0131578947368421
TFMN4.exp2.ACN3788.concX_largeLib_SpeI.2,WGS,C4,6,A81,B100,A81-B100,1,228,0.0043859649122807
TFMN4.exp2.ACN3788.concX_largeLib_SpeI.2,WGS,C4,6,A81,B127,A81-B127,4,228,0.0175438596491228
TFMN4.exp2.ACN3788.concX_largeLib_SpeI.2,WGS,C4,6,A81,B174,A81-B174,122,228,0.5350877192982456
TFMN4.exp2.ACN3788.concX_largeLib_SpeI.2,WGS,C4,6,A81,B41,A81-B41,1,228,0.0043859649122807
TFMN4.exp2.ACN3788.concX_largeLib_SpeI.2,WGS,C4,6,A81,B66,A81-B66,2,228,0.0087719298245614
TFMN4.exp2.ACN3788.concX_largeLib_SpeI.2,WGS,C4,6,A83,B84,A83-B84,3,228,0.0131578947368421
TFMN4.exp2.ACN3788.concX_largeLib_SpeI.2,WGS,C4,6,A90,B103,A90-B103,1,228,0.0043859649122807
TFMN4.exp2.ACN3788.concX_largeLib_SpeI.2,WGS,C4,6,A97,B174,A97-B174,1,228,0.0043859649122807
TFMN4.exp2.ACN3788.concX_largeLib_SpeI.2,WGS,C4,13,A153,B30,A153-B30,10,240,0.0416666666666666
TFMN4.exp2.ACN3788.concX_largeLib_SpeI.2,WGS,C4,13,A196,B11,A196-B11,2,240,0.0083333333333333
TFMN4.exp2.ACN3788.concX_largeLib_SpeI.2,WGS,C4,13,A20,B66,A20-B66,4,240,0.0166666666666666
TFMN4.exp2.ACN3788.concX_largeLib_SpeI.2,WGS,C4,13,A78,B26,A78-B26,25,240,0.1041666666666666
TFMN4.exp2.ACN3788.concX_largeLib_SpeI.2,WGS,C4,13,A81,B174,A81-B174,197,240,0.8208333333333333
TFMN4.exp2.ACN3788.concX_largeLib_SpeI.2,WGS,C4,13,A84,B174,A84-B174,1,240,0.0041666666666666
TFMN4.exp2.ACN3788.concX_largeLib_SpeI.2,WGS,C4,13,A89,B174,A89-B174,1,240,0.0041666666666666
TFMN4.exp2.ACN3788.concX_largeLib_SpeI.3,WGS,D4,3,A20,B151,A20-B151,190,209,0.9090909090909092
TFMN4.exp2.ACN3788.concX_largeLib_SpeI.3,WGS,D4,3,A78,B26,A78-B26,1,209,0.0047846889952153
TFMN4.exp2.ACN3788.concX_largeLib_SpeI.3,WGS,D4,3,A81,B151,A81-B151,1,209,0.0047846889952153
TFMN4.exp2.ACN3788.concX_largeLib_SpeI.3,WGS,D4,3,A82,B108,A82-B108,2,209,0.0095693779904306
TFMN4.exp2.ACN3788.concX_largeLib_SpeI.3,WGS,D4,3,A83,B151,A83-B151,1,209,0.0047846889952153
TFMN4.exp2.ACN3788.concX_largeLib_SpeI.3,WGS,D4,3,A90,B108,A90-B108,13,209,0.062200956937799
TFMN4.exp2.ACN3788.concX_largeLib_SpeI.3,WGS,D4,3,A96,B77,A96-B77,1,209,0.0047846889952153
TFMN4.exp2.ACN3788.concX_largeLib_SpeI.3,WGS,D4,4,A20,B151,A20-B151,236,260,0.9076923076923076
TFMN4.exp2.ACN3788.concX_largeLib_SpeI.3,WGS,D4,4,A28,B151,A28-B151,1,260,0.0038461538461538
TFMN4.exp2.ACN3788.concX_largeLib_SpeI.3,WGS,D4,4,A32,B151,A32-B151,1,260,0.0038461538461538
TFMN4.exp2.ACN3788.concX_largeLib_SpeI.3,WGS,D4,4,A63,B18,A63-B18,4,260,0.0153846153846153
TFMN4.exp2.ACN3788.concX_largeLib_SpeI.3,WGS,D4,4,A90,B108,A90-B108,18,260,0.0692307692307692
TFMN4.exp2.ACN3788.concX_largeLib_SpeI.3,WGS,D4,6,A20,B151,A20-B151,205,229,0.8951965065502183
TFMN4.exp2.ACN3788.concX_largeLib_SpeI.3,WGS,D4,6,A90,B108,A90-B108,24,229,0.1048034934497816
TFMN4.exp2.ACN3788.concX_largeLib_SpeI.3,WGS,D4,13,A20,B151,A20-B151,191,274,0.6970802919708029
TFMN4.exp2.ACN3788.concX_largeLib_SpeI.3,WGS,D4,13,A90,B108,A90-B108,83,274,0.3029197080291971
TFMN4.exp2.ACN3788.concX_largeLib_SpeI.4,WGS,E4,3,A143,B6,A143-B6,2,139,0.014388489208633
TFMN4.exp2.ACN3788.concX_largeLib_SpeI.4,WGS,E4,3,A153,B30,A153-B30,3,139,0.0215827338129496
TFMN4.exp2.ACN3788.concX_largeLib_SpeI.4,WGS,E4,3,A176,B151,A176-B151,3,139,0.0215827338129496
TFMN4.exp2.ACN3788.concX_largeLib_SpeI.4,WGS,E4,3,A196,B151,A196-B151,7,139,0.0503597122302158
TFMN4.exp2.ACN3788.concX_largeLib_SpeI.4,WGS,E4,3,A20,B103,A20-B103,1,139,0.0071942446043165
TFMN4.exp2.ACN3788.concX_largeLib_SpeI.4,WGS,E4,3,A20,B151,A20-B151,2,139,0.014388489208633
TFMN4.exp2.ACN3788.concX_largeLib_SpeI.4,WGS,E4,3,A20,B70,A20-B70,1,139,0.0071942446043165
TFMN4.exp2.ACN3788.concX_largeLib_SpeI.4,WGS,E4,3,A20,B84,A20-B84,1,139,0.0071942446043165
TFMN4.exp2.ACN3788.concX_largeLib_SpeI.4,WGS,E4,3,A63,B151,A63-B151,10,139,0.0719424460431654
TFMN4.exp2.ACN3788.concX_largeLib_SpeI.4,WGS,E4,3,A63,B79,A63-B79,1,139,0.0071942446043165
TFMN4.exp2.ACN3788.concX_largeLib_SpeI.4,WGS,E4,3,A78,B171,A78-B171,16,139,0.1151079136690647
TFMN4.exp2.ACN3788.concX_largeLib_SpeI.4,WGS,E4,3,A78,B2,A78-B2,2,139,0.014388489208633
TFMN4.exp2.ACN3788.concX_largeLib_SpeI.4,WGS,E4,3,A78,B26,A78-B26,5,139,0.0359712230215827
TFMN4.exp2.ACN3788.concX_largeLib_SpeI.4,WGS,E4,3,A78,B3,A78-B3,2,139,0.014388489208633
TFMN4.exp2.ACN3788.concX_largeLib_SpeI.4,WGS,E4,3,A78,B51,A78-B51,1,139,0.0071942446043165
TFMN4.exp2.ACN3788.concX_largeLib_SpeI.4,WGS,E4,3,A81,B120,A81-B120,3,139,0.0215827338129496
TFMN4.exp2.ACN3788.concX_largeLib_SpeI.4,WGS,E4,3,A81,B143,A81-B143,2,139,0.014388489208633
TFMN4.exp2.ACN3788.concX_largeLib_SpeI.4,WGS,E4,3,A81,B151,A81-B151,7,139,0.0503597122302158
TFMN4.exp2.ACN3788.concX_largeLib_SpeI.4,WGS,E4,3,A81,B156,A81-B156,2,139,0.014388489208633
TFMN4.exp2.ACN3788.concX_largeLib_SpeI.4,WGS,E4,3,A81,B174,A81-B174,1,139,0.0071942446043165
TFMN4.exp2.ACN3788.concX_largeLib_SpeI.4,WGS,E4,3,A81,B177,A81-B177,4,139,0.0287769784172661
TFMN4.exp2.ACN3788.concX_largeLib_SpeI.4,WGS,E4,3,A81,B30,A81-B30,27,139,0.1942446043165467
TFMN4.exp2.ACN3788.concX_largeLib_SpeI.4,WGS,E4,3,A81,B51,A81-B51,1,139,0.0071942446043165
TFMN4.exp2.ACN3788.concX_largeLib_SpeI.4,WGS,E4,3,A81,B65,A81-B65,1,139,0.0071942446043165
TFMN4.exp2.ACN3788.concX_largeLib_SpeI.4,WGS,E4,3,A81,B75,A81-B75,11,139,0.079136690647482
TFMN4.exp2.ACN3788.concX_largeLib_SpeI.4,WGS,E4,3,A81,B84,A81-B84,3,139,0.0215827338129496
TFMN4.exp2.ACN3788.concX_largeLib_SpeI.4,WGS,E4,3,A83,B151,A83-B151,15,139,0.1079136690647482
TFMN4.exp2.ACN3788.concX_largeLib_SpeI.4,WGS,E4,3,A83,B40,A83-B40,1,139,0.0071942446043165
TFMN4.exp2.ACN3788.concX_largeLib_SpeI.4,WGS,E4,3,A90,B171,A90-B171,1,139,0.0071942446043165
TFMN4.exp2.ACN3788.concX_largeLib_SpeI.4,WGS,E4,3,A90,B75,A90-B75,3,139,0.0215827338129496
TFMN4.exp2.ACN3788.concX_largeLib_SpeI.4,WGS,E4,4,A153,B151,A153-B151,1,206,0.0048543689320388
TFMN4.exp2.ACN3788.concX_largeLib_SpeI.4,WGS,E4,4,A153,B30,A153-B30,10,206,0.0485436893203883
TFMN4.exp2.ACN3788.concX_largeLib_SpeI.4,WGS,E4,4,A176,B151,A176-B151,2,206,0.0097087378640776
TFMN4.exp2.ACN3788.concX_largeLib_SpeI.4,WGS,E4,4,A196,B119,A196-B119,1,206,0.0048543689320388
TFMN4.exp2.ACN3788.concX_largeLib_SpeI.4,WGS,E4,4,A196,B145,A196-B145,2,206,0.0097087378640776
TFMN4.exp2.ACN3788.concX_largeLib_SpeI.4,WGS,E4,4,A196,B151,A196-B151,32,206,0.1553398058252427
TFMN4.exp2.ACN3788.concX_largeLib_SpeI.4,WGS,E4,4,A196,B34,A196-B34,1,206,0.0048543689320388
TFMN4.exp2.ACN3788.concX_largeLib_SpeI.4,WGS,E4,4,A20,B70,A20-B70,1,206,0.0048543689320388
TFMN4.exp2.ACN3788.concX_largeLib_SpeI.4,WGS,E4,4,A63,B151,A63-B151,5,206,0.0242718446601941
TFMN4.exp2.ACN3788.concX_largeLib_SpeI.4,WGS,E4,4,A78,B171,A78-B171,4,206,0.0194174757281553
TFMN4.exp2.ACN3788.concX_largeLib_SpeI.4,WGS,E4,4,A78,B2,A78-B2,6,206,0.029126213592233
TFMN4.exp2.ACN3788.concX_largeLib_SpeI.4,WGS,E4,4,A78,B26,A78-B26,3,206,0.0145631067961165
TFMN4.exp2.ACN3788.concX_largeLib_SpeI.4,WGS,E4,4,A78,B3,A78-B3,2,206,0.0097087378640776
TFMN4.exp2.ACN3788.concX_largeLib_SpeI.4,WGS,E4,4,A78,B42,A78-B42,1,206,0.0048543689320388
TFMN4.exp2.ACN3788.concX_largeLib_SpeI.4,WGS,E4,4,A81,B120,A81-B120,5,206,0.0242718446601941
TFMN4.exp2.ACN3788.concX_largeLib_SpeI.4,WGS,E4,4,A81,B151,A81-B151,6,206,0.029126213592233
TFMN4.exp2.ACN3788.concX_largeLib_SpeI.4,WGS,E4,4,A81,B177,A81-B177,2,206,0.0097087378640776
TFMN4.exp2.ACN3788.concX_largeLib_SpeI.4,WGS,E4,4,A81,B30,A81-B30,23,206,0.1116504854368932
TFMN4.exp2.ACN3788.concX_largeLib_SpeI.4,WGS,E4,4,A81,B65,A81-B65,2,206,0.0097087378640776
TFMN4.exp2.ACN3788.concX_largeLib_SpeI.4,WGS,E4,4,A81,B75,A81-B75,5,206,0.0242718446601941
TFMN4.exp2.ACN3788.concX_largeLib_SpeI.4,WGS,E4,4,A81,B84,A81-B84,8,206,0.0388349514563106
TFMN4.exp2.ACN3788.concX_largeLib_SpeI.4,WGS,E4,4,A83,B151,A83-B151,71,206,0.3446601941747573
TFMN4.exp2.ACN3788.concX_largeLib_SpeI.4,WGS,E4,4,A83,B40,A83-B40,7,206,0.0339805825242718
TFMN4.exp2.ACN3788.concX_largeLib_SpeI.4,WGS,E4,4,A90,B171,A90-B171,2,206,0.0097087378640776
TFMN4.exp2.ACN3788.concX_largeLib_SpeI.4,WGS,E4,4,A90,B75,A90-B75,4,206,0.0194174757281553
TFMN4.exp2.ACN3788.concX_largeLib_SpeI.4,WGS,E4,6,A153,B30,A153-B30,8,184,0.0434782608695652
TFMN4.exp2.ACN3788.concX_largeLib_SpeI.4,WGS,E4,6,A159,B49,A159-B49,2,184,0.0108695652173913
TFMN4.exp2.ACN3788.concX_largeLib_SpeI.4,WGS,E4,6,A196,B119,A196-B119,1,184,0.0054347826086956
TFMN4.exp2.ACN3788.concX_largeLib_SpeI.4,WGS,E4,6,A196,B145,A196-B145,2,184,0.0108695652173913
TFMN4.exp2.ACN3788.concX_largeLib_SpeI.4,WGS,E4,6,A196,B151,A196-B151,117,184,0.6358695652173914
TFMN4.exp2.ACN3788.concX_largeLib_SpeI.4,WGS,E4,6,A20,B151,A20-B151,1,184,0.0054347826086956
TFMN4.exp2.ACN3788.concX_largeLib_SpeI.4,WGS,E4,6,A20,B70,A20-B70,1,184,0.0054347826086956
TFMN4.exp2.ACN3788.concX_largeLib_SpeI.4,WGS,E4,6,A78,B2,A78-B2,5,184,0.0271739130434782
TFMN4.exp2.ACN3788.concX_largeLib_SpeI.4,WGS,E4,6,A78,B26,A78-B26,1,184,0.0054347826086956
TFMN4.exp2.ACN3788.concX_largeLib_SpeI.4,WGS,E4,6,A78,B3,A78-B3,2,184,0.0108695652173913
TFMN4.exp2.ACN3788.concX_largeLib_SpeI.4,WGS,E4,6,A81,B120,A81-B120,8,184,0.0434782608695652
TFMN4.exp2.ACN3788.concX_largeLib_SpeI.4,WGS,E4,6,A81,B151,A81-B151,2,184,0.0108695652173913
TFMN4.exp2.ACN3788.concX_largeLib_SpeI.4,WGS,E4,6,A81,B177,A81-B177,1,184,0.0054347826086956
TFMN4.exp2.ACN3788.concX_largeLib_SpeI.4,WGS,E4,6,A81,B30,A81-B30,10,184,0.0543478260869565
TFMN4.exp2.ACN3788.concX_largeLib_SpeI.4,WGS,E4,6,A81,B65,A81-B65,1,184,0.0054347826086956
TFMN4.exp2.ACN3788.concX_largeLib_SpeI.4,WGS,E4,6,A81,B75,A81-B75,2,184,0.0108695652173913
TFMN4.exp2.ACN3788.concX_largeLib_SpeI.4,WGS,E4,6,A81,B84,A81-B84,3,184,0.0163043478260869
TFMN4.exp2.ACN3788.concX_largeLib_SpeI.4,WGS,E4,6,A83,B120,A83-B120,1,184,0.0054347826086956
TFMN4.exp2.ACN3788.concX_largeLib_SpeI.4,WGS,E4,6,A83,B151,A83-B151,13,184,0.0706521739130434
TFMN4.exp2.ACN3788.concX_largeLib_SpeI.4,WGS,E4,6,A83,B40,A83-B40,1,184,0.0054347826086956
TFMN4.exp2.ACN3788.concX_largeLib_SpeI.4,WGS,E4,6,A90,B75,A90-B75,1,184,0.0054347826086956
TFMN4.exp2.ACN3788.concX_largeLib_SpeI.4,WGS,E4,6,A96,B132,A96-B132,1,184,0.0054347826086956
TFMN4.exp2.ACN3788.concX_largeLib_SpeI.4,WGS,E4,13,A153,B30,A153-B30,1,217,0.0046082949308755
TFMN4.exp2.ACN3788.concX_largeLib_SpeI.4,WGS,E4,13,A196,B145,A196-B145,1,217,0.0046082949308755
TFMN4.exp2.ACN3788.concX_largeLib_SpeI.4,WGS,E4,13,A78,B2,A78-B2,7,217,0.032258064516129
TFMN4.exp2.ACN3788.concX_largeLib_SpeI.4,WGS,E4,13,A78,B26,A78-B26,24,217,0.1105990783410138
TFMN4.exp2.ACN3788.concX_largeLib_SpeI.4,WGS,E4,13,A78,B3,A78-B3,47,217,0.216589861751152
TFMN4.exp2.ACN3788.concX_largeLib_SpeI.4,WGS,E4,13,A81,B120,A81-B120,3,217,0.0138248847926267
TFMN4.exp2.ACN3788.concX_largeLib_SpeI.4,WGS,E4,13,A81,B151,A81-B151,72,217,0.3317972350230415
TFMN4.exp2.ACN3788.concX_largeLib_SpeI.4,WGS,E4,13,A81,B30,A81-B30,50,217,0.2304147465437788
TFMN4.exp2.ACN3788.concX_largeLib_SpeI.4,WGS,E4,13,A81,B84,A81-B84,1,217,0.0046082949308755
TFMN4.exp2.ACN3788.concX_largeLib_SpeI.4,WGS,E4,13,A83,B151,A83-B151,10,217,0.0460829493087557
TFMN4.exp2.ACN3788.concX_largeLib_SpeI.4,WGS,E4,13,A97,B155,A97-B155,1,217,0.0046082949308755
TFMN4.exp2.ACN3788.concX_largeLib_SpeI.5,WGS,F4,3,A153,B171,A153-B171,1,175,0.0057142857142857
TFMN4.exp2.ACN3788.concX_largeLib_SpeI.5,WGS,F4,3,A153,B30,A153-B30,18,175,0.1028571428571428
TFMN4.exp2.ACN3788.concX_largeLib_SpeI.5,WGS,F4,3,A153,B77,A153-B77,4,175,0.0228571428571428
TFMN4.exp2.ACN3788.concX_largeLib_SpeI.5,WGS,F4,3,A176,B34,A176-B34,1,175,0.0057142857142857
TFMN4.exp2.ACN3788.concX_largeLib_SpeI.5,WGS,F4,3,A186,B151,A186-B151,1,175,0.0057142857142857
TFMN4.exp2.ACN3788.concX_largeLib_SpeI.5,WGS,F4,3,A186,B74,A186-B74,1,175,0.0057142857142857
TFMN4.exp2.ACN3788.concX_largeLib_SpeI.5,WGS,F4,3,A186,B75,A186-B75,4,175,0.0228571428571428
TFMN4.exp2.ACN3788.concX_largeLib_SpeI.5,WGS,F4,3,A196,B117,A196-B117,1,175,0.0057142857142857
TFMN4.exp2.ACN3788.concX_largeLib_SpeI.5,WGS,F4,3,A66,B30,A66-B30,1,175,0.0057142857142857
TFMN4.exp2.ACN3788.concX_largeLib_SpeI.5,WGS,F4,3,A78,B2,A78-B2,3,175,0.0171428571428571
TFMN4.exp2.ACN3788.concX_largeLib_SpeI.5,WGS,F4,3,A78,B30,A78-B30,45,175,0.2571428571428571
TFMN4.exp2.ACN3788.concX_largeLib_SpeI.5,WGS,F4,3,A78,B59,A78-B59,6,175,0.0342857142857142
TFMN4.exp2.ACN3788.concX_largeLib_SpeI.5,WGS,F4,3,A78,B75,A78-B75,9,175,0.0514285714285714
TFMN4.exp2.ACN3788.concX_largeLib_SpeI.5,WGS,F4,3,A78,B77,A78-B77,4,175,0.0228571428571428
TFMN4.exp2.ACN3788.concX_largeLib_SpeI.5,WGS,F4,3,A78,B79,A78-B79,2,175,0.0114285714285714
TFMN4.exp2.ACN3788.concX_largeLib_SpeI.5,WGS,F4,3,A81,B145,A81-B145,9,175,0.0514285714285714
TFMN4.exp2.ACN3788.concX_largeLib_SpeI.5,WGS,F4,3,A81,B171,A81-B171,3,175,0.0171428571428571
TFMN4.exp2.ACN3788.concX_largeLib_SpeI.5,WGS,F4,3,A81,B30,A81-B30,10,175,0.0571428571428571
TFMN4.exp2.ACN3788.concX_largeLib_SpeI.5,WGS,F4,3,A81,B42,A81-B42,1,175,0.0057142857142857
TFMN4.exp2.ACN3788.concX_largeLib_SpeI.5,WGS,F4,3,A81,B59,A81-B59,1,175,0.0057142857142857
TFMN4.exp2.ACN3788.concX_largeLib_SpeI.5,WGS,F4,3,A81,B65,A81-B65,1,175,0.0057142857142857
TFMN4.exp2.ACN3788.concX_largeLib_SpeI.5,WGS,F4,3,A83,B151,A83-B151,2,175,0.0114285714285714
TFMN4.exp2.ACN3788.concX_largeLib_SpeI.5,WGS,F4,3,A83,B42,A83-B42,33,175,0.1885714285714285
TFMN4.exp2.ACN3788.concX_largeLib_SpeI.5,WGS,F4,3,A90,B120,A90-B120,5,175,0.0285714285714285
TFMN4.exp2.ACN3788.concX_largeLib_SpeI.5,WGS,F4,3,A90,B150,A90-B150,2,175,0.0114285714285714
TFMN4.exp2.ACN3788.concX_largeLib_SpeI.5,WGS,F4,3,A90,B61,A90-B61,1,175,0.0057142857142857
TFMN4.exp2.ACN3788.concX_largeLib_SpeI.5,WGS,F4,3,A90,B99,A90-B99,5,175,0.0285714285714285
TFMN4.exp2.ACN3788.concX_largeLib_SpeI.5,WGS,F4,3,A96,B84,A96-B84,1,175,0.0057142857142857
TFMN4.exp2.ACN3788.concX_largeLib_SpeI.5,WGS,F4,4,A153,B30,A153-B30,2,185,0.0108108108108108
TFMN4.exp2.ACN3788.concX_largeLib_SpeI.5,WGS,F4,4,A153,B77,A153-B77,1,185,0.0054054054054054
TFMN4.exp2.ACN3788.concX_largeLib_SpeI.5,WGS,F4,4,A185,B30,A185-B30,1,185,0.0054054054054054
TFMN4.exp2.ACN3788.concX_largeLib_SpeI.5,WGS,F4,4,A196,B117,A196-B117,1,185,0.0054054054054054
TFMN4.exp2.ACN3788.concX_largeLib_SpeI.5,WGS,F4,4,A196,B2,A196-B2,1,185,0.0054054054054054
TFMN4.exp2.ACN3788.concX_largeLib_SpeI.5,WGS,F4,4,A196,B6,A196-B6,1,185,0.0054054054054054
TFMN4.exp2.ACN3788.concX_largeLib_SpeI.5,WGS,F4,4,A78,B30,A78-B30,17,185,0.0918918918918919
TFMN4.exp2.ACN3788.concX_largeLib_SpeI.5,WGS,F4,4,A78,B59,A78-B59,2,185,0.0108108108108108
TFMN4.exp2.ACN3788.concX_largeLib_SpeI.5,WGS,F4,4,A78,B75,A78-B75,2,185,0.0108108108108108
TFMN4.exp2.ACN3788.concX_largeLib_SpeI.5,WGS,F4,4,A78,B77,A78-B77,4,185,0.0216216216216216
TFMN4.exp2.ACN3788.concX_largeLib_SpeI.5,WGS,F4,4,A81,B145,A81-B145,6,185,0.0324324324324324
TFMN4.exp2.ACN3788.concX_largeLib_SpeI.5,WGS,F4,4,A81,B30,A81-B30,1,185,0.0054054054054054
TFMN4.exp2.ACN3788.concX_largeLib_SpeI.5,WGS,F4,4,A83,B151,A83-B151,1,185,0.0054054054054054
TFMN4.exp2.ACN3788.concX_largeLib_SpeI.5,WGS,F4,4,A83,B42,A83-B42,140,185,0.7567567567567568
TFMN4.exp2.ACN3788.concX_largeLib_SpeI.5,WGS,F4,4,A90,B120,A90-B120,5,185,0.027027027027027
TFMN4.exp2.ACN3788.concX_largeLib_SpeI.5,WGS,F4,6,A153,B30,A153-B30,2,143,0.0139860139860139
TFMN4.exp2.ACN3788.concX_largeLib_SpeI.5,WGS,F4,6,A78,B30,A78-B30,2,143,0.0139860139860139
TFMN4.exp2.ACN3788.concX_largeLib_SpeI.5,WGS,F4,6,A78,B59,A78-B59,1,143,0.0069930069930069
TFMN4.exp2.ACN3788.concX_largeLib_SpeI.5,WGS,F4,6,A78,B75,A78-B75,2,143,0.0139860139860139
TFMN4.exp2.ACN3788.concX_largeLib_SpeI.5,WGS,F4,6,A83,B26,A83-B26,1,143,0.0069930069930069
TFMN4.exp2.ACN3788.concX_largeLib_SpeI.5,WGS,F4,6,A83,B42,A83-B42,135,143,0.944055944055944
TFMN4.exp2.ACN3788.concX_largeLib_SpeI.5,WGS,F4,13,A83,B42,A83-B42,231,231,1.0
TFMN4.exp2.ACN3788.concX_largeLib_SpeI_cleanup.1,WGS,B5,3,A143,B117,A143-B117,1,117,0.0085470085470085
TFMN4.exp2.ACN3788.concX_largeLib_SpeI_cleanup.1,WGS,B5,3,A152,B102,A152-B102,2,117,0.017094017094017
TFMN4.exp2.ACN3788.concX_largeLib_SpeI_cleanup.1,WGS,B5,3,A153,B77,A153-B77,3,117,0.0256410256410256
TFMN4.exp2.ACN3788.concX_largeLib_SpeI_cleanup.1,WGS,B5,3,A16,B154,A16-B154,2,117,0.017094017094017
TFMN4.exp2.ACN3788.concX_largeLib_SpeI_cleanup.1,WGS,B5,3,A160,B27,A160-B27,1,117,0.0085470085470085
TFMN4.exp2.ACN3788.concX_largeLib_SpeI_cleanup.1,WGS,B5,3,A176,B120,A176-B120,6,117,0.0512820512820512
TFMN4.exp2.ACN3788.concX_largeLib_SpeI_cleanup.1,WGS,B5,3,A176,B27,A176-B27,3,117,0.0256410256410256
TFMN4.exp2.ACN3788.concX_largeLib_SpeI_cleanup.1,WGS,B5,3,A186,B2,A186-B2,1,117,0.0085470085470085
TFMN4.exp2.ACN3788.concX_largeLib_SpeI_cleanup.1,WGS,B5,3,A186,B78,A186-B78,1,117,0.0085470085470085
TFMN4.exp2.ACN3788.concX_largeLib_SpeI_cleanup.1,WGS,B5,3,A20,B144,A20-B144,1,117,0.0085470085470085
TFMN4.exp2.ACN3788.concX_largeLib_SpeI_cleanup.1,WGS,B5,3,A20,B157,A20-B157,3,117,0.0256410256410256
TFMN4.exp2.ACN3788.concX_largeLib_SpeI_cleanup.1,WGS,B5,3,A20,B165,A20-B165,5,117,0.0427350427350427
TFMN4.exp2.ACN3788.concX_largeLib_SpeI_cleanup.1,WGS,B5,3,A63,B171,A63-B171,1,117,0.0085470085470085
TFMN4.exp2.ACN3788.concX_largeLib_SpeI_cleanup.1,WGS,B5,3,A65,B161,A65-B161,1,117,0.0085470085470085
TFMN4.exp2.ACN3788.concX_largeLib_SpeI_cleanup.1,WGS,B5,3,A78,B117,A78-B117,10,117,0.0854700854700854
TFMN4.exp2.ACN3788.concX_largeLib_SpeI_cleanup.1,WGS,B5,3,A78,B122,A78-B122,4,117,0.0341880341880341
TFMN4.exp2.ACN3788.concX_largeLib_SpeI_cleanup.1,WGS,B5,3,A78,B158,A78-B158,1,117,0.0085470085470085
TFMN4.exp2.ACN3788.concX_largeLib_SpeI_cleanup.1,WGS,B5,3,A78,B18,A78-B18,1,117,0.0085470085470085
TFMN4.exp2.ACN3788.concX_largeLib_SpeI_cleanup.1,WGS,B5,3,A78,B30,A78-B30,4,117,0.0341880341880341
TFMN4.exp2.ACN3788.concX_largeLib_SpeI_cleanup.1,WGS,B5,3,A78,B79,A78-B79,3,117,0.0256410256410256
TFMN4.exp2.ACN3788.concX_largeLib_SpeI_cleanup.1,WGS,B5,3,A81,B123,A81-B123,10,117,0.0854700854700854
TFMN4.exp2.ACN3788.concX_largeLib_SpeI_cleanup.1,WGS,B5,3,A81,B140,A81-B140,2,117,0.017094017094017
TFMN4.exp2.ACN3788.concX_largeLib_SpeI_cleanup.1,WGS,B5,3,A81,B26,A81-B26,9,117,0.0769230769230769
TFMN4.exp2.ACN3788.concX_largeLib_SpeI_cleanup.1,WGS,B5,3,A81,B51,A81-B51,14,117,0.1196581196581196
TFMN4.exp2.ACN3788.concX_largeLib_SpeI_cleanup.1,WGS,B5,3,A83,B101,A83-B101,3,117,0.0256410256410256
TFMN4.exp2.ACN3788.concX_largeLib_SpeI_cleanup.1,WGS,B5,3,A83,B40,A83-B40,20,117,0.1709401709401709
TFMN4.exp2.ACN3788.concX_largeLib_SpeI_cleanup.1,WGS,B5,3,A83,B50,A83-B50,3,117,0.0256410256410256
TFMN4.exp2.ACN3788.concX_largeLib_SpeI_cleanup.1,WGS,B5,3,A90,B136,A90-B136,1,117,0.0085470085470085
TFMN4.exp2.ACN3788.concX_largeLib_SpeI_cleanup.1,WGS,B5,3,A91,B101,A91-B101,1,117,0.0085470085470085
TFMN4.exp2.ACN3788.concX_largeLib_SpeI_cleanup.1,WGS,B5,4,A143,B117,A143-B117,2,243,0.0082304526748971
TFMN4.exp2.ACN3788.concX_largeLib_SpeI_cleanup.1,WGS,B5,4,A143,B151,A143-B151,3,243,0.0123456790123456
TFMN4.exp2.ACN3788.concX_largeLib_SpeI_cleanup.1,WGS,B5,4,A153,B26,A153-B26,1,243,0.0041152263374485
TFMN4.exp2.ACN3788.concX_largeLib_SpeI_cleanup.1,WGS,B5,4,A153,B77,A153-B77,34,243,0.139917695473251
TFMN4.exp2.ACN3788.concX_largeLib_SpeI_cleanup.1,WGS,B5,4,A159,B128,A159-B128,2,243,0.0082304526748971
TFMN4.exp2.ACN3788.concX_largeLib_SpeI_cleanup.1,WGS,B5,4,A16,B154,A16-B154,4,243,0.0164609053497942
TFMN4.exp2.ACN3788.concX_largeLib_SpeI_cleanup.1,WGS,B5,4,A176,B120,A176-B120,6,243,0.0246913580246913
TFMN4.exp2.ACN3788.concX_largeLib_SpeI_cleanup.1,WGS,B5,4,A176,B27,A176-B27,5,243,0.0205761316872428
TFMN4.exp2.ACN3788.concX_largeLib_SpeI_cleanup.1,WGS,B5,4,A186,B2,A186-B2,5,243,0.0205761316872428
TFMN4.exp2.ACN3788.concX_largeLib_SpeI_cleanup.1,WGS,B5,4,A186,B79,A186-B79,5,243,0.0205761316872428
TFMN4.exp2.ACN3788.concX_largeLib_SpeI_cleanup.1,WGS,B5,4,A20,B165,A20-B165,2,243,0.0082304526748971
TFMN4.exp2.ACN3788.concX_largeLib_SpeI_cleanup.1,WGS,B5,4,A20,B75,A20-B75,1,243,0.0041152263374485
TFMN4.exp2.ACN3788.concX_largeLib_SpeI_cleanup.1,WGS,B5,4,A63,B171,A63-B171,3,243,0.0123456790123456
TFMN4.exp2.ACN3788.concX_largeLib_SpeI_cleanup.1,WGS,B5,4,A78,B117,A78-B117,45,243,0.1851851851851851
TFMN4.exp2.ACN3788.concX_largeLib_SpeI_cleanup.1,WGS,B5,4,A78,B122,A78-B122,15,243,0.0617283950617283
TFMN4.exp2.ACN3788.concX_largeLib_SpeI_cleanup.1,WGS,B5,4,A78,B18,A78-B18,1,243,0.0041152263374485
TFMN4.exp2.ACN3788.concX_largeLib_SpeI_cleanup.1,WGS,B5,4,A78,B30,A78-B30,16,243,0.0658436213991769
TFMN4.exp2.ACN3788.concX_largeLib_SpeI_cleanup.1,WGS,B5,4,A78,B79,A78-B79,1,243,0.0041152263374485
TFMN4.exp2.ACN3788.concX_largeLib_SpeI_cleanup.1,WGS,B5,4,A81,B103,A81-B103,1,243,0.0041152263374485
TFMN4.exp2.ACN3788.concX_largeLib_SpeI_cleanup.1,WGS,B5,4,A81,B123,A81-B123,13,243,0.0534979423868312
TFMN4.exp2.ACN3788.concX_largeLib_SpeI_cleanup.1,WGS,B5,4,A81,B140,A81-B140,4,243,0.0164609053497942
TFMN4.exp2.ACN3788.concX_largeLib_SpeI_cleanup.1,WGS,B5,4,A81,B177,A81-B177,7,243,0.0288065843621399
TFMN4.exp2.ACN3788.concX_largeLib_SpeI_cleanup.1,WGS,B5,4,A81,B26,A81-B26,9,243,0.037037037037037
TFMN4.exp2.ACN3788.concX_largeLib_SpeI_cleanup.1,WGS,B5,4,A81,B47,A81-B47,2,243,0.0082304526748971
TFMN4.exp2.ACN3788.concX_largeLib_SpeI_cleanup.1,WGS,B5,4,A81,B51,A81-B51,20,243,0.0823045267489712
TFMN4.exp2.ACN3788.concX_largeLib_SpeI_cleanup.1,WGS,B5,4,A83,B101,A83-B101,5,243,0.0205761316872428
TFMN4.exp2.ACN3788.concX_largeLib_SpeI_cleanup.1,WGS,B5,4,A83,B40,A83-B40,27,243,0.1111111111111111
TFMN4.exp2.ACN3788.concX_largeLib_SpeI_cleanup.1,WGS,B5,4,A83,B50,A83-B50,2,243,0.0082304526748971
TFMN4.exp2.ACN3788.concX_largeLib_SpeI_cleanup.1,WGS,B5,4,A90,B136,A90-B136,1,243,0.0041152263374485
TFMN4.exp2.ACN3788.concX_largeLib_SpeI_cleanup.1,WGS,B5,4,A90,B70,A90-B70,1,243,0.0041152263374485
TFMN4.exp2.ACN3788.concX_largeLib_SpeI_cleanup.1,WGS,B5,6,A143,B117,A143-B117,1,208,0.0048076923076923
TFMN4.exp2.ACN3788.concX_largeLib_SpeI_cleanup.1,WGS,B5,6,A153,B127,A153-B127,1,208,0.0048076923076923
TFMN4.exp2.ACN3788.concX_largeLib_SpeI_cleanup.1,WGS,B5,6,A153,B77,A153-B77,41,208,0.1971153846153846
TFMN4.exp2.ACN3788.concX_largeLib_SpeI_cleanup.1,WGS,B5,6,A16,B154,A16-B154,3,208,0.0144230769230769
TFMN4.exp2.ACN3788.concX_largeLib_SpeI_cleanup.1,WGS,B5,6,A176,B120,A176-B120,10,208,0.048076923076923
TFMN4.exp2.ACN3788.concX_largeLib_SpeI_cleanup.1,WGS,B5,6,A186,B126,A186-B126,2,208,0.0096153846153846
TFMN4.exp2.ACN3788.concX_largeLib_SpeI_cleanup.1,WGS,B5,6,A186,B79,A186-B79,3,208,0.0144230769230769
TFMN4.exp2.ACN3788.concX_largeLib_SpeI_cleanup.1,WGS,B5,6,A78,B117,A78-B117,53,208,0.2548076923076923
TFMN4.exp2.ACN3788.concX_largeLib_SpeI_cleanup.1,WGS,B5,6,A78,B122,A78-B122,1,208,0.0048076923076923
TFMN4.exp2.ACN3788.concX_largeLib_SpeI_cleanup.1,WGS,B5,6,A78,B30,A78-B30,49,208,0.235576923076923
TFMN4.exp2.ACN3788.concX_largeLib_SpeI_cleanup.1,WGS,B5,6,A78,B79,A78-B79,5,208,0.0240384615384615
TFMN4.exp2.ACN3788.concX_largeLib_SpeI_cleanup.1,WGS,B5,6,A81,B140,A81-B140,2,208,0.0096153846153846
TFMN4.exp2.ACN3788.concX_largeLib_SpeI_cleanup.1,WGS,B5,6,A81,B177,A81-B177,4,208,0.0192307692307692
TFMN4.exp2.ACN3788.concX_largeLib_SpeI_cleanup.1,WGS,B5,6,A81,B26,A81-B26,6,208,0.0288461538461538
TFMN4.exp2.ACN3788.concX_largeLib_SpeI_cleanup.1,WGS,B5,6,A81,B47,A81-B47,4,208,0.0192307692307692
TFMN4.exp2.ACN3788.concX_largeLib_SpeI_cleanup.1,WGS,B5,6,A81,B51,A81-B51,3,208,0.0144230769230769
TFMN4.exp2.ACN3788.concX_largeLib_SpeI_cleanup.1,WGS,B5,6,A83,B101,A83-B101,5,208,0.0240384615384615
TFMN4.exp2.ACN3788.concX_largeLib_SpeI_cleanup.1,WGS,B5,6,A83,B40,A83-B40,11,208,0.0528846153846153
TFMN4.exp2.ACN3788.concX_largeLib_SpeI_cleanup.1,WGS,B5,6,A83,B50,A83-B50,2,208,0.0096153846153846
TFMN4.exp2.ACN3788.concX_largeLib_SpeI_cleanup.1,WGS,B5,6,A90,B123,A90-B123,1,208,0.0048076923076923
TFMN4.exp2.ACN3788.concX_largeLib_SpeI_cleanup.1,WGS,B5,6,A90,B70,A90-B70,1,208,0.0048076923076923
TFMN4.exp2.ACN3788.concX_largeLib_SpeI_cleanup.1,WGS,B5,13,A153,B77,A153-B77,6,185,0.0324324324324324
TFMN4.exp2.ACN3788.concX_largeLib_SpeI_cleanup.1,WGS,B5,13,A176,B120,A176-B120,2,185,0.0108108108108108
TFMN4.exp2.ACN3788.concX_largeLib_SpeI_cleanup.1,WGS,B5,13,A78,B117,A78-B117,12,185,0.0648648648648648
TFMN4.exp2.ACN3788.concX_largeLib_SpeI_cleanup.1,WGS,B5,13,A78,B122,A78-B122,2,185,0.0108108108108108
TFMN4.exp2.ACN3788.concX_largeLib_SpeI_cleanup.1,WGS,B5,13,A78,B30,A78-B30,48,185,0.2594594594594595
TFMN4.exp2.ACN3788.concX_largeLib_SpeI_cleanup.1,WGS,B5,13,A78,B79,A78-B79,110,185,0.5945945945945946
TFMN4.exp2.ACN3788.concX_largeLib_SpeI_cleanup.1,WGS,B5,13,A81,B26,A81-B26,3,185,0.0162162162162162
TFMN4.exp2.ACN3788.concX_largeLib_SpeI_cleanup.1,WGS,B5,13,A83,B101,A83-B101,1,185,0.0054054054054054
TFMN4.exp2.ACN3788.concX_largeLib_SpeI_cleanup.1,WGS,B5,13,A83,B40,A83-B40,1,185,0.0054054054054054
TFMN4.exp2.ACN3788.concX_largeLib_SpeI_cleanup.3,WGS,D5,3,A143,B84,A143-B84,2,154,0.0129870129870129
TFMN4.exp2.ACN3788.concX_largeLib_SpeI_cleanup.3,WGS,D5,3,A153,B30,A153-B30,34,154,0.2207792207792207
TFMN4.exp2.ACN3788.concX_largeLib_SpeI_cleanup.3,WGS,D5,3,A176,B30,A176-B30,8,154,0.0519480519480519
TFMN4.exp2.ACN3788.concX_largeLib_SpeI_cleanup.3,WGS,D5,3,A186,B165,A186-B165,7,154,0.0454545454545454
TFMN4.exp2.ACN3788.concX_largeLib_SpeI_cleanup.3,WGS,D5,3,A78,B117,A78-B117,2,154,0.0129870129870129
TFMN4.exp2.ACN3788.concX_largeLib_SpeI_cleanup.3,WGS,D5,3,A81,B140,A81-B140,1,154,0.0064935064935064
TFMN4.exp2.ACN3788.concX_largeLib_SpeI_cleanup.3,WGS,D5,3,A81,B30,A81-B30,4,154,0.0259740259740259
TFMN4.exp2.ACN3788.concX_largeLib_SpeI_cleanup.3,WGS,D5,3,A81,B38,A81-B38,1,154,0.0064935064935064
TFMN4.exp2.ACN3788.concX_largeLib_SpeI_cleanup.3,WGS,D5,3,A81,B41,A81-B41,2,154,0.0129870129870129
TFMN4.exp2.ACN3788.concX_largeLib_SpeI_cleanup.3,WGS,D5,3,A81,B6,A81-B6,32,154,0.2077922077922078
TFMN4.exp2.ACN3788.concX_largeLib_SpeI_cleanup.3,WGS,D5,3,A83,B50,A83-B50,3,154,0.0194805194805194
TFMN4.exp2.ACN3788.concX_largeLib_SpeI_cleanup.3,WGS,D5,3,A90,B123,A90-B123,1,154,0.0064935064935064
TFMN4.exp2.ACN3788.concX_largeLib_SpeI_cleanup.3,WGS,D5,3,A90,B3,A90-B3,2,154,0.0129870129870129
TFMN4.exp2.ACN3788.concX_largeLib_SpeI_cleanup.3,WGS,D5,3,A90,B47,A90-B47,5,154,0.0324675324675324
TFMN4.exp2.ACN3788.concX_largeLib_SpeI_cleanup.3,WGS,D5,3,A90,B59,A90-B59,2,154,0.0129870129870129
TFMN4.exp2.ACN3788.concX_largeLib_SpeI_cleanup.3,WGS,D5,3,A90,B75,A90-B75,48,154,0.3116883116883117
TFMN4.exp2.ACN3788.concX_largeLib_SpeI_cleanup.3,WGS,D5,4,A153,B30,A153-B30,26,178,0.146067415730337
TFMN4.exp2.ACN3788.concX_largeLib_SpeI_cleanup.3,WGS,D5,4,A176,B30,A176-B30,11,178,0.0617977528089887
TFMN4.exp2.ACN3788.concX_largeLib_SpeI_cleanup.3,WGS,D5,4,A186,B165,A186-B165,2,178,0.0112359550561797
TFMN4.exp2.ACN3788.concX_largeLib_SpeI_cleanup.3,WGS,D5,4,A78,B117,A78-B117,3,178,0.0168539325842696
TFMN4.exp2.ACN3788.concX_largeLib_SpeI_cleanup.3,WGS,D5,4,A81,B30,A81-B30,2,178,0.0112359550561797
TFMN4.exp2.ACN3788.concX_largeLib_SpeI_cleanup.3,WGS,D5,4,A81,B41,A81-B41,3,178,0.0168539325842696
TFMN4.exp2.ACN3788.concX_largeLib_SpeI_cleanup.3,WGS,D5,4,A81,B6,A81-B6,67,178,0.3764044943820224
TFMN4.exp2.ACN3788.concX_largeLib_SpeI_cleanup.3,WGS,D5,4,A83,B50,A83-B50,1,178,0.0056179775280898
TFMN4.exp2.ACN3788.concX_largeLib_SpeI_cleanup.3,WGS,D5,4,A90,B102,A90-B102,1,178,0.0056179775280898
TFMN4.exp2.ACN3788.concX_largeLib_SpeI_cleanup.3,WGS,D5,4,A90,B123,A90-B123,3,178,0.0168539325842696
TFMN4.exp2.ACN3788.concX_largeLib_SpeI_cleanup.3,WGS,D5,4,A90,B47,A90-B47,5,178,0.0280898876404494
TFMN4.exp2.ACN3788.concX_largeLib_SpeI_cleanup.3,WGS,D5,4,A90,B59,A90-B59,1,178,0.0056179775280898
TFMN4.exp2.ACN3788.concX_largeLib_SpeI_cleanup.3,WGS,D5,4,A90,B75,A90-B75,53,178,0.297752808988764
TFMN4.exp2.ACN3788.concX_largeLib_SpeI_cleanup.3,WGS,D5,6,A143,B84,A143-B84,1,217,0.0046082949308755
TFMN4.exp2.ACN3788.concX_largeLib_SpeI_cleanup.3,WGS,D5,6,A153,B30,A153-B30,32,217,0.1474654377880184
TFMN4.exp2.ACN3788.concX_largeLib_SpeI_cleanup.3,WGS,D5,6,A176,B30,A176-B30,15,217,0.0691244239631336
TFMN4.exp2.ACN3788.concX_largeLib_SpeI_cleanup.3,WGS,D5,6,A78,B117,A78-B117,2,217,0.0092165898617511
TFMN4.exp2.ACN3788.concX_largeLib_SpeI_cleanup.3,WGS,D5,6,A81,B30,A81-B30,1,217,0.0046082949308755
TFMN4.exp2.ACN3788.concX_largeLib_SpeI_cleanup.3,WGS,D5,6,A81,B6,A81-B6,126,217,0.5806451612903226
TFMN4.exp2.ACN3788.concX_largeLib_SpeI_cleanup.3,WGS,D5,6,A83,B50,A83-B50,2,217,0.0092165898617511
TFMN4.exp2.ACN3788.concX_largeLib_SpeI_cleanup.3,WGS,D5,6,A90,B47,A90-B47,1,217,0.0046082949308755
TFMN4.exp2.ACN3788.concX_largeLib_SpeI_cleanup.3,WGS,D5,6,A90,B75,A90-B75,37,217,0.1705069124423963
TFMN4.exp2.ACN3788.concX_largeLib_SpeI_cleanup.3,WGS,D5,13,A153,B30,A153-B30,2,153,0.0130718954248366
TFMN4.exp2.ACN3788.concX_largeLib_SpeI_cleanup.3,WGS,D5,13,A78,B117,A78-B117,1,153,0.0065359477124183
TFMN4.exp2.ACN3788.concX_largeLib_SpeI_cleanup.3,WGS,D5,13,A81,B6,A81-B6,146,153,0.954248366013072
TFMN4.exp2.ACN3788.concX_largeLib_SpeI_cleanup.3,WGS,D5,13,A90,B123,A90-B123,1,153,0.0065359477124183
TFMN4.exp2.ACN3788.concX_largeLib_SpeI_cleanup.3,WGS,D5,13,A90,B75,A90-B75,2,153,0.0130718954248366
TFMN4.exp2.ACN3788.concX_largeLib_SpeI_cleanup.3,WGS,D5,13,A97,B6,A97-B6,1,153,0.0065359477124183
TFMN4.exp2.ACN3788.concX_smallLib_PCR_DpnI_cleanup.3,WGS,D10,3,A152,B154,A152-B154,5,101,0.0495049504950495
TFMN4.exp2.ACN3788.concX_smallLib_PCR_DpnI_cleanup.3,WGS,D10,3,A153,B137,A153-B137,7,101,0.0693069306930693
TFMN4.exp2.ACN3788.concX_smallLib_PCR_DpnI_cleanup.3,WGS,D10,3,A153,B77,A153-B77,4,101,0.0396039603960396
TFMN4.exp2.ACN3788.concX_smallLib_PCR_DpnI_cleanup.3,WGS,D10,3,A16,B161,A16-B161,2,101,0.0198019801980198
TFMN4.exp2.ACN3788.concX_smallLib_PCR_DpnI_cleanup.3,WGS,D10,3,A185,B26,A185-B26,3,101,0.0297029702970297
TFMN4.exp2.ACN3788.concX_smallLib_PCR_DpnI_cleanup.3,WGS,D10,3,A196,B168,A196-B168,10,101,0.099009900990099
TFMN4.exp2.ACN3788.concX_smallLib_PCR_DpnI_cleanup.3,WGS,D10,3,A63,B40,A63-B40,1,101,0.0099009900990099
TFMN4.exp2.ACN3788.concX_smallLib_PCR_DpnI_cleanup.3,WGS,D10,3,A78,B3,A78-B3,17,101,0.1683168316831683
TFMN4.exp2.ACN3788.concX_smallLib_PCR_DpnI_cleanup.3,WGS,D10,3,A81,B101,A81-B101,1,101,0.0099009900990099
TFMN4.exp2.ACN3788.concX_smallLib_PCR_DpnI_cleanup.3,WGS,D10,3,A81,B165,A81-B165,1,101,0.0099009900990099
TFMN4.exp2.ACN3788.concX_smallLib_PCR_DpnI_cleanup.3,WGS,D10,3,A81,B51,A81-B51,16,101,0.1584158415841584
TFMN4.exp2.ACN3788.concX_smallLib_PCR_DpnI_cleanup.3,WGS,D10,3,A81,B61,A81-B61,4,101,0.0396039603960396
TFMN4.exp2.ACN3788.concX_smallLib_PCR_DpnI_cleanup.3,WGS,D10,3,A83,B151,A83-B151,25,101,0.2475247524752475
TFMN4.exp2.ACN3788.concX_smallLib_PCR_DpnI_cleanup.3,WGS,D10,3,A90,B2,A90-B2,2,101,0.0198019801980198
TFMN4.exp2.ACN3788.concX_smallLib_PCR_DpnI_cleanup.3,WGS,D10,3,A96,B26,A96-B26,1,101,0.0099009900990099
TFMN4.exp2.ACN3788.concX_smallLib_PCR_DpnI_cleanup.3,WGS,D10,3,A96,B87,A96-B87,2,101,0.0198019801980198
TFMN4.exp2.ACN3788.concX_smallLib_PCR_DpnI_cleanup.3,WGS,D10,4,A152,B154,A152-B154,7,218,0.0321100917431192
TFMN4.exp2.ACN3788.concX_smallLib_PCR_DpnI_cleanup.3,WGS,D10,4,A153,B137,A153-B137,8,218,0.036697247706422
TFMN4.exp2.ACN3788.concX_smallLib_PCR_DpnI_cleanup.3,WGS,D10,4,A153,B55,A153-B55,3,218,0.0137614678899082
TFMN4.exp2.ACN3788.concX_smallLib_PCR_DpnI_cleanup.3,WGS,D10,4,A153,B77,A153-B77,4,218,0.018348623853211
TFMN4.exp2.ACN3788.concX_smallLib_PCR_DpnI_cleanup.3,WGS,D10,4,A162,B137,A162-B137,3,218,0.0137614678899082
TFMN4.exp2.ACN3788.concX_smallLib_PCR_DpnI_cleanup.3,WGS,D10,4,A176,B177,A176-B177,1,218,0.0045871559633027
TFMN4.exp2.ACN3788.concX_smallLib_PCR_DpnI_cleanup.3,WGS,D10,4,A185,B26,A185-B26,2,218,0.0091743119266055
TFMN4.exp2.ACN3788.concX_smallLib_PCR_DpnI_cleanup.3,WGS,D10,4,A196,B168,A196-B168,51,218,0.2339449541284403
TFMN4.exp2.ACN3788.concX_smallLib_PCR_DpnI_cleanup.3,WGS,D10,4,A63,B40,A63-B40,2,218,0.0091743119266055
TFMN4.exp2.ACN3788.concX_smallLib_PCR_DpnI_cleanup.3,WGS,D10,4,A78,B3,A78-B3,17,218,0.0779816513761468
TFMN4.exp2.ACN3788.concX_smallLib_PCR_DpnI_cleanup.3,WGS,D10,4,A78,B47,A78-B47,1,218,0.0045871559633027
TFMN4.exp2.ACN3788.concX_smallLib_PCR_DpnI_cleanup.3,WGS,D10,4,A81,B101,A81-B101,7,218,0.0321100917431192
TFMN4.exp2.ACN3788.concX_smallLib_PCR_DpnI_cleanup.3,WGS,D10,4,A81,B51,A81-B51,15,218,0.0688073394495412
TFMN4.exp2.ACN3788.concX_smallLib_PCR_DpnI_cleanup.3,WGS,D10,4,A81,B61,A81-B61,6,218,0.0275229357798165
TFMN4.exp2.ACN3788.concX_smallLib_PCR_DpnI_cleanup.3,WGS,D10,4,A83,B151,A83-B151,83,218,0.3807339449541284
TFMN4.exp2.ACN3788.concX_smallLib_PCR_DpnI_cleanup.3,WGS,D10,4,A83,B70,A83-B70,4,218,0.018348623853211
TFMN4.exp2.ACN3788.concX_smallLib_PCR_DpnI_cleanup.3,WGS,D10,4,A96,B26,A96-B26,2,218,0.0091743119266055
TFMN4.exp2.ACN3788.concX_smallLib_PCR_DpnI_cleanup.3,WGS,D10,4,A96,B87,A96-B87,2,218,0.0091743119266055
TFMN4.exp2.ACN3788.concX_smallLib_PCR_DpnI_cleanup.3,WGS,D10,6,A152,B154,A152-B154,7,125,0.056
TFMN4.exp2.ACN3788.concX_smallLib_PCR_DpnI_cleanup.3,WGS,D10,6,A153,B137,A153-B137,17,125,0.136
TFMN4.exp2.ACN3788.concX_smallLib_PCR_DpnI_cleanup.3,WGS,D10,6,A153,B77,A153-B77,19,125,0.152
TFMN4.exp2.ACN3788.concX_smallLib_PCR_DpnI_cleanup.3,WGS,D10,6,A185,B26,A185-B26,1,125,0.008
TFMN4.exp2.ACN3788.concX_smallLib_PCR_DpnI_cleanup.3,WGS,D10,6,A196,B168,A196-B168,40,125,0.32
TFMN4.exp2.ACN3788.concX_smallLib_PCR_DpnI_cleanup.3,WGS,D10,6,A20,B95,A20-B95,3,125,0.024
TFMN4.exp2.ACN3788.concX_smallLib_PCR_DpnI_cleanup.3,WGS,D10,6,A63,B40,A63-B40,1,125,0.008
TFMN4.exp2.ACN3788.concX_smallLib_PCR_DpnI_cleanup.3,WGS,D10,6,A78,B3,A78-B3,6,125,0.048
TFMN4.exp2.ACN3788.concX_smallLib_PCR_DpnI_cleanup.3,WGS,D10,6,A81,B101,A81-B101,4,125,0.032
TFMN4.exp2.ACN3788.concX_smallLib_PCR_DpnI_cleanup.3,WGS,D10,6,A81,B51,A81-B51,7,125,0.056
TFMN4.exp2.ACN3788.concX_smallLib_PCR_DpnI_cleanup.3,WGS,D10,6,A81,B61,A81-B61,3,125,0.024
TFMN4.exp2.ACN3788.concX_smallLib_PCR_DpnI_cleanup.3,WGS,D10,6,A83,B151,A83-B151,14,125,0.112
TFMN4.exp2.ACN3788.concX_smallLib_PCR_DpnI_cleanup.3,WGS,D10,6,A96,B87,A96-B87,3,125,0.024
TFMN4.exp2.ACN3788.concX_smallLib_PCR_DpnI_cleanup.3,WGS,D10,13,A153,B137,A153-B137,1,188,0.0053191489361702
TFMN4.exp2.ACN3788.concX_smallLib_PCR_DpnI_cleanup.3,WGS,D10,13,A153,B77,A153-B77,21,188,0.1117021276595744
TFMN4.exp2.ACN3788.concX_smallLib_PCR_DpnI_cleanup.3,WGS,D10,13,A185,B26,A185-B26,8,188,0.0425531914893617
TFMN4.exp2.ACN3788.concX_smallLib_PCR_DpnI_cleanup.3,WGS,D10,13,A196,B168,A196-B168,40,188,0.2127659574468085
TFMN4.exp2.ACN3788.concX_smallLib_PCR_DpnI_cleanup.3,WGS,D10,13,A20,B95,A20-B95,1,188,0.0053191489361702
TFMN4.exp2.ACN3788.concX_smallLib_PCR_DpnI_cleanup.3,WGS,D10,13,A63,B40,A63-B40,1,188,0.0053191489361702
TFMN4.exp2.ACN3788.concX_smallLib_PCR_DpnI_cleanup.3,WGS,D10,13,A78,B3,A78-B3,16,188,0.0851063829787234
TFMN4.exp2.ACN3788.concX_smallLib_PCR_DpnI_cleanup.3,WGS,D10,13,A81,B51,A81-B51,71,188,0.3776595744680851
TFMN4.exp2.ACN3788.concX_smallLib_PCR_DpnI_cleanup.3,WGS,D10,13,A83,B104,A83-B104,1,188,0.0053191489361702
TFMN4.exp2.ACN3788.concX_smallLib_PCR_DpnI_cleanup.3,WGS,D10,13,A83,B151,A83-B151,25,188,0.1329787234042553
TFMN4.exp2.ACN3788.concX_smallLib_PCR_DpnI_cleanup.3,WGS,D10,13,A90,B150,A90-B150,1,188,0.0053191489361702
TFMN4.exp2.ACN3788.concX_smallLib_PCR_DpnI_cleanup.3,WGS,D10,13,A96,B26,A96-B26,1,188,0.0053191489361702
TFMN4.exp2.ACN3788.concX_smallLib_PCR_DpnI_cleanup.3,WGS,D10,13,A96,B3,A96-B3,1,188,0.0053191489361702
TFMN4.exp2.ACN3788.concY_largeLib_PCR_DpnI_cleanup.2,WGS,C9,3,A143,B13,A143-B13,2,132,0.0151515151515151
TFMN4.exp2.ACN3788.concY_largeLib_PCR_DpnI_cleanup.2,WGS,C9,3,A143,B137,A143-B137,2,132,0.0151515151515151
TFMN4.exp2.ACN3788.concY_largeLib_PCR_DpnI_cleanup.2,WGS,C9,3,A152,B47,A152-B47,2,132,0.0151515151515151
TFMN4.exp2.ACN3788.concY_largeLib_PCR_DpnI_cleanup.2,WGS,C9,3,A16,B140,A16-B140,1,132,0.0075757575757575
TFMN4.exp2.ACN3788.concY_largeLib_PCR_DpnI_cleanup.2,WGS,C9,3,A16,B145,A16-B145,4,132,0.0303030303030303
TFMN4.exp2.ACN3788.concY_largeLib_PCR_DpnI_cleanup.2,WGS,C9,3,A186,B117,A186-B117,1,132,0.0075757575757575
TFMN4.exp2.ACN3788.concY_largeLib_PCR_DpnI_cleanup.2,WGS,C9,3,A186,B63,A186-B63,1,132,0.0075757575757575
TFMN4.exp2.ACN3788.concY_largeLib_PCR_DpnI_cleanup.2,WGS,C9,3,A186,B70,A186-B70,4,132,0.0303030303030303
TFMN4.exp2.ACN3788.concY_largeLib_PCR_DpnI_cleanup.2,WGS,C9,3,A186,B84,A186-B84,2,132,0.0151515151515151
TFMN4.exp2.ACN3788.concY_largeLib_PCR_DpnI_cleanup.2,WGS,C9,3,A196,B119,A196-B119,2,132,0.0151515151515151
TFMN4.exp2.ACN3788.concY_largeLib_PCR_DpnI_cleanup.2,WGS,C9,3,A196,B15,A196-B15,1,132,0.0075757575757575
TFMN4.exp2.ACN3788.concY_largeLib_PCR_DpnI_cleanup.2,WGS,C9,3,A196,B151,A196-B151,19,132,0.1439393939393939
TFMN4.exp2.ACN3788.concY_largeLib_PCR_DpnI_cleanup.2,WGS,C9,3,A196,B38,A196-B38,8,132,0.0606060606060606
TFMN4.exp2.ACN3788.concY_largeLib_PCR_DpnI_cleanup.2,WGS,C9,3,A196,B52,A196-B52,3,132,0.0227272727272727
TFMN4.exp2.ACN3788.concY_largeLib_PCR_DpnI_cleanup.2,WGS,C9,3,A196,B84,A196-B84,11,132,0.0833333333333333
TFMN4.exp2.ACN3788.concY_largeLib_PCR_DpnI_cleanup.2,WGS,C9,3,A20,B126,A20-B126,1,132,0.0075757575757575
TFMN4.exp2.ACN3788.concY_largeLib_PCR_DpnI_cleanup.2,WGS,C9,3,A20,B13,A20-B13,2,132,0.0151515151515151
TFMN4.exp2.ACN3788.concY_largeLib_PCR_DpnI_cleanup.2,WGS,C9,3,A20,B6,A20-B6,21,132,0.1590909090909091
TFMN4.exp2.ACN3788.concY_largeLib_PCR_DpnI_cleanup.2,WGS,C9,3,A20,B84,A20-B84,10,132,0.0757575757575757
TFMN4.exp2.ACN3788.concY_largeLib_PCR_DpnI_cleanup.2,WGS,C9,3,A63,B103,A63-B103,1,132,0.0075757575757575
TFMN4.exp2.ACN3788.concY_largeLib_PCR_DpnI_cleanup.2,WGS,C9,3,A63,B75,A63-B75,1,132,0.0075757575757575
TFMN4.exp2.ACN3788.concY_largeLib_PCR_DpnI_cleanup.2,WGS,C9,3,A63,B79,A63-B79,3,132,0.0227272727272727
TFMN4.exp2.ACN3788.concY_largeLib_PCR_DpnI_cleanup.2,WGS,C9,3,A78,B101,A78-B101,4,132,0.0303030303030303
TFMN4.exp2.ACN3788.concY_largeLib_PCR_DpnI_cleanup.2,WGS,C9,3,A78,B130,A78-B130,1,132,0.0075757575757575
TFMN4.exp2.ACN3788.concY_largeLib_PCR_DpnI_cleanup.2,WGS,C9,3,A78,B75,A78-B75,2,132,0.0151515151515151
TFMN4.exp2.ACN3788.concY_largeLib_PCR_DpnI_cleanup.2,WGS,C9,3,A81,B145,A81-B145,5,132,0.0378787878787878
TFMN4.exp2.ACN3788.concY_largeLib_PCR_DpnI_cleanup.2,WGS,C9,3,A81,B2,A81-B2,3,132,0.0227272727272727
TFMN4.exp2.ACN3788.concY_largeLib_PCR_DpnI_cleanup.2,WGS,C9,3,A81,B87,A81-B87,3,132,0.0227272727272727
TFMN4.exp2.ACN3788.concY_largeLib_PCR_DpnI_cleanup.2,WGS,C9,3,A83,B40,A83-B40,1,132,0.0075757575757575
TFMN4.exp2.ACN3788.concY_largeLib_PCR_DpnI_cleanup.2,WGS,C9,3,A90,B155,A90-B155,1,132,0.0075757575757575
TFMN4.exp2.ACN3788.concY_largeLib_PCR_DpnI_cleanup.2,WGS,C9,3,A90,B26,A90-B26,2,132,0.0151515151515151
TFMN4.exp2.ACN3788.concY_largeLib_PCR_DpnI_cleanup.2,WGS,C9,3,A90,B52,A90-B52,2,132,0.0151515151515151
TFMN4.exp2.ACN3788.concY_largeLib_PCR_DpnI_cleanup.2,WGS,C9,3,A96,B79,A96-B79,6,132,0.0454545454545454
TFMN4.exp2.ACN3788.concY_largeLib_PCR_DpnI_cleanup.2,WGS,C9,4,A143,B13,A143-B13,2,195,0.0102564102564102
TFMN4.exp2.ACN3788.concY_largeLib_PCR_DpnI_cleanup.2,WGS,C9,4,A143,B137,A143-B137,5,195,0.0256410256410256
TFMN4.exp2.ACN3788.concY_largeLib_PCR_DpnI_cleanup.2,WGS,C9,4,A152,B47,A152-B47,2,195,0.0102564102564102
TFMN4.exp2.ACN3788.concY_largeLib_PCR_DpnI_cleanup.2,WGS,C9,4,A153,B26,A153-B26,1,195,0.0051282051282051
TFMN4.exp2.ACN3788.concY_largeLib_PCR_DpnI_cleanup.2,WGS,C9,4,A16,B117,A16-B117,1,195,0.0051282051282051
TFMN4.exp2.ACN3788.concY_largeLib_PCR_DpnI_cleanup.2,WGS,C9,4,A16,B140,A16-B140,1,195,0.0051282051282051
TFMN4.exp2.ACN3788.concY_largeLib_PCR_DpnI_cleanup.2,WGS,C9,4,A16,B145,A16-B145,8,195,0.041025641025641
TFMN4.exp2.ACN3788.concY_largeLib_PCR_DpnI_cleanup.2,WGS,C9,4,A176,B103,A176-B103,1,195,0.0051282051282051
TFMN4.exp2.ACN3788.concY_largeLib_PCR_DpnI_cleanup.2,WGS,C9,4,A176,B138,A176-B138,1,195,0.0051282051282051
TFMN4.exp2.ACN3788.concY_largeLib_PCR_DpnI_cleanup.2,WGS,C9,4,A186,B117,A186-B117,1,195,0.0051282051282051
TFMN4.exp2.ACN3788.concY_largeLib_PCR_DpnI_cleanup.2,WGS,C9,4,A186,B145,A186-B145,1,195,0.0051282051282051
TFMN4.exp2.ACN3788.concY_largeLib_PCR_DpnI_cleanup.2,WGS,C9,4,A186,B84,A186-B84,1,195,0.0051282051282051
TFMN4.exp2.ACN3788.concY_largeLib_PCR_DpnI_cleanup.2,WGS,C9,4,A196,B119,A196-B119,7,195,0.0358974358974358
TFMN4.exp2.ACN3788.concY_largeLib_PCR_DpnI_cleanup.2,WGS,C9,4,A196,B15,A196-B15,9,195,0.0461538461538461
TFMN4.exp2.ACN3788.concY_largeLib_PCR_DpnI_cleanup.2,WGS,C9,4,A196,B151,A196-B151,39,195,0.2
TFMN4.exp2.ACN3788.concY_largeLib_PCR_DpnI_cleanup.2,WGS,C9,4,A196,B38,A196-B38,13,195,0.0666666666666666
TFMN4.exp2.ACN3788.concY_largeLib_PCR_DpnI_cleanup.2,WGS,C9,4,A196,B46,A196-B46,6,195,0.0307692307692307
TFMN4.exp2.ACN3788.concY_largeLib_PCR_DpnI_cleanup.2,WGS,C9,4,A196,B52,A196-B52,3,195,0.0153846153846153
TFMN4.exp2.ACN3788.concY_largeLib_PCR_DpnI_cleanup.2,WGS,C9,4,A196,B84,A196-B84,31,195,0.1589743589743589
TFMN4.exp2.ACN3788.concY_largeLib_PCR_DpnI_cleanup.2,WGS,C9,4,A20,B126,A20-B126,10,195,0.0512820512820512
TFMN4.exp2.ACN3788.concY_largeLib_PCR_DpnI_cleanup.2,WGS,C9,4,A20,B6,A20-B6,10,195,0.0512820512820512
TFMN4.exp2.ACN3788.concY_largeLib_PCR_DpnI_cleanup.2,WGS,C9,4,A20,B84,A20-B84,4,195,0.0205128205128205
TFMN4.exp2.ACN3788.concY_largeLib_PCR_DpnI_cleanup.2,WGS,C9,4,A63,B117,A63-B117,2,195,0.0102564102564102
TFMN4.exp2.ACN3788.concY_largeLib_PCR_DpnI_cleanup.2,WGS,C9,4,A63,B79,A63-B79,3,195,0.0153846153846153
TFMN4.exp2.ACN3788.concY_largeLib_PCR_DpnI_cleanup.2,WGS,C9,4,A78,B101,A78-B101,1,195,0.0051282051282051
TFMN4.exp2.ACN3788.concY_largeLib_PCR_DpnI_cleanup.2,WGS,C9,4,A78,B75,A78-B75,1,195,0.0051282051282051
TFMN4.exp2.ACN3788.concY_largeLib_PCR_DpnI_cleanup.2,WGS,C9,4,A81,B145,A81-B145,2,195,0.0102564102564102
TFMN4.exp2.ACN3788.concY_largeLib_PCR_DpnI_cleanup.2,WGS,C9,4,A81,B2,A81-B2,15,195,0.0769230769230769
TFMN4.exp2.ACN3788.concY_largeLib_PCR_DpnI_cleanup.2,WGS,C9,4,A81,B87,A81-B87,6,195,0.0307692307692307
TFMN4.exp2.ACN3788.concY_largeLib_PCR_DpnI_cleanup.2,WGS,C9,4,A83,B40,A83-B40,2,195,0.0102564102564102
TFMN4.exp2.ACN3788.concY_largeLib_PCR_DpnI_cleanup.2,WGS,C9,4,A90,B18,A90-B18,2,195,0.0102564102564102
TFMN4.exp2.ACN3788.concY_largeLib_PCR_DpnI_cleanup.2,WGS,C9,4,A90,B3,A90-B3,2,195,0.0102564102564102
TFMN4.exp2.ACN3788.concY_largeLib_PCR_DpnI_cleanup.2,WGS,C9,4,A90,B38,A90-B38,1,195,0.0051282051282051
TFMN4.exp2.ACN3788.concY_largeLib_PCR_DpnI_cleanup.2,WGS,C9,4,A96,B79,A96-B79,1,195,0.0051282051282051
TFMN4.exp2.ACN3788.concY_largeLib_PCR_DpnI_cleanup.2,WGS,C9,6,A143,B137,A143-B137,6,217,0.0276497695852534
TFMN4.exp2.ACN3788.concY_largeLib_PCR_DpnI_cleanup.2,WGS,C9,6,A152,B47,A152-B47,1,217,0.0046082949308755
TFMN4.exp2.ACN3788.concY_largeLib_PCR_DpnI_cleanup.2,WGS,C9,6,A16,B117,A16-B117,1,217,0.0046082949308755
TFMN4.exp2.ACN3788.concY_largeLib_PCR_DpnI_cleanup.2,WGS,C9,6,A16,B140,A16-B140,1,217,0.0046082949308755
TFMN4.exp2.ACN3788.concY_largeLib_PCR_DpnI_cleanup.2,WGS,C9,6,A16,B145,A16-B145,3,217,0.0138248847926267
TFMN4.exp2.ACN3788.concY_largeLib_PCR_DpnI_cleanup.2,WGS,C9,6,A186,B117,A186-B117,2,217,0.0092165898617511
TFMN4.exp2.ACN3788.concY_largeLib_PCR_DpnI_cleanup.2,WGS,C9,6,A186,B62,A186-B62,1,217,0.0046082949308755
TFMN4.exp2.ACN3788.concY_largeLib_PCR_DpnI_cleanup.2,WGS,C9,6,A196,B119,A196-B119,13,217,0.0599078341013824
TFMN4.exp2.ACN3788.concY_largeLib_PCR_DpnI_cleanup.2,WGS,C9,6,A196,B15,A196-B15,1,217,0.0046082949308755
TFMN4.exp2.ACN3788.concY_largeLib_PCR_DpnI_cleanup.2,WGS,C9,6,A196,B151,A196-B151,68,217,0.3133640552995391
TFMN4.exp2.ACN3788.concY_largeLib_PCR_DpnI_cleanup.2,WGS,C9,6,A196,B38,A196-B38,11,217,0.0506912442396313
TFMN4.exp2.ACN3788.concY_largeLib_PCR_DpnI_cleanup.2,WGS,C9,6,A196,B40,A196-B40,1,217,0.0046082949308755
TFMN4.exp2.ACN3788.concY_largeLib_PCR_DpnI_cleanup.2,WGS,C9,6,A196,B46,A196-B46,3,217,0.0138248847926267
TFMN4.exp2.ACN3788.concY_largeLib_PCR_DpnI_cleanup.2,WGS,C9,6,A196,B52,A196-B52,5,217,0.0230414746543778
TFMN4.exp2.ACN3788.concY_largeLib_PCR_DpnI_cleanup.2,WGS,C9,6,A196,B84,A196-B84,19,217,0.0875576036866359
TFMN4.exp2.ACN3788.concY_largeLib_PCR_DpnI_cleanup.2,WGS,C9,6,A20,B126,A20-B126,6,217,0.0276497695852534
TFMN4.exp2.ACN3788.concY_largeLib_PCR_DpnI_cleanup.2,WGS,C9,6,A20,B6,A20-B6,12,217,0.0552995391705069
TFMN4.exp2.ACN3788.concY_largeLib_PCR_DpnI_cleanup.2,WGS,C9,6,A20,B84,A20-B84,8,217,0.0368663594470046
TFMN4.exp2.ACN3788.concY_largeLib_PCR_DpnI_cleanup.2,WGS,C9,6,A63,B79,A63-B79,1,217,0.0046082949308755
TFMN4.exp2.ACN3788.concY_largeLib_PCR_DpnI_cleanup.2,WGS,C9,6,A78,B101,A78-B101,3,217,0.0138248847926267
TFMN4.exp2.ACN3788.concY_largeLib_PCR_DpnI_cleanup.2,WGS,C9,6,A78,B75,A78-B75,2,217,0.0092165898617511
TFMN4.exp2.ACN3788.concY_largeLib_PCR_DpnI_cleanup.2,WGS,C9,6,A81,B145,A81-B145,10,217,0.0460829493087557
TFMN4.exp2.ACN3788.concY_largeLib_PCR_DpnI_cleanup.2,WGS,C9,6,A81,B2,A81-B2,22,217,0.1013824884792626
TFMN4.exp2.ACN3788.concY_largeLib_PCR_DpnI_cleanup.2,WGS,C9,6,A81,B87,A81-B87,5,217,0.0230414746543778
TFMN4.exp2.ACN3788.concY_largeLib_PCR_DpnI_cleanup.2,WGS,C9,6,A83,B40,A83-B40,1,217,0.0046082949308755
TFMN4.exp2.ACN3788.concY_largeLib_PCR_DpnI_cleanup.2,WGS,C9,6,A90,B26,A90-B26,1,217,0.0046082949308755
TFMN4.exp2.ACN3788.concY_largeLib_PCR_DpnI_cleanup.2,WGS,C9,6,A90,B3,A90-B3,4,217,0.0184331797235023
TFMN4.exp2.ACN3788.concY_largeLib_PCR_DpnI_cleanup.2,WGS,C9,6,A90,B59,A90-B59,1,217,0.0046082949308755
TFMN4.exp2.ACN3788.concY_largeLib_PCR_DpnI_cleanup.2,WGS,C9,6,A96,B79,A96-B79,5,217,0.0230414746543778
TFMN4.exp2.ACN3788.concY_largeLib_PCR_DpnI_cleanup.2,WGS,C9,13,A196,B151,A196-B151,14,210,0.0666666666666666
TFMN4.exp2.ACN3788.concY_largeLib_PCR_DpnI_cleanup.2,WGS,C9,13,A196,B38,A196-B38,4,210,0.019047619047619
TFMN4.exp2.ACN3788.concY_largeLib_PCR_DpnI_cleanup.2,WGS,C9,13,A20,B6,A20-B6,4,210,0.019047619047619
TFMN4.exp2.ACN3788.concY_largeLib_PCR_DpnI_cleanup.2,WGS,C9,13,A20,B84,A20-B84,1,210,0.0047619047619047
TFMN4.exp2.ACN3788.concY_largeLib_PCR_DpnI_cleanup.2,WGS,C9,13,A81,B130,A81-B130,1,210,0.0047619047619047
TFMN4.exp2.ACN3788.concY_largeLib_PCR_DpnI_cleanup.2,WGS,C9,13,A81,B2,A81-B2,46,210,0.219047619047619
TFMN4.exp2.ACN3788.concY_largeLib_PCR_DpnI_cleanup.2,WGS,C9,13,A81,B84,A81-B84,3,210,0.0142857142857142
TFMN4.exp2.ACN3788.concY_largeLib_PCR_DpnI_cleanup.2,WGS,C9,13,A83,B40,A83-B40,123,210,0.5857142857142857
TFMN4.exp2.ACN3788.concY_largeLib_PCR_DpnI_cleanup.2,WGS,C9,13,A90,B26,A90-B26,7,210,0.0333333333333333
TFMN4.exp2.ACN3788.concY_largeLib_PCR_DpnI_cleanup.2,WGS,C9,13,A90,B3,A90-B3,7,210,0.0333333333333333
TFMN4.exp2.ACN3788.concY_largeLib_PCR_DpnI_cleanup.3,WGS,D9,3,A143,B117,A143-B117,2,158,0.0126582278481012
TFMN4.exp2.ACN3788.concY_largeLib_PCR_DpnI_cleanup.3,WGS,D9,3,A152,B151,A152-B151,6,158,0.0379746835443038
TFMN4.exp2.ACN3788.concY_largeLib_PCR_DpnI_cleanup.3,WGS,D9,3,A153,B6,A153-B6,9,158,0.0569620253164556
TFMN4.exp2.ACN3788.concY_largeLib_PCR_DpnI_cleanup.3,WGS,D9,3,A159,B69,A159-B69,2,158,0.0126582278481012
TFMN4.exp2.ACN3788.concY_largeLib_PCR_DpnI_cleanup.3,WGS,D9,3,A16,B117,A16-B117,3,158,0.0189873417721519
TFMN4.exp2.ACN3788.concY_largeLib_PCR_DpnI_cleanup.3,WGS,D9,3,A16,B137,A16-B137,3,158,0.0189873417721519
TFMN4.exp2.ACN3788.concY_largeLib_PCR_DpnI_cleanup.3,WGS,D9,3,A16,B154,A16-B154,1,158,0.0063291139240506
TFMN4.exp2.ACN3788.concY_largeLib_PCR_DpnI_cleanup.3,WGS,D9,3,A16,B3,A16-B3,2,158,0.0126582278481012
TFMN4.exp2.ACN3788.concY_largeLib_PCR_DpnI_cleanup.3,WGS,D9,3,A16,B4,A16-B4,4,158,0.0253164556962025
TFMN4.exp2.ACN3788.concY_largeLib_PCR_DpnI_cleanup.3,WGS,D9,3,A186,B13,A186-B13,2,158,0.0126582278481012
TFMN4.exp2.ACN3788.concY_largeLib_PCR_DpnI_cleanup.3,WGS,D9,3,A186,B147,A186-B147,2,158,0.0126582278481012
TFMN4.exp2.ACN3788.concY_largeLib_PCR_DpnI_cleanup.3,WGS,D9,3,A186,B26,A186-B26,5,158,0.0316455696202531
TFMN4.exp2.ACN3788.concY_largeLib_PCR_DpnI_cleanup.3,WGS,D9,3,A186,B3,A186-B3,2,158,0.0126582278481012
TFMN4.exp2.ACN3788.concY_largeLib_PCR_DpnI_cleanup.3,WGS,D9,3,A196,B123,A196-B123,1,158,0.0063291139240506
TFMN4.exp2.ACN3788.concY_largeLib_PCR_DpnI_cleanup.3,WGS,D9,3,A196,B136,A196-B136,4,158,0.0253164556962025
TFMN4.exp2.ACN3788.concY_largeLib_PCR_DpnI_cleanup.3,WGS,D9,3,A196,B152,A196-B152,2,158,0.0126582278481012
TFMN4.exp2.ACN3788.concY_largeLib_PCR_DpnI_cleanup.3,WGS,D9,3,A196,B171,A196-B171,7,158,0.0443037974683544
TFMN4.exp2.ACN3788.concY_largeLib_PCR_DpnI_cleanup.3,WGS,D9,3,A196,B2,A196-B2,5,158,0.0316455696202531
TFMN4.exp2.ACN3788.concY_largeLib_PCR_DpnI_cleanup.3,WGS,D9,3,A196,B27,A196-B27,8,158,0.050632911392405
TFMN4.exp2.ACN3788.concY_largeLib_PCR_DpnI_cleanup.3,WGS,D9,3,A196,B4,A196-B4,4,158,0.0253164556962025
TFMN4.exp2.ACN3788.concY_largeLib_PCR_DpnI_cleanup.3,WGS,D9,3,A196,B51,A196-B51,3,158,0.0189873417721519
TFMN4.exp2.ACN3788.concY_largeLib_PCR_DpnI_cleanup.3,WGS,D9,3,A196,B52,A196-B52,1,158,0.0063291139240506
TFMN4.exp2.ACN3788.concY_largeLib_PCR_DpnI_cleanup.3,WGS,D9,3,A196,B75,A196-B75,1,158,0.0063291139240506
TFMN4.exp2.ACN3788.concY_largeLib_PCR_DpnI_cleanup.3,WGS,D9,3,A196,B79,A196-B79,8,158,0.050632911392405
TFMN4.exp2.ACN3788.concY_largeLib_PCR_DpnI_cleanup.3,WGS,D9,3,A196,B87,A196-B87,16,158,0.1012658227848101
TFMN4.exp2.ACN3788.concY_largeLib_PCR_DpnI_cleanup.3,WGS,D9,3,A196,B93,A196-B93,1,158,0.0063291139240506
TFMN4.exp2.ACN3788.concY_largeLib_PCR_DpnI_cleanup.3,WGS,D9,3,A20,B34,A20-B34,1,158,0.0063291139240506
TFMN4.exp2.ACN3788.concY_largeLib_PCR_DpnI_cleanup.3,WGS,D9,3,A20,B71,A20-B71,2,158,0.0126582278481012
TFMN4.exp2.ACN3788.concY_largeLib_PCR_DpnI_cleanup.3,WGS,D9,3,A21,B6,A21-B6,8,158,0.050632911392405
TFMN4.exp2.ACN3788.concY_largeLib_PCR_DpnI_cleanup.3,WGS,D9,3,A63,B6,A63-B6,7,158,0.0443037974683544
TFMN4.exp2.ACN3788.concY_largeLib_PCR_DpnI_cleanup.3,WGS,D9,3,A63,B75,A63-B75,2,158,0.0126582278481012
TFMN4.exp2.ACN3788.concY_largeLib_PCR_DpnI_cleanup.3,WGS,D9,3,A78,B137,A78-B137,3,158,0.0189873417721519
TFMN4.exp2.ACN3788.concY_largeLib_PCR_DpnI_cleanup.3,WGS,D9,3,A78,B159,A78-B159,2,158,0.0126582278481012
TFMN4.exp2.ACN3788.concY_largeLib_PCR_DpnI_cleanup.3,WGS,D9,3,A78,B40,A78-B40,1,158,0.0063291139240506
TFMN4.exp2.ACN3788.concY_largeLib_PCR_DpnI_cleanup.3,WGS,D9,3,A81,B117,A81-B117,1,158,0.0063291139240506
TFMN4.exp2.ACN3788.concY_largeLib_PCR_DpnI_cleanup.3,WGS,D9,3,A81,B132,A81-B132,4,158,0.0253164556962025
TFMN4.exp2.ACN3788.concY_largeLib_PCR_DpnI_cleanup.3,WGS,D9,3,A81,B137,A81-B137,5,158,0.0316455696202531
TFMN4.exp2.ACN3788.concY_largeLib_PCR_DpnI_cleanup.3,WGS,D9,3,A81,B165,A81-B165,2,158,0.0126582278481012
TFMN4.exp2.ACN3788.concY_largeLib_PCR_DpnI_cleanup.3,WGS,D9,3,A81,B6,A81-B6,3,158,0.0189873417721519
TFMN4.exp2.ACN3788.concY_largeLib_PCR_DpnI_cleanup.3,WGS,D9,3,A81,B91,A81-B91,3,158,0.0189873417721519
TFMN4.exp2.ACN3788.concY_largeLib_PCR_DpnI_cleanup.3,WGS,D9,3,A83,B50,A83-B50,1,158,0.0063291139240506
TFMN4.exp2.ACN3788.concY_largeLib_PCR_DpnI_cleanup.3,WGS,D9,3,A83,B84,A83-B84,2,158,0.0126582278481012
TFMN4.exp2.ACN3788.concY_largeLib_PCR_DpnI_cleanup.3,WGS,D9,3,A90,B117,A90-B117,3,158,0.0189873417721519
TFMN4.exp2.ACN3788.concY_largeLib_PCR_DpnI_cleanup.3,WGS,D9,3,A90,B18,A90-B18,1,158,0.0063291139240506
TFMN4.exp2.ACN3788.concY_largeLib_PCR_DpnI_cleanup.3,WGS,D9,3,A96,B12,A96-B12,1,158,0.0063291139240506
TFMN4.exp2.ACN3788.concY_largeLib_PCR_DpnI_cleanup.3,WGS,D9,3,A96,B27,A96-B27,2,158,0.0126582278481012
TFMN4.exp2.ACN3788.concY_largeLib_PCR_DpnI_cleanup.3,WGS,D9,4,A12,B60,A12-B60,2,184,0.0108695652173913
TFMN4.exp2.ACN3788.concY_largeLib_PCR_DpnI_cleanup.3,WGS,D9,4,A143,B117,A143-B117,1,184,0.0054347826086956
TFMN4.exp2.ACN3788.concY_largeLib_PCR_DpnI_cleanup.3,WGS,D9,4,A152,B151,A152-B151,3,184,0.0163043478260869
TFMN4.exp2.ACN3788.concY_largeLib_PCR_DpnI_cleanup.3,WGS,D9,4,A152,B27,A152-B27,1,184,0.0054347826086956
TFMN4.exp2.ACN3788.concY_largeLib_PCR_DpnI_cleanup.3,WGS,D9,4,A153,B6,A153-B6,3,184,0.0163043478260869
TFMN4.exp2.ACN3788.concY_largeLib_PCR_DpnI_cleanup.3,WGS,D9,4,A16,B117,A16-B117,1,184,0.0054347826086956
TFMN4.exp2.ACN3788.concY_largeLib_PCR_DpnI_cleanup.3,WGS,D9,4,A16,B137,A16-B137,3,184,0.0163043478260869
TFMN4.exp2.ACN3788.concY_largeLib_PCR_DpnI_cleanup.3,WGS,D9,4,A16,B65,A16-B65,2,184,0.0108695652173913
TFMN4.exp2.ACN3788.concY_largeLib_PCR_DpnI_cleanup.3,WGS,D9,4,A16,B79,A16-B79,3,184,0.0163043478260869
TFMN4.exp2.ACN3788.concY_largeLib_PCR_DpnI_cleanup.3,WGS,D9,4,A176,B59,A176-B59,1,184,0.0054347826086956
TFMN4.exp2.ACN3788.concY_largeLib_PCR_DpnI_cleanup.3,WGS,D9,4,A186,B147,A186-B147,2,184,0.0108695652173913
TFMN4.exp2.ACN3788.concY_largeLib_PCR_DpnI_cleanup.3,WGS,D9,4,A186,B26,A186-B26,4,184,0.0217391304347826
TFMN4.exp2.ACN3788.concY_largeLib_PCR_DpnI_cleanup.3,WGS,D9,4,A186,B3,A186-B3,8,184,0.0434782608695652
TFMN4.exp2.ACN3788.concY_largeLib_PCR_DpnI_cleanup.3,WGS,D9,4,A196,B136,A196-B136,5,184,0.0271739130434782
TFMN4.exp2.ACN3788.concY_largeLib_PCR_DpnI_cleanup.3,WGS,D9,4,A196,B15,A196-B15,2,184,0.0108695652173913
TFMN4.exp2.ACN3788.concY_largeLib_PCR_DpnI_cleanup.3,WGS,D9,4,A196,B152,A196-B152,1,184,0.0054347826086956
TFMN4.exp2.ACN3788.concY_largeLib_PCR_DpnI_cleanup.3,WGS,D9,4,A196,B171,A196-B171,9,184,0.0489130434782608
TFMN4.exp2.ACN3788.concY_largeLib_PCR_DpnI_cleanup.3,WGS,D9,4,A196,B2,A196-B2,8,184,0.0434782608695652
TFMN4.exp2.ACN3788.concY_largeLib_PCR_DpnI_cleanup.3,WGS,D9,4,A196,B27,A196-B27,3,184,0.0163043478260869
TFMN4.exp2.ACN3788.concY_largeLib_PCR_DpnI_cleanup.3,WGS,D9,4,A196,B4,A196-B4,6,184,0.0326086956521739
TFMN4.exp2.ACN3788.concY_largeLib_PCR_DpnI_cleanup.3,WGS,D9,4,A196,B51,A196-B51,16,184,0.0869565217391304
TFMN4.exp2.ACN3788.concY_largeLib_PCR_DpnI_cleanup.3,WGS,D9,4,A196,B52,A196-B52,9,184,0.0489130434782608
TFMN4.exp2.ACN3788.concY_largeLib_PCR_DpnI_cleanup.3,WGS,D9,4,A196,B75,A196-B75,5,184,0.0271739130434782
TFMN4.exp2.ACN3788.concY_largeLib_PCR_DpnI_cleanup.3,WGS,D9,4,A196,B79,A196-B79,12,184,0.0652173913043478
TFMN4.exp2.ACN3788.concY_largeLib_PCR_DpnI_cleanup.3,WGS,D9,4,A196,B87,A196-B87,24,184,0.1304347826086956
TFMN4.exp2.ACN3788.concY_largeLib_PCR_DpnI_cleanup.3,WGS,D9,4,A20,B101,A20-B101,1,184,0.0054347826086956
TFMN4.exp2.ACN3788.concY_largeLib_PCR_DpnI_cleanup.3,WGS,D9,4,A20,B71,A20-B71,1,184,0.0054347826086956
TFMN4.exp2.ACN3788.concY_largeLib_PCR_DpnI_cleanup.3,WGS,D9,4,A21,B6,A21-B6,9,184,0.0489130434782608
TFMN4.exp2.ACN3788.concY_largeLib_PCR_DpnI_cleanup.3,WGS,D9,4,A63,B147,A63-B147,1,184,0.0054347826086956
TFMN4.exp2.ACN3788.concY_largeLib_PCR_DpnI_cleanup.3,WGS,D9,4,A63,B6,A63-B6,5,184,0.0271739130434782
TFMN4.exp2.ACN3788.concY_largeLib_PCR_DpnI_cleanup.3,WGS,D9,4,A63,B75,A63-B75,1,184,0.0054347826086956
TFMN4.exp2.ACN3788.concY_largeLib_PCR_DpnI_cleanup.3,WGS,D9,4,A78,B137,A78-B137,5,184,0.0271739130434782
TFMN4.exp2.ACN3788.concY_largeLib_PCR_DpnI_cleanup.3,WGS,D9,4,A78,B3,A78-B3,1,184,0.0054347826086956
TFMN4.exp2.ACN3788.concY_largeLib_PCR_DpnI_cleanup.3,WGS,D9,4,A78,B40,A78-B40,1,184,0.0054347826086956
TFMN4.exp2.ACN3788.concY_largeLib_PCR_DpnI_cleanup.3,WGS,D9,4,A81,B11,A81-B11,1,184,0.0054347826086956
TFMN4.exp2.ACN3788.concY_largeLib_PCR_DpnI_cleanup.3,WGS,D9,4,A81,B117,A81-B117,2,184,0.0108695652173913
TFMN4.exp2.ACN3788.concY_largeLib_PCR_DpnI_cleanup.3,WGS,D9,4,A81,B6,A81-B6,3,184,0.0163043478260869
TFMN4.exp2.ACN3788.concY_largeLib_PCR_DpnI_cleanup.3,WGS,D9,4,A83,B138,A83-B138,3,184,0.0163043478260869
TFMN4.exp2.ACN3788.concY_largeLib_PCR_DpnI_cleanup.3,WGS,D9,4,A83,B84,A83-B84,6,184,0.0326086956521739
TFMN4.exp2.ACN3788.concY_largeLib_PCR_DpnI_cleanup.3,WGS,D9,4,A90,B6,A90-B6,5,184,0.0271739130434782
TFMN4.exp2.ACN3788.concY_largeLib_PCR_DpnI_cleanup.3,WGS,D9,4,A96,B27,A96-B27,1,184,0.0054347826086956
TFMN4.exp2.ACN3788.concY_largeLib_PCR_DpnI_cleanup.3,WGS,D9,4,A96,B87,A96-B87,4,184,0.0217391304347826
TFMN4.exp2.ACN3788.concY_largeLib_PCR_DpnI_cleanup.3,WGS,D9,6,A15,B117,A15-B117,1,212,0.0047169811320754
TFMN4.exp2.ACN3788.concY_largeLib_PCR_DpnI_cleanup.3,WGS,D9,6,A153,B6,A153-B6,2,212,0.0094339622641509
TFMN4.exp2.ACN3788.concY_largeLib_PCR_DpnI_cleanup.3,WGS,D9,6,A16,B117,A16-B117,4,212,0.0188679245283018
TFMN4.exp2.ACN3788.concY_largeLib_PCR_DpnI_cleanup.3,WGS,D9,6,A16,B137,A16-B137,9,212,0.0424528301886792
TFMN4.exp2.ACN3788.concY_largeLib_PCR_DpnI_cleanup.3,WGS,D9,6,A16,B154,A16-B154,3,212,0.0141509433962264
TFMN4.exp2.ACN3788.concY_largeLib_PCR_DpnI_cleanup.3,WGS,D9,6,A176,B18,A176-B18,1,212,0.0047169811320754
TFMN4.exp2.ACN3788.concY_largeLib_PCR_DpnI_cleanup.3,WGS,D9,6,A186,B26,A186-B26,4,212,0.0188679245283018
TFMN4.exp2.ACN3788.concY_largeLib_PCR_DpnI_cleanup.3,WGS,D9,6,A186,B3,A186-B3,6,212,0.0283018867924528
TFMN4.exp2.ACN3788.concY_largeLib_PCR_DpnI_cleanup.3,WGS,D9,6,A196,B123,A196-B123,2,212,0.0094339622641509
TFMN4.exp2.ACN3788.concY_largeLib_PCR_DpnI_cleanup.3,WGS,D9,6,A196,B136,A196-B136,8,212,0.0377358490566037
TFMN4.exp2.ACN3788.concY_largeLib_PCR_DpnI_cleanup.3,WGS,D9,6,A196,B15,A196-B15,2,212,0.0094339622641509
TFMN4.exp2.ACN3788.concY_largeLib_PCR_DpnI_cleanup.3,WGS,D9,6,A196,B171,A196-B171,11,212,0.0518867924528301
TFMN4.exp2.ACN3788.concY_largeLib_PCR_DpnI_cleanup.3,WGS,D9,6,A196,B2,A196-B2,11,212,0.0518867924528301
TFMN4.exp2.ACN3788.concY_largeLib_PCR_DpnI_cleanup.3,WGS,D9,6,A196,B27,A196-B27,5,212,0.0235849056603773
TFMN4.exp2.ACN3788.concY_largeLib_PCR_DpnI_cleanup.3,WGS,D9,6,A196,B4,A196-B4,1,212,0.0047169811320754
TFMN4.exp2.ACN3788.concY_largeLib_PCR_DpnI_cleanup.3,WGS,D9,6,A196,B51,A196-B51,7,212,0.0330188679245283
TFMN4.exp2.ACN3788.concY_largeLib_PCR_DpnI_cleanup.3,WGS,D9,6,A196,B52,A196-B52,2,212,0.0094339622641509
TFMN4.exp2.ACN3788.concY_largeLib_PCR_DpnI_cleanup.3,WGS,D9,6,A196,B75,A196-B75,2,212,0.0094339622641509
TFMN4.exp2.ACN3788.concY_largeLib_PCR_DpnI_cleanup.3,WGS,D9,6,A196,B79,A196-B79,8,212,0.0377358490566037
TFMN4.exp2.ACN3788.concY_largeLib_PCR_DpnI_cleanup.3,WGS,D9,6,A196,B87,A196-B87,33,212,0.1556603773584905
TFMN4.exp2.ACN3788.concY_largeLib_PCR_DpnI_cleanup.3,WGS,D9,6,A20,B69,A20-B69,1,212,0.0047169811320754
TFMN4.exp2.ACN3788.concY_largeLib_PCR_DpnI_cleanup.3,WGS,D9,6,A20,B71,A20-B71,4,212,0.0188679245283018
TFMN4.exp2.ACN3788.concY_largeLib_PCR_DpnI_cleanup.3,WGS,D9,6,A21,B6,A21-B6,8,212,0.0377358490566037
TFMN4.exp2.ACN3788.concY_largeLib_PCR_DpnI_cleanup.3,WGS,D9,6,A63,B122,A63-B122,2,212,0.0094339622641509
TFMN4.exp2.ACN3788.concY_largeLib_PCR_DpnI_cleanup.3,WGS,D9,6,A63,B6,A63-B6,10,212,0.0471698113207547
TFMN4.exp2.ACN3788.concY_largeLib_PCR_DpnI_cleanup.3,WGS,D9,6,A78,B137,A78-B137,20,212,0.0943396226415094
TFMN4.exp2.ACN3788.concY_largeLib_PCR_DpnI_cleanup.3,WGS,D9,6,A78,B3,A78-B3,1,212,0.0047169811320754
TFMN4.exp2.ACN3788.concY_largeLib_PCR_DpnI_cleanup.3,WGS,D9,6,A78,B40,A78-B40,3,212,0.0141509433962264
TFMN4.exp2.ACN3788.concY_largeLib_PCR_DpnI_cleanup.3,WGS,D9,6,A78,B47,A78-B47,2,212,0.0094339622641509
TFMN4.exp2.ACN3788.concY_largeLib_PCR_DpnI_cleanup.3,WGS,D9,6,A81,B117,A81-B117,1,212,0.0047169811320754
TFMN4.exp2.ACN3788.concY_largeLib_PCR_DpnI_cleanup.3,WGS,D9,6,A81,B132,A81-B132,2,212,0.0094339622641509
TFMN4.exp2.ACN3788.concY_largeLib_PCR_DpnI_cleanup.3,WGS,D9,6,A81,B137,A81-B137,3,212,0.0141509433962264
TFMN4.exp2.ACN3788.concY_largeLib_PCR_DpnI_cleanup.3,WGS,D9,6,A81,B174,A81-B174,3,212,0.0141509433962264
TFMN4.exp2.ACN3788.concY_largeLib_PCR_DpnI_cleanup.3,WGS,D9,6,A81,B6,A81-B6,15,212,0.070754716981132
TFMN4.exp2.ACN3788.concY_largeLib_PCR_DpnI_cleanup.3,WGS,D9,6,A81,B91,A81-B91,1,212,0.0047169811320754
TFMN4.exp2.ACN3788.concY_largeLib_PCR_DpnI_cleanup.3,WGS,D9,6,A83,B137,A83-B137,1,212,0.0047169811320754
TFMN4.exp2.ACN3788.concY_largeLib_PCR_DpnI_cleanup.3,WGS,D9,6,A83,B138,A83-B138,3,212,0.0141509433962264
TFMN4.exp2.ACN3788.concY_largeLib_PCR_DpnI_cleanup.3,WGS,D9,6,A83,B84,A83-B84,3,212,0.0141509433962264
TFMN4.exp2.ACN3788.concY_largeLib_PCR_DpnI_cleanup.3,WGS,D9,6,A90,B6,A90-B6,1,212,0.0047169811320754
TFMN4.exp2.ACN3788.concY_largeLib_PCR_DpnI_cleanup.3,WGS,D9,6,A96,B132,A96-B132,1,212,0.0047169811320754
TFMN4.exp2.ACN3788.concY_largeLib_PCR_DpnI_cleanup.3,WGS,D9,6,A96,B27,A96-B27,4,212,0.0188679245283018
TFMN4.exp2.ACN3788.concY_largeLib_PCR_DpnI_cleanup.3,WGS,D9,6,A96,B75,A96-B75,1,212,0.0047169811320754
TFMN4.exp2.ACN3788.concY_largeLib_PCR_DpnI_cleanup.3,WGS,D9,13,A153,B6,A153-B6,29,161,0.1801242236024844
TFMN4.exp2.ACN3788.concY_largeLib_PCR_DpnI_cleanup.3,WGS,D9,13,A16,B137,A16-B137,2,161,0.0124223602484472
TFMN4.exp2.ACN3788.concY_largeLib_PCR_DpnI_cleanup.3,WGS,D9,13,A186,B26,A186-B26,2,161,0.0124223602484472
TFMN4.exp2.ACN3788.concY_largeLib_PCR_DpnI_cleanup.3,WGS,D9,13,A186,B3,A186-B3,1,161,0.0062111801242236
TFMN4.exp2.ACN3788.concY_largeLib_PCR_DpnI_cleanup.3,WGS,D9,13,A196,B164,A196-B164,1,161,0.0062111801242236
TFMN4.exp2.ACN3788.concY_largeLib_PCR_DpnI_cleanup.3,WGS,D9,13,A196,B2,A196-B2,5,161,0.031055900621118
TFMN4.exp2.ACN3788.concY_largeLib_PCR_DpnI_cleanup.3,WGS,D9,13,A196,B51,A196-B51,4,161,0.0248447204968944
TFMN4.exp2.ACN3788.concY_largeLib_PCR_DpnI_cleanup.3,WGS,D9,13,A196,B55,A196-B55,1,161,0.0062111801242236
TFMN4.exp2.ACN3788.concY_largeLib_PCR_DpnI_cleanup.3,WGS,D9,13,A196,B79,A196-B79,4,161,0.0248447204968944
TFMN4.exp2.ACN3788.concY_largeLib_PCR_DpnI_cleanup.3,WGS,D9,13,A196,B87,A196-B87,9,161,0.0559006211180124
TFMN4.exp2.ACN3788.concY_largeLib_PCR_DpnI_cleanup.3,WGS,D9,13,A20,B71,A20-B71,1,161,0.0062111801242236
TFMN4.exp2.ACN3788.concY_largeLib_PCR_DpnI_cleanup.3,WGS,D9,13,A21,B6,A21-B6,3,161,0.0186335403726708
TFMN4.exp2.ACN3788.concY_largeLib_PCR_DpnI_cleanup.3,WGS,D9,13,A63,B6,A63-B6,15,161,0.093167701863354
TFMN4.exp2.ACN3788.concY_largeLib_PCR_DpnI_cleanup.3,WGS,D9,13,A78,B137,A78-B137,11,161,0.0683229813664596
TFMN4.exp2.ACN3788.concY_largeLib_PCR_DpnI_cleanup.3,WGS,D9,13,A78,B159,A78-B159,1,161,0.0062111801242236
TFMN4.exp2.ACN3788.concY_largeLib_PCR_DpnI_cleanup.3,WGS,D9,13,A81,B117,A81-B117,3,161,0.0186335403726708
TFMN4.exp2.ACN3788.concY_largeLib_PCR_DpnI_cleanup.3,WGS,D9,13,A81,B132,A81-B132,1,161,0.0062111801242236
TFMN4.exp2.ACN3788.concY_largeLib_PCR_DpnI_cleanup.3,WGS,D9,13,A81,B137,A81-B137,2,161,0.0124223602484472
TFMN4.exp2.ACN3788.concY_largeLib_PCR_DpnI_cleanup.3,WGS,D9,13,A81,B6,A81-B6,48,161,0.2981366459627329
TFMN4.exp2.ACN3788.concY_largeLib_PCR_DpnI_cleanup.3,WGS,D9,13,A83,B134,A83-B134,1,161,0.0062111801242236
TFMN4.exp2.ACN3788.concY_largeLib_PCR_DpnI_cleanup.3,WGS,D9,13,A83,B138,A83-B138,4,161,0.0248447204968944
TFMN4.exp2.ACN3788.concY_largeLib_PCR_DpnI_cleanup.3,WGS,D9,13,A83,B6,A83-B6,1,161,0.0062111801242236
TFMN4.exp2.ACN3788.concY_largeLib_PCR_DpnI_cleanup.3,WGS,D9,13,A83,B84,A83-B84,4,161,0.0248447204968944
TFMN4.exp2.ACN3788.concY_largeLib_PCR_DpnI_cleanup.3,WGS,D9,13,A90,B18,A90-B18,4,161,0.0248447204968944
TFMN4.exp2.ACN3788.concY_largeLib_PCR_DpnI_cleanup.3,WGS,D9,13,A90,B6,A90-B6,1,161,0.0062111801242236
TFMN4.exp2.ACN3788.concY_largeLib_PCR_DpnI_cleanup.3,WGS,D9,13,A96,B26,A96-B26,3,161,0.0186335403726708
TFMN4.exp2.ACN3788.concY_largeLib_PCR_DpnI_cleanup.4,WGS,E9,3,A143,B130,A143-B130,2,150,0.0133333333333333
TFMN4.exp2.ACN3788.concY_largeLib_PCR_DpnI_cleanup.4,WGS,E9,3,A152,B15,A152-B15,3,150,0.02
TFMN4.exp2.ACN3788.concY_largeLib_PCR_DpnI_cleanup.4,WGS,E9,3,A152,B151,A152-B151,4,150,0.0266666666666666
TFMN4.exp2.ACN3788.concY_largeLib_PCR_DpnI_cleanup.4,WGS,E9,3,A152,B154,A152-B154,4,150,0.0266666666666666
TFMN4.exp2.ACN3788.concY_largeLib_PCR_DpnI_cleanup.4,WGS,E9,3,A152,B171,A152-B171,1,150,0.0066666666666666
TFMN4.exp2.ACN3788.concY_largeLib_PCR_DpnI_cleanup.4,WGS,E9,3,A152,B32,A152-B32,4,150,0.0266666666666666
TFMN4.exp2.ACN3788.concY_largeLib_PCR_DpnI_cleanup.4,WGS,E9,3,A152,B9,A152-B9,1,150,0.0066666666666666
TFMN4.exp2.ACN3788.concY_largeLib_PCR_DpnI_cleanup.4,WGS,E9,3,A153,B117,A153-B117,1,150,0.0066666666666666
TFMN4.exp2.ACN3788.concY_largeLib_PCR_DpnI_cleanup.4,WGS,E9,3,A153,B6,A153-B6,6,150,0.04
TFMN4.exp2.ACN3788.concY_largeLib_PCR_DpnI_cleanup.4,WGS,E9,3,A16,B101,A16-B101,1,150,0.0066666666666666
TFMN4.exp2.ACN3788.concY_largeLib_PCR_DpnI_cleanup.4,WGS,E9,3,A16,B117,A16-B117,11,150,0.0733333333333333
TFMN4.exp2.ACN3788.concY_largeLib_PCR_DpnI_cleanup.4,WGS,E9,3,A16,B12,A16-B12,1,150,0.0066666666666666
TFMN4.exp2.ACN3788.concY_largeLib_PCR_DpnI_cleanup.4,WGS,E9,3,A16,B51,A16-B51,4,150,0.0266666666666666
TFMN4.exp2.ACN3788.concY_largeLib_PCR_DpnI_cleanup.4,WGS,E9,3,A16,B75,A16-B75,2,150,0.0133333333333333
TFMN4.exp2.ACN3788.concY_largeLib_PCR_DpnI_cleanup.4,WGS,E9,3,A176,B101,A176-B101,1,150,0.0066666666666666
TFMN4.exp2.ACN3788.concY_largeLib_PCR_DpnI_cleanup.4,WGS,E9,3,A176,B103,A176-B103,1,150,0.0066666666666666
TFMN4.exp2.ACN3788.concY_largeLib_PCR_DpnI_cleanup.4,WGS,E9,3,A176,B30,A176-B30,1,150,0.0066666666666666
TFMN4.exp2.ACN3788.concY_largeLib_PCR_DpnI_cleanup.4,WGS,E9,3,A176,B6,A176-B6,1,150,0.0066666666666666
TFMN4.exp2.ACN3788.concY_largeLib_PCR_DpnI_cleanup.4,WGS,E9,3,A186,B137,A186-B137,1,150,0.0066666666666666
TFMN4.exp2.ACN3788.concY_largeLib_PCR_DpnI_cleanup.4,WGS,E9,3,A196,B103,A196-B103,2,150,0.0133333333333333
TFMN4.exp2.ACN3788.concY_largeLib_PCR_DpnI_cleanup.4,WGS,E9,3,A196,B136,A196-B136,3,150,0.02
TFMN4.exp2.ACN3788.concY_largeLib_PCR_DpnI_cleanup.4,WGS,E9,3,A196,B150,A196-B150,9,150,0.06
TFMN4.exp2.ACN3788.concY_largeLib_PCR_DpnI_cleanup.4,WGS,E9,3,A196,B165,A196-B165,1,150,0.0066666666666666
TFMN4.exp2.ACN3788.concY_largeLib_PCR_DpnI_cleanup.4,WGS,E9,3,A196,B171,A196-B171,9,150,0.06
TFMN4.exp2.ACN3788.concY_largeLib_PCR_DpnI_cleanup.4,WGS,E9,3,A196,B174,A196-B174,5,150,0.0333333333333333
TFMN4.exp2.ACN3788.concY_largeLib_PCR_DpnI_cleanup.4,WGS,E9,3,A196,B4,A196-B4,7,150,0.0466666666666666
TFMN4.exp2.ACN3788.concY_largeLib_PCR_DpnI_cleanup.4,WGS,E9,3,A196,B70,A196-B70,4,150,0.0266666666666666
TFMN4.exp2.ACN3788.concY_largeLib_PCR_DpnI_cleanup.4,WGS,E9,3,A196,B75,A196-B75,2,150,0.0133333333333333
TFMN4.exp2.ACN3788.concY_largeLib_PCR_DpnI_cleanup.4,WGS,E9,3,A196,B79,A196-B79,4,150,0.0266666666666666
TFMN4.exp2.ACN3788.concY_largeLib_PCR_DpnI_cleanup.4,WGS,E9,3,A196,B85,A196-B85,5,150,0.0333333333333333
TFMN4.exp2.ACN3788.concY_largeLib_PCR_DpnI_cleanup.4,WGS,E9,3,A196,B9,A196-B9,6,150,0.04
TFMN4.exp2.ACN3788.concY_largeLib_PCR_DpnI_cleanup.4,WGS,E9,3,A196,B98,A196-B98,5,150,0.0333333333333333
TFMN4.exp2.ACN3788.concY_largeLib_PCR_DpnI_cleanup.4,WGS,E9,3,A63,B117,A63-B117,1,150,0.0066666666666666
TFMN4.exp2.ACN3788.concY_largeLib_PCR_DpnI_cleanup.4,WGS,E9,3,A63,B2,A63-B2,2,150,0.0133333333333333
TFMN4.exp2.ACN3788.concY_largeLib_PCR_DpnI_cleanup.4,WGS,E9,3,A78,B117,A78-B117,3,150,0.02
TFMN4.exp2.ACN3788.concY_largeLib_PCR_DpnI_cleanup.4,WGS,E9,3,A78,B143,A78-B143,1,150,0.0066666666666666
TFMN4.exp2.ACN3788.concY_largeLib_PCR_DpnI_cleanup.4,WGS,E9,3,A78,B155,A78-B155,2,150,0.0133333333333333
TFMN4.exp2.ACN3788.concY_largeLib_PCR_DpnI_cleanup.4,WGS,E9,3,A78,B18,A78-B18,4,150,0.0266666666666666
TFMN4.exp2.ACN3788.concY_largeLib_PCR_DpnI_cleanup.4,WGS,E9,3,A78,B70,A78-B70,1,150,0.0066666666666666
TFMN4.exp2.ACN3788.concY_largeLib_PCR_DpnI_cleanup.4,WGS,E9,3,A81,B117,A81-B117,1,150,0.0066666666666666
TFMN4.exp2.ACN3788.concY_largeLib_PCR_DpnI_cleanup.4,WGS,E9,3,A81,B18,A81-B18,1,150,0.0066666666666666
TFMN4.exp2.ACN3788.concY_largeLib_PCR_DpnI_cleanup.4,WGS,E9,3,A81,B42,A81-B42,1,150,0.0066666666666666
TFMN4.exp2.ACN3788.concY_largeLib_PCR_DpnI_cleanup.4,WGS,E9,3,A81,B70,A81-B70,3,150,0.02
TFMN4.exp2.ACN3788.concY_largeLib_PCR_DpnI_cleanup.4,WGS,E9,3,A83,B101,A83-B101,3,150,0.02
TFMN4.exp2.ACN3788.concY_largeLib_PCR_DpnI_cleanup.4,WGS,E9,3,A83,B130,A83-B130,2,150,0.0133333333333333
TFMN4.exp2.ACN3788.concY_largeLib_PCR_DpnI_cleanup.4,WGS,E9,3,A83,B18,A83-B18,1,150,0.0066666666666666
TFMN4.exp2.ACN3788.concY_largeLib_PCR_DpnI_cleanup.4,WGS,E9,3,A90,B11,A90-B11,3,150,0.02
TFMN4.exp2.ACN3788.concY_largeLib_PCR_DpnI_cleanup.4,WGS,E9,3,A90,B123,A90-B123,1,150,0.0066666666666666
TFMN4.exp2.ACN3788.concY_largeLib_PCR_DpnI_cleanup.4,WGS,E9,3,A96,B101,A96-B101,2,150,0.0133333333333333
TFMN4.exp2.ACN3788.concY_largeLib_PCR_DpnI_cleanup.4,WGS,E9,3,A96,B75,A96-B75,3,150,0.02
TFMN4.exp2.ACN3788.concY_largeLib_PCR_DpnI_cleanup.4,WGS,E9,3,A96,B79,A96-B79,3,150,0.02
TFMN4.exp2.ACN3788.concY_largeLib_PCR_DpnI_cleanup.4,WGS,E9,4,A152,B151,A152-B151,3,267,0.0112359550561797
TFMN4.exp2.ACN3788.concY_largeLib_PCR_DpnI_cleanup.4,WGS,E9,4,A152,B154,A152-B154,1,267,0.0037453183520599
TFMN4.exp2.ACN3788.concY_largeLib_PCR_DpnI_cleanup.4,WGS,E9,4,A152,B171,A152-B171,1,267,0.0037453183520599
TFMN4.exp2.ACN3788.concY_largeLib_PCR_DpnI_cleanup.4,WGS,E9,4,A152,B2,A152-B2,1,267,0.0037453183520599
TFMN4.exp2.ACN3788.concY_largeLib_PCR_DpnI_cleanup.4,WGS,E9,4,A152,B32,A152-B32,1,267,0.0037453183520599
TFMN4.exp2.ACN3788.concY_largeLib_PCR_DpnI_cleanup.4,WGS,E9,4,A153,B101,A153-B101,2,267,0.0074906367041198
TFMN4.exp2.ACN3788.concY_largeLib_PCR_DpnI_cleanup.4,WGS,E9,4,A153,B117,A153-B117,3,267,0.0112359550561797
TFMN4.exp2.ACN3788.concY_largeLib_PCR_DpnI_cleanup.4,WGS,E9,4,A153,B165,A153-B165,2,267,0.0074906367041198
TFMN4.exp2.ACN3788.concY_largeLib_PCR_DpnI_cleanup.4,WGS,E9,4,A153,B6,A153-B6,8,267,0.0299625468164794
TFMN4.exp2.ACN3788.concY_largeLib_PCR_DpnI_cleanup.4,WGS,E9,4,A16,B51,A16-B51,7,267,0.0262172284644194
TFMN4.exp2.ACN3788.concY_largeLib_PCR_DpnI_cleanup.4,WGS,E9,4,A176,B101,A176-B101,1,267,0.0037453183520599
TFMN4.exp2.ACN3788.concY_largeLib_PCR_DpnI_cleanup.4,WGS,E9,4,A176,B30,A176-B30,4,267,0.0149812734082397
TFMN4.exp2.ACN3788.concY_largeLib_PCR_DpnI_cleanup.4,WGS,E9,4,A176,B6,A176-B6,4,267,0.0149812734082397
TFMN4.exp2.ACN3788.concY_largeLib_PCR_DpnI_cleanup.4,WGS,E9,4,A196,B103,A196-B103,6,267,0.0224719101123595
TFMN4.exp2.ACN3788.concY_largeLib_PCR_DpnI_cleanup.4,WGS,E9,4,A196,B117,A196-B117,1,267,0.0037453183520599
TFMN4.exp2.ACN3788.concY_largeLib_PCR_DpnI_cleanup.4,WGS,E9,4,A196,B136,A196-B136,3,267,0.0112359550561797
TFMN4.exp2.ACN3788.concY_largeLib_PCR_DpnI_cleanup.4,WGS,E9,4,A196,B147,A196-B147,6,267,0.0224719101123595
TFMN4.exp2.ACN3788.concY_largeLib_PCR_DpnI_cleanup.4,WGS,E9,4,A196,B150,A196-B150,10,267,0.0374531835205992
TFMN4.exp2.ACN3788.concY_largeLib_PCR_DpnI_cleanup.4,WGS,E9,4,A196,B171,A196-B171,5,267,0.0187265917602996
TFMN4.exp2.ACN3788.concY_largeLib_PCR_DpnI_cleanup.4,WGS,E9,4,A196,B174,A196-B174,11,267,0.0411985018726591
TFMN4.exp2.ACN3788.concY_largeLib_PCR_DpnI_cleanup.4,WGS,E9,4,A196,B4,A196-B4,77,267,0.2883895131086142
TFMN4.exp2.ACN3788.concY_largeLib_PCR_DpnI_cleanup.4,WGS,E9,4,A196,B6,A196-B6,15,267,0.0561797752808988
TFMN4.exp2.ACN3788.concY_largeLib_PCR_DpnI_cleanup.4,WGS,E9,4,A196,B65,A196-B65,3,267,0.0112359550561797
TFMN4.exp2.ACN3788.concY_largeLib_PCR_DpnI_cleanup.4,WGS,E9,4,A196,B70,A196-B70,2,267,0.0074906367041198
TFMN4.exp2.ACN3788.concY_largeLib_PCR_DpnI_cleanup.4,WGS,E9,4,A196,B75,A196-B75,12,267,0.0449438202247191
TFMN4.exp2.ACN3788.concY_largeLib_PCR_DpnI_cleanup.4,WGS,E9,4,A196,B79,A196-B79,14,267,0.0524344569288389
TFMN4.exp2.ACN3788.concY_largeLib_PCR_DpnI_cleanup.4,WGS,E9,4,A196,B85,A196-B85,8,267,0.0299625468164794
TFMN4.exp2.ACN3788.concY_largeLib_PCR_DpnI_cleanup.4,WGS,E9,4,A196,B9,A196-B9,14,267,0.0524344569288389
TFMN4.exp2.ACN3788.concY_largeLib_PCR_DpnI_cleanup.4,WGS,E9,4,A196,B98,A196-B98,4,267,0.0149812734082397
TFMN4.exp2.ACN3788.concY_largeLib_PCR_DpnI_cleanup.4,WGS,E9,4,A63,B117,A63-B117,5,267,0.0187265917602996
TFMN4.exp2.ACN3788.concY_largeLib_PCR_DpnI_cleanup.4,WGS,E9,4,A63,B18,A63-B18,1,267,0.0037453183520599
TFMN4.exp2.ACN3788.concY_largeLib_PCR_DpnI_cleanup.4,WGS,E9,4,A78,B101,A78-B101,2,267,0.0074906367041198
TFMN4.exp2.ACN3788.concY_largeLib_PCR_DpnI_cleanup.4,WGS,E9,4,A78,B117,A78-B117,5,267,0.0187265917602996
TFMN4.exp2.ACN3788.concY_largeLib_PCR_DpnI_cleanup.4,WGS,E9,4,A78,B144,A78-B144,1,267,0.0037453183520599
TFMN4.exp2.ACN3788.concY_largeLib_PCR_DpnI_cleanup.4,WGS,E9,4,A78,B70,A78-B70,2,267,0.0074906367041198
TFMN4.exp2.ACN3788.concY_largeLib_PCR_DpnI_cleanup.4,WGS,E9,4,A81,B117,A81-B117,1,267,0.0037453183520599
TFMN4.exp2.ACN3788.concY_largeLib_PCR_DpnI_cleanup.4,WGS,E9,4,A81,B18,A81-B18,3,267,0.0112359550561797
TFMN4.exp2.ACN3788.concY_largeLib_PCR_DpnI_cleanup.4,WGS,E9,4,A81,B30,A81-B30,5,267,0.0187265917602996
TFMN4.exp2.ACN3788.concY_largeLib_PCR_DpnI_cleanup.4,WGS,E9,4,A81,B87,A81-B87,1,267,0.0037453183520599
TFMN4.exp2.ACN3788.concY_largeLib_PCR_DpnI_cleanup.4,WGS,E9,4,A83,B18,A83-B18,3,267,0.0112359550561797
TFMN4.exp2.ACN3788.concY_largeLib_PCR_DpnI_cleanup.4,WGS,E9,4,A96,B75,A96-B75,5,267,0.0187265917602996
TFMN4.exp2.ACN3788.concY_largeLib_PCR_DpnI_cleanup.4,WGS,E9,4,A96,B79,A96-B79,4,267,0.0149812734082397
TFMN4.exp2.ACN3788.concY_largeLib_PCR_DpnI_cleanup.4,WGS,E9,6,A153,B6,A153-B6,1,173,0.0057803468208092
TFMN4.exp2.ACN3788.concY_largeLib_PCR_DpnI_cleanup.4,WGS,E9,6,A196,B117,A196-B117,2,173,0.0115606936416184
TFMN4.exp2.ACN3788.concY_largeLib_PCR_DpnI_cleanup.4,WGS,E9,6,A196,B4,A196-B4,150,173,0.8670520231213873
TFMN4.exp2.ACN3788.concY_largeLib_PCR_DpnI_cleanup.4,WGS,E9,6,A196,B52,A196-B52,1,173,0.0057803468208092
TFMN4.exp2.ACN3788.concY_largeLib_PCR_DpnI_cleanup.4,WGS,E9,6,A196,B6,A196-B6,7,173,0.0404624277456647
TFMN4.exp2.ACN3788.concY_largeLib_PCR_DpnI_cleanup.4,WGS,E9,6,A196,B70,A196-B70,1,173,0.0057803468208092
TFMN4.exp2.ACN3788.concY_largeLib_PCR_DpnI_cleanup.4,WGS,E9,6,A196,B85,A196-B85,2,173,0.0115606936416184
TFMN4.exp2.ACN3788.concY_largeLib_PCR_DpnI_cleanup.4,WGS,E9,6,A196,B9,A196-B9,2,173,0.0115606936416184
TFMN4.exp2.ACN3788.concY_largeLib_PCR_DpnI_cleanup.4,WGS,E9,6,A63,B26,A63-B26,1,173,0.0057803468208092
TFMN4.exp2.ACN3788.concY_largeLib_PCR_DpnI_cleanup.4,WGS,E9,6,A81,B30,A81-B30,2,173,0.0115606936416184
TFMN4.exp2.ACN3788.concY_largeLib_PCR_DpnI_cleanup.4,WGS,E9,6,A83,B101,A83-B101,3,173,0.0173410404624277
TFMN4.exp2.ACN3788.concY_largeLib_PCR_DpnI_cleanup.4,WGS,E9,6,A96,B6,A96-B6,1,173,0.0057803468208092
TFMN4.exp2.ACN3788.concY_largeLib_PCR_DpnI_cleanup.4,WGS,E9,13,A176,B30,A176-B30,2,244,0.0081967213114754
TFMN4.exp2.ACN3788.concY_largeLib_PCR_DpnI_cleanup.4,WGS,E9,13,A196,B4,A196-B4,240,244,0.9836065573770492
TFMN4.exp2.ACN3788.concY_largeLib_PCR_DpnI_cleanup.4,WGS,E9,13,A81,B12,A81-B12,2,244,0.0081967213114754
B4_M_bcfr,amplicon,B4,3,A132,B117,A132-B117,1,3894,0.0002568053415511
B4_M_bcfr,amplicon,B4,3,A132,B171,A132-B171,1,3894,0.0002568053415511
B4_M_bcfr,amplicon,B4,3,A143,B145,A143-B145,1,3894,0.0002568053415511
B4_M_bcfr,amplicon,B4,3,A143,B77,A143-B77,1,3894,0.0002568053415511
B4_M_bcfr,amplicon,B4,3,A143,B84,A143-B84,375,3894,0.0963020030816641
B4_M_bcfr,amplicon,B4,3,A147,B6,A147-B6,1,3894,0.0002568053415511
B4_M_bcfr,amplicon,B4,3,A15,B84,A15-B84,1,3894,0.0002568053415511
B4_M_bcfr,amplicon,B4,3,A152,B100,A152-B100,9,3894,0.0023112480739599
B4_M_bcfr,amplicon,B4,3,A152,B110,A152-B110,3,3894,0.0007704160246533
B4_M_bcfr,amplicon,B4,3,A152,B149,A152-B149,2,3894,0.0005136106831022
B4_M_bcfr,amplicon,B4,3,A152,B151,A152-B151,23,3894,0.0059065228556753
B4_M_bcfr,amplicon,B4,3,A153,B30,A153-B30,49,3894,0.0125834617360041
B4_M_bcfr,amplicon,B4,3,A153,B6,A153-B6,36,3894,0.0092449922958397
B4_M_bcfr,amplicon,B4,3,A153,B8,A153-B8,1,3894,0.0002568053415511
B4_M_bcfr,amplicon,B4,3,A159,B24,A159-B24,2,3894,0.0005136106831022
B4_M_bcfr,amplicon,B4,3,A159,B49,A159-B49,5,3894,0.0012840267077555
B4_M_bcfr,amplicon,B4,3,A159,B77,A159-B77,9,3894,0.0023112480739599
B4_M_bcfr,amplicon,B4,3,A162,B137,A162-B137,3,3894,0.0007704160246533
B4_M_bcfr,amplicon,B4,3,A176,B120,A176-B120,1,3894,0.0002568053415511
B4_M_bcfr,amplicon,B4,3,A176,B132,A176-B132,1,3894,0.0002568053415511
B4_M_bcfr,amplicon,B4,3,A186,B115,A186-B115,1,3894,0.0002568053415511
B4_M_bcfr,amplicon,B4,3,A186,B143,A186-B143,2,3894,0.0005136106831022
B4_M_bcfr,amplicon,B4,3,A186,B30,A186-B30,5,3894,0.0012840267077555
B4_M_bcfr,amplicon,B4,3,A186,B75,A186-B75,1,3894,0.0002568053415511
B4_M_bcfr,amplicon,B4,3,A186,B79,A186-B79,16,3894,0.0041088854648176
B4_M_bcfr,amplicon,B4,3,A191,B84,A191-B84,1,3894,0.0002568053415511
B4_M_bcfr,amplicon,B4,3,A196,B117,A196-B117,257,3894,0.0659989727786338
B4_M_bcfr,amplicon,B4,3,A196,B120,A196-B120,1,3894,0.0002568053415511
B4_M_bcfr,amplicon,B4,3,A196,B122,A196-B122,10,3894,0.002568053415511
B4_M_bcfr,amplicon,B4,3,A196,B123,A196-B123,4,3894,0.0010272213662044
B4_M_bcfr,amplicon,B4,3,A196,B15,A196-B15,49,3894,0.0125834617360041
B4_M_bcfr,amplicon,B4,3,A196,B150,A196-B150,13,3894,0.0033384694401643
B4_M_bcfr,amplicon,B4,3,A196,B163,A196-B163,1,3894,0.0002568053415511
B4_M_bcfr,amplicon,B4,3,A196,B171,A196-B171,62,3894,0.0159219311761684
B4_M_bcfr,amplicon,B4,3,A196,B19,A196-B19,1,3894,0.0002568053415511
B4_M_bcfr,amplicon,B4,3,A196,B2,A196-B2,38,3894,0.0097586029789419
B4_M_bcfr,amplicon,B4,3,A196,B23,A196-B23,1,3894,0.0002568053415511
B4_M_bcfr,amplicon,B4,3,A196,B27,A196-B27,106,3894,0.027221366204417
B4_M_bcfr,amplicon,B4,3,A196,B30,A196-B30,13,3894,0.0033384694401643
B4_M_bcfr,amplicon,B4,3,A196,B59,A196-B59,120,3894,0.0308166409861325
B4_M_bcfr,amplicon,B4,3,A196,B6,A196-B6,2,3894,0.0005136106831022
B4_M_bcfr,amplicon,B4,3,A196,B75,A196-B75,2,3894,0.0005136106831022
B4_M_bcfr,amplicon,B4,3,A196,B8,A196-B8,12,3894,0.0030816640986132
B4_M_bcfr,amplicon,B4,3,A196,B85,A196-B85,2,3894,0.0005136106831022
B4_M_bcfr,amplicon,B4,3,A196,B86,A196-B86,2,3894,0.0005136106831022
B4_M_bcfr,amplicon,B4,3,A196,B87,A196-B87,276,3894,0.0708782742681047
B4_M_bcfr,amplicon,B4,3,A20,B178,A20-B178,4,3894,0.0010272213662044
B4_M_bcfr,amplicon,B4,3,A20,B30,A20-B30,6,3894,0.0015408320493066
B4_M_bcfr,amplicon,B4,3,A20,B8,A20-B8,1,3894,0.0002568053415511
B4_M_bcfr,amplicon,B4,3,A20,B84,A20-B84,3,3894,0.0007704160246533
B4_M_bcfr,amplicon,B4,3,A23,B151,A23-B151,1,3894,0.0002568053415511
B4_M_bcfr,amplicon,B4,3,A23,B87,A23-B87,1,3894,0.0002568053415511
B4_M_bcfr,amplicon,B4,3,A25,B30,A25-B30,1,3894,0.0002568053415511
B4_M_bcfr,amplicon,B4,3,A4,B171,A4-B171,1,3894,0.0002568053415511
B4_M_bcfr,amplicon,B4,3,A60,B151,A60-B151,1,3894,0.0002568053415511
B4_M_bcfr,amplicon,B4,3,A63,B147,A63-B147,1,3894,0.0002568053415511
B4_M_bcfr,amplicon,B4,3,A63,B151,A63-B151,14,3894,0.0035952747817154
B4_M_bcfr,amplicon,B4,3,A63,B23,A63-B23,1,3894,0.0002568053415511
B4_M_bcfr,amplicon,B4,3,A63,B75,A63-B75,1,3894,0.0002568053415511
B4_M_bcfr,amplicon,B4,3,A68,B27,A68-B27,1,3894,0.0002568053415511
B4_M_bcfr,amplicon,B4,3,A74,B23,A74-B23,1,3894,0.0002568053415511
B4_M_bcfr,amplicon,B4,3,A78,B103,A78-B103,1,3894,0.0002568053415511
B4_M_bcfr,amplicon,B4,3,A78,B137,A78-B137,230,3894,0.0590652285567539
B4_M_bcfr,amplicon,B4,3,A78,B142,A78-B142,1,3894,0.0002568053415511
B4_M_bcfr,amplicon,B4,3,A78,B150,A78-B150,2,3894,0.0005136106831022
B4_M_bcfr,amplicon,B4,3,A78,B151,A78-B151,151,3894,0.0387776065742167
B4_M_bcfr,amplicon,B4,3,A78,B171,A78-B171,3,3894,0.0007704160246533
B4_M_bcfr,amplicon,B4,3,A78,B23,A78-B23,1,3894,0.0002568053415511
B4_M_bcfr,amplicon,B4,3,A78,B26,A78-B26,7,3894,0.0017976373908577
B4_M_bcfr,amplicon,B4,3,A78,B70,A78-B70,10,3894,0.002568053415511
B4_M_bcfr,amplicon,B4,3,A78,B77,A78-B77,475,3894,0.1219825372367745
B4_M_bcfr,amplicon,B4,3,A78,B84,A78-B84,61,3894,0.0156651258346173
B4_M_bcfr,amplicon,B4,3,A78,B9,A78-B9,1,3894,0.0002568053415511
B4_M_bcfr,amplicon,B4,3,A78,B93,A78-B93,1,3894,0.0002568053415511
B4_M_bcfr,amplicon,B4,3,A78,B97,A78-B97,1,3894,0.0002568053415511
B4_M_bcfr,amplicon,B4,3,A81,B12,A81-B12,3,3894,0.0007704160246533
B4_M_bcfr,amplicon,B4,3,A81,B132,A81-B132,78,3894,0.0200308166409861
B4_M_bcfr,amplicon,B4,3,A81,B137,A81-B137,1,3894,0.0002568053415511
B4_M_bcfr,amplicon,B4,3,A81,B140,A81-B140,14,3894,0.0035952747817154
B4_M_bcfr,amplicon,B4,3,A81,B15,A81-B15,1,3894,0.0002568053415511
B4_M_bcfr,amplicon,B4,3,A81,B171,A81-B171,6,3894,0.0015408320493066
B4_M_bcfr,amplicon,B4,3,A81,B18,A81-B18,31,3894,0.0079609655880842
B4_M_bcfr,amplicon,B4,3,A81,B27,A81-B27,33,3894,0.0084745762711864
B4_M_bcfr,amplicon,B4,3,A81,B3,A81-B3,5,3894,0.0012840267077555
B4_M_bcfr,amplicon,B4,3,A81,B4,A81-B4,2,3894,0.0005136106831022
B4_M_bcfr,amplicon,B4,3,A81,B40,A81-B40,10,3894,0.002568053415511
B4_M_bcfr,amplicon,B4,3,A81,B42,A81-B42,3,3894,0.0007704160246533
B4_M_bcfr,amplicon,B4,3,A81,B5,A81-B5,1,3894,0.0002568053415511
B4_M_bcfr,amplicon,B4,3,A81,B51,A81-B51,6,3894,0.0015408320493066
B4_M_bcfr,amplicon,B4,3,A81,B65,A81-B65,5,3894,0.0012840267077555
B4_M_bcfr,amplicon,B4,3,A81,B75,A81-B75,17,3894,0.0043656908063687
B4_M_bcfr,amplicon,B4,3,A81,B77,A81-B77,1,3894,0.0002568053415511
B4_M_bcfr,amplicon,B4,3,A81,B8,A81-B8,1010,3894,0.2593733949666153
B4_M_bcfr,amplicon,B4,3,A81,B84,A81-B84,18,3894,0.0046224961479198
B4_M_bcfr,amplicon,B4,3,A83,B50,A83-B50,10,3894,0.002568053415511
B4_M_bcfr,amplicon,B4,3,A89,B119,A89-B119,1,3894,0.0002568053415511
B4_M_bcfr,amplicon,B4,3,A90,B119,A90-B119,9,3894,0.0023112480739599
B4_M_bcfr,amplicon,B4,3,A90,B120,A90-B120,28,3894,0.0071905495634309
B4_M_bcfr,amplicon,B4,3,A90,B145,A90-B145,20,3894,0.005136106831022
B4_M_bcfr,amplicon,B4,3,A90,B151,A90-B151,31,3894,0.0079609655880842
B4_M_bcfr,amplicon,B4,3,A90,B154,A90-B154,3,3894,0.0007704160246533
B4_M_bcfr,amplicon,B4,3,A90,B155,A90-B155,19,3894,0.0048793014894709
B4_M_bcfr,amplicon,B4,3,A90,B159,A90-B159,3,3894,0.0007704160246533
B4_M_bcfr,amplicon,B4,3,A90,B18,A90-B18,1,3894,0.0002568053415511
B4_M_bcfr,amplicon,B4,3,A90,B47,A90-B47,2,3894,0.0005136106831022
B4_M_bcfr,amplicon,B4,3,A90,B59,A90-B59,3,3894,0.0007704160246533
B4_M_bcfr,amplicon,B4,3,A90,B84,A90-B84,1,3894,0.0002568053415511
B4_M_bcfr,amplicon,B4,3,A96,B140,A96-B140,2,3894,0.0005136106831022
B4_M_bcfr,amplicon,B4,3,A96,B75,A96-B75,3,3894,0.0007704160246533
B4_M_bcfr,amplicon,B4,3,A96,B79,A96-B79,4,3894,0.0010272213662044
B4_M_bcfr,amplicon,B4,3,A96,B87,A96-B87,2,3894,0.0005136106831022
B4_M_bcfr,amplicon,B4,3,A98,B77,A98-B77,1,3894,0.0002568053415511
B4_M_bcfr,amplicon,B4,4,A1,B87,A1-B87,1,4139,0.0002416042522348
B4_M_bcfr,amplicon,B4,4,A135,B84,A135-B84,3,4139,0.0007248127567045
B4_M_bcfr,amplicon,B4,4,A143,B148,A143-B148,1,4139,0.0002416042522348
B4_M_bcfr,amplicon,B4,4,A143,B84,A143-B84,845,4139,0.2041555931384392
B4_M_bcfr,amplicon,B4,4,A143,B93,A143-B93,2,4139,0.0004832085044696
B4_M_bcfr,amplicon,B4,4,A145,B8,A145-B8,1,4139,0.0002416042522348
B4_M_bcfr,amplicon,B4,4,A151,B19,A151-B19,1,4139,0.0002416042522348
B4_M_bcfr,amplicon,B4,4,A152,B100,A152-B100,19,4139,0.0045904807924619
B4_M_bcfr,amplicon,B4,4,A152,B151,A152-B151,7,4139,0.0016912297656438
B4_M_bcfr,amplicon,B4,4,A153,B30,A153-B30,42,4139,0.0101473785938632
B4_M_bcfr,amplicon,B4,4,A153,B6,A153-B6,30,4139,0.0072481275670451
B4_M_bcfr,amplicon,B4,4,A159,B24,A159-B24,1,4139,0.0002416042522348
B4_M_bcfr,amplicon,B4,4,A159,B49,A159-B49,1,4139,0.0002416042522348
B4_M_bcfr,amplicon,B4,4,A159,B77,A159-B77,9,4139,0.0021744382701135
B4_M_bcfr,amplicon,B4,4,A176,B104,A176-B104,1,4139,0.0002416042522348
B4_M_bcfr,amplicon,B4,4,A176,B119,A176-B119,1,4139,0.0002416042522348
B4_M_bcfr,amplicon,B4,4,A186,B30,A186-B30,3,4139,0.0007248127567045
B4_M_bcfr,amplicon,B4,4,A186,B79,A186-B79,10,4139,0.0024160425223483
B4_M_bcfr,amplicon,B4,4,A191,B84,A191-B84,1,4139,0.0002416042522348
B4_M_bcfr,amplicon,B4,4,A193,B77,A193-B77,1,4139,0.0002416042522348
B4_M_bcfr,amplicon,B4,4,A196,B107,A196-B107,1,4139,0.0002416042522348
B4_M_bcfr,amplicon,B4,4,A196,B117,A196-B117,236,4139,0.057018603527422
B4_M_bcfr,amplicon,B4,4,A196,B122,A196-B122,7,4139,0.0016912297656438
B4_M_bcfr,amplicon,B4,4,A196,B123,A196-B123,10,4139,0.0024160425223483
B4_M_bcfr,amplicon,B4,4,A196,B139,A196-B139,1,4139,0.0002416042522348
B4_M_bcfr,amplicon,B4,4,A196,B15,A196-B15,29,4139,0.0070065233148103
B4_M_bcfr,amplicon,B4,4,A196,B150,A196-B150,17,4139,0.0041072722879922
B4_M_bcfr,amplicon,B4,4,A196,B151,A196-B151,1,4139,0.0002416042522348
B4_M_bcfr,amplicon,B4,4,A196,B171,A196-B171,60,4139,0.0144962551340903
B4_M_bcfr,amplicon,B4,4,A196,B2,A196-B2,32,4139,0.0077313360715148
B4_M_bcfr,amplicon,B4,4,A196,B27,A196-B27,84,4139,0.0202947571877265
B4_M_bcfr,amplicon,B4,4,A196,B30,A196-B30,13,4139,0.0031408552790529
B4_M_bcfr,amplicon,B4,4,A196,B39,A196-B39,1,4139,0.0002416042522348
B4_M_bcfr,amplicon,B4,4,A196,B59,A196-B59,124,4139,0.02995892727712
B4_M_bcfr,amplicon,B4,4,A196,B6,A196-B6,4,4139,0.0009664170089393
B4_M_bcfr,amplicon,B4,4,A196,B75,A196-B75,1,4139,0.0002416042522348
B4_M_bcfr,amplicon,B4,4,A196,B8,A196-B8,11,4139,0.0026576467745832
B4_M_bcfr,amplicon,B4,4,A196,B85,A196-B85,1,4139,0.0002416042522348
B4_M_bcfr,amplicon,B4,4,A196,B86,A196-B86,1,4139,0.0002416042522348
B4_M_bcfr,amplicon,B4,4,A196,B87,A196-B87,226,4139,0.0546025610050736
B4_M_bcfr,amplicon,B4,4,A20,B178,A20-B178,1,4139,0.0002416042522348
B4_M_bcfr,amplicon,B4,4,A20,B30,A20-B30,5,4139,0.0012080212611741
B4_M_bcfr,amplicon,B4,4,A20,B60,A20-B60,1,4139,0.0002416042522348
B4_M_bcfr,amplicon,B4,4,A20,B84,A20-B84,2,4139,0.0004832085044696
B4_M_bcfr,amplicon,B4,4,A63,B117,A63-B117,1,4139,0.0002416042522348
B4_M_bcfr,amplicon,B4,4,A63,B151,A63-B151,9,4139,0.0021744382701135
B4_M_bcfr,amplicon,B4,4,A78,B103,A78-B103,2,4139,0.0004832085044696
B4_M_bcfr,amplicon,B4,4,A78,B109,A78-B109,1,4139,0.0002416042522348
B4_M_bcfr,amplicon,B4,4,A78,B137,A78-B137,159,4139,0.0384150761053394
B4_M_bcfr,amplicon,B4,4,A78,B150,A78-B150,3,4139,0.0007248127567045
B4_M_bcfr,amplicon,B4,4,A78,B151,A78-B151,96,4139,0.0231940082145445
B4_M_bcfr,amplicon,B4,4,A78,B171,A78-B171,2,4139,0.0004832085044696
B4_M_bcfr,amplicon,B4,4,A78,B26,A78-B26,3,4139,0.0007248127567045
B4_M_bcfr,amplicon,B4,4,A78,B68,A78-B68,1,4139,0.0002416042522348
B4_M_bcfr,amplicon,B4,4,A78,B70,A78-B70,4,4139,0.0009664170089393
B4_M_bcfr,amplicon,B4,4,A78,B73,A78-B73,1,4139,0.0002416042522348
B4_M_bcfr,amplicon,B4,4,A78,B77,A78-B77,319,4139,0.0770717564629137
B4_M_bcfr,amplicon,B4,4,A78,B84,A78-B84,39,4139,0.0094225658371587
B4_M_bcfr,amplicon,B4,4,A81,B12,A81-B12,4,4139,0.0009664170089393
B4_M_bcfr,amplicon,B4,4,A81,B132,A81-B132,31,4139,0.00748973181928
B4_M_bcfr,amplicon,B4,4,A81,B136,A81-B136,1,4139,0.0002416042522348
B4_M_bcfr,amplicon,B4,4,A81,B140,A81-B140,1,4139,0.0002416042522348
B4_M_bcfr,amplicon,B4,4,A81,B18,A81-B18,8,4139,0.0019328340178787
B4_M_bcfr,amplicon,B4,4,A81,B27,A81-B27,20,4139,0.0048320850446967
B4_M_bcfr,amplicon,B4,4,A81,B40,A81-B40,10,4139,0.0024160425223483
B4_M_bcfr,amplicon,B4,4,A81,B42,A81-B42,4,4139,0.0009664170089393
B4_M_bcfr,amplicon,B4,4,A81,B51,A81-B51,1,4139,0.0002416042522348
B4_M_bcfr,amplicon,B4,4,A81,B65,A81-B65,4,4139,0.0009664170089393
B4_M_bcfr,amplicon,B4,4,A81,B75,A81-B75,14,4139,0.0033824595312877
B4_M_bcfr,amplicon,B4,4,A81,B8,A81-B8,1452,4139,0.3508093742449867
B4_M_bcfr,amplicon,B4,4,A81,B84,A81-B84,16,4139,0.0038656680357574
B4_M_bcfr,amplicon,B4,4,A83,B137,A83-B137,1,4139,0.0002416042522348
B4_M_bcfr,amplicon,B4,4,A83,B50,A83-B50,3,4139,0.0007248127567045
B4_M_bcfr,amplicon,B4,4,A90,B119,A90-B119,1,4139,0.0002416042522348
B4_M_bcfr,amplicon,B4,4,A90,B120,A90-B120,20,4139,0.0048320850446967
B4_M_bcfr,amplicon,B4,4,A90,B145,A90-B145,7,4139,0.0016912297656438
B4_M_bcfr,amplicon,B4,4,A90,B151,A90-B151,27,4139,0.0065233148103406
B4_M_bcfr,amplicon,B4,4,A90,B154,A90-B154,1,4139,0.0002416042522348
B4_M_bcfr,amplicon,B4,4,A90,B155,A90-B155,5,4139,0.0012080212611741
B4_M_bcfr,amplicon,B4,4,A90,B18,A90-B18,3,4139,0.0007248127567045
B4_M_bcfr,amplicon,B4,4,A90,B26,A90-B26,1,4139,0.0002416042522348
B4_M_bcfr,amplicon,B4,4,A90,B47,A90-B47,3,4139,0.0007248127567045
B4_M_bcfr,amplicon,B4,4,A90,B59,A90-B59,1,4139,0.0002416042522348
B4_M_bcfr,amplicon,B4,4,A90,B84,A90-B84,2,4139,0.0004832085044696
B4_M_bcfr,amplicon,B4,4,A93,B8,A93-B8,1,4139,0.0002416042522348
B4_M_bcfr,amplicon,B4,4,A96,B140,A96-B140,3,4139,0.0007248127567045
B4_M_bcfr,amplicon,B4,4,A96,B75,A96-B75,2,4139,0.0004832085044696
B4_M_bcfr,amplicon,B4,4,A96,B79,A96-B79,2,4139,0.0004832085044696
B4_M_bcfr,amplicon,B4,4,A96,B87,A96-B87,1,4139,0.0002416042522348
B4_M_bcfr,amplicon,B4,13,A113,B8,A113-B8,1,3809,0.0002625360987135
B4_M_bcfr,amplicon,B4,13,A122,B79,A122-B79,1,3809,0.0002625360987135
B4_M_bcfr,amplicon,B4,13,A143,B76,A143-B76,1,3809,0.0002625360987135
B4_M_bcfr,amplicon,B4,13,A143,B8,A143-B8,1,3809,0.0002625360987135
B4_M_bcfr,amplicon,B4,13,A143,B84,A143-B84,442,3809,0.1160409556313993
B4_M_bcfr,amplicon,B4,13,A143,B89,A143-B89,1,3809,0.0002625360987135
B4_M_bcfr,amplicon,B4,13,A143,B92,A143-B92,2,3809,0.0005250721974271
B4_M_bcfr,amplicon,B4,13,A15,B84,A15-B84,1,3809,0.0002625360987135
B4_M_bcfr,amplicon,B4,13,A152,B100,A152-B100,2,3809,0.0005250721974271
B4_M_bcfr,amplicon,B4,13,A186,B111,A186-B111,1,3809,0.0002625360987135
B4_M_bcfr,amplicon,B4,13,A186,B148,A186-B148,1,3809,0.0002625360987135
B4_M_bcfr,amplicon,B4,13,A186,B15,A186-B15,1,3809,0.0002625360987135
B4_M_bcfr,amplicon,B4,13,A186,B79,A186-B79,759,3809,0.199264898923602
B4_M_bcfr,amplicon,B4,13,A186,B99,A186-B99,1,3809,0.0002625360987135
B4_M_bcfr,amplicon,B4,13,A196,B117,A196-B117,1,3809,0.0002625360987135
B4_M_bcfr,amplicon,B4,13,A196,B59,A196-B59,1,3809,0.0002625360987135
B4_M_bcfr,amplicon,B4,13,A78,B150,A78-B150,1,3809,0.0002625360987135
B4_M_bcfr,amplicon,B4,13,A78,B151,A78-B151,15,3809,0.0039380414807035
B4_M_bcfr,amplicon,B4,13,A78,B155,A78-B155,1,3809,0.0002625360987135
B4_M_bcfr,amplicon,B4,13,A78,B77,A78-B77,13,3809,0.0034129692832764
B4_M_bcfr,amplicon,B4,13,A78,B84,A78-B84,1,3809,0.0002625360987135
B4_M_bcfr,amplicon,B4,13,A81,B132,A81-B132,20,3809,0.0052507219742714
B4_M_bcfr,amplicon,B4,13,A81,B27,A81-B27,1,3809,0.0002625360987135
B4_M_bcfr,amplicon,B4,13,A81,B3,A81-B3,3,3809,0.0007876082961407
B4_M_bcfr,amplicon,B4,13,A81,B8,A81-B8,2533,3809,0.6650039380414807
B4_M_bcfr,amplicon,B4,13,A82,B77,A82-B77,1,3809,0.0002625360987135
B4_M_bcfr,amplicon,B4,13,A90,B151,A90-B151,1,3809,0.0002625360987135
B4_M_bcfr,amplicon,B4,13,A93,B8,A93-B8,2,3809,0.0005250721974271
B4_M_fbcr,amplicon,B4,3,A115,B84,A115-B84,1,4636,0.0002157031924072
B4_M_fbcr,amplicon,B4,3,A132,B15,A132-B15,1,4636,0.0002157031924072
B4_M_fbcr,amplicon,B4,3,A143,B8,A143-B8,1,4636,0.0002157031924072
B4_M_fbcr,amplicon,B4,3,A143,B84,A143-B84,383,4636,0.0826143226919758
B4_M_fbcr,amplicon,B4,3,A145,B30,A145-B30,1,4636,0.0002157031924072
B4_M_fbcr,amplicon,B4,3,A146,B137,A146-B137,1,4636,0.0002157031924072
B4_M_fbcr,amplicon,B4,3,A149,B6,A149-B6,1,4636,0.0002157031924072
B4_M_fbcr,amplicon,B4,3,A15,B84,A15-B84,1,4636,0.0002157031924072
B4_M_fbcr,amplicon,B4,3,A152,B100,A152-B100,21,4636,0.0045297670405522
B4_M_fbcr,amplicon,B4,3,A152,B110,A152-B110,4,4636,0.0008628127696289
B4_M_fbcr,amplicon,B4,3,A152,B126,A152-B126,1,4636,0.0002157031924072
B4_M_fbcr,amplicon,B4,3,A152,B151,A152-B151,19,4636,0.0040983606557377
B4_M_fbcr,amplicon,B4,3,A152,B9,A152-B9,1,4636,0.0002157031924072
B4_M_fbcr,amplicon,B4,3,A153,B105,A153-B105,1,4636,0.0002157031924072
B4_M_fbcr,amplicon,B4,3,A153,B30,A153-B30,61,4636,0.0131578947368421
B4_M_fbcr,amplicon,B4,3,A153,B6,A153-B6,64,4636,0.0138050043140638
B4_M_fbcr,amplicon,B4,3,A159,B24,A159-B24,1,4636,0.0002157031924072
B4_M_fbcr,amplicon,B4,3,A159,B49,A159-B49,2,4636,0.0004314063848144
B4_M_fbcr,amplicon,B4,3,A159,B77,A159-B77,4,4636,0.0008628127696289
B4_M_fbcr,amplicon,B4,3,A162,B137,A162-B137,1,4636,0.0002157031924072
B4_M_fbcr,amplicon,B4,3,A176,B33,A176-B33,1,4636,0.0002157031924072
B4_M_fbcr,amplicon,B4,3,A186,B79,A186-B79,20,4636,0.0043140638481449
B4_M_fbcr,amplicon,B4,3,A194,B117,A194-B117,1,4636,0.0002157031924072
B4_M_fbcr,amplicon,B4,3,A196,B117,A196-B117,281,4636,0.0606125970664365
B4_M_fbcr,amplicon,B4,3,A196,B122,A196-B122,16,4636,0.0034512510785159
B4_M_fbcr,amplicon,B4,3,A196,B123,A196-B123,16,4636,0.0034512510785159
B4_M_fbcr,amplicon,B4,3,A196,B15,A196-B15,52,4636,0.0112165660051768
B4_M_fbcr,amplicon,B4,3,A196,B150,A196-B150,27,4636,0.0058239861949956
B4_M_fbcr,amplicon,B4,3,A196,B169,A196-B169,1,4636,0.0002157031924072
B4_M_fbcr,amplicon,B4,3,A196,B171,A196-B171,101,4636,0.021786022433132
B4_M_fbcr,amplicon,B4,3,A196,B2,A196-B2,60,4636,0.0129421915444348
B4_M_fbcr,amplicon,B4,3,A196,B27,A196-B27,146,4636,0.0314926660914581
B4_M_fbcr,amplicon,B4,3,A196,B30,A196-B30,20,4636,0.0043140638481449
B4_M_fbcr,amplicon,B4,3,A196,B59,A196-B59,162,4636,0.0349439171699741
B4_M_fbcr,amplicon,B4,3,A196,B6,A196-B6,1,4636,0.0002157031924072
B4_M_fbcr,amplicon,B4,3,A196,B75,A196-B75,2,4636,0.0004314063848144
B4_M_fbcr,amplicon,B4,3,A196,B8,A196-B8,7,4636,0.0015099223468507
B4_M_fbcr,amplicon,B4,3,A196,B85,A196-B85,1,4636,0.0002157031924072
B4_M_fbcr,amplicon,B4,3,A196,B87,A196-B87,366,4636,0.0789473684210526
B4_M_fbcr,amplicon,B4,3,A196,B91,A196-B91,3,4636,0.0006471095772217
B4_M_fbcr,amplicon,B4,3,A20,B11,A20-B11,3,4636,0.0006471095772217
B4_M_fbcr,amplicon,B4,3,A20,B117,A20-B117,1,4636,0.0002157031924072
B4_M_fbcr,amplicon,B4,3,A20,B178,A20-B178,2,4636,0.0004314063848144
B4_M_fbcr,amplicon,B4,3,A20,B30,A20-B30,3,4636,0.0006471095772217
B4_M_fbcr,amplicon,B4,3,A20,B60,A20-B60,2,4636,0.0004314063848144
B4_M_fbcr,amplicon,B4,3,A20,B84,A20-B84,1,4636,0.0002157031924072
B4_M_fbcr,amplicon,B4,3,A4,B117,A4-B117,1,4636,0.0002157031924072
B4_M_fbcr,amplicon,B4,3,A4,B87,A4-B87,2,4636,0.0004314063848144
B4_M_fbcr,amplicon,B4,3,A49,B27,A49-B27,1,4636,0.0002157031924072
B4_M_fbcr,amplicon,B4,3,A63,B147,A63-B147,3,4636,0.0006471095772217
B4_M_fbcr,amplicon,B4,3,A63,B151,A63-B151,14,4636,0.0030198446937014
B4_M_fbcr,amplicon,B4,3,A63,B84,A63-B84,1,4636,0.0002157031924072
B4_M_fbcr,amplicon,B4,3,A65,B171,A65-B171,1,4636,0.0002157031924072
B4_M_fbcr,amplicon,B4,3,A65,B8,A65-B8,1,4636,0.0002157031924072
B4_M_fbcr,amplicon,B4,3,A68,B117,A68-B117,3,4636,0.0006471095772217
B4_M_fbcr,amplicon,B4,3,A77,B8,A77-B8,1,4636,0.0002157031924072
B4_M_fbcr,amplicon,B4,3,A78,B103,A78-B103,5,4636,0.0010785159620362
B4_M_fbcr,amplicon,B4,3,A78,B109,A78-B109,1,4636,0.0002157031924072
B4_M_fbcr,amplicon,B4,3,A78,B115,A78-B115,1,4636,0.0002157031924072
B4_M_fbcr,amplicon,B4,3,A78,B130,A78-B130,2,4636,0.0004314063848144
B4_M_fbcr,amplicon,B4,3,A78,B137,A78-B137,355,4636,0.0765746333045729
B4_M_fbcr,amplicon,B4,3,A78,B142,A78-B142,4,4636,0.0008628127696289
B4_M_fbcr,amplicon,B4,3,A78,B149,A78-B149,1,4636,0.0002157031924072
B4_M_fbcr,amplicon,B4,3,A78,B150,A78-B150,1,4636,0.0002157031924072
B4_M_fbcr,amplicon,B4,3,A78,B151,A78-B151,161,4636,0.0347282139775668
B4_M_fbcr,amplicon,B4,3,A78,B169,A78-B169,1,4636,0.0002157031924072
B4_M_fbcr,amplicon,B4,3,A78,B171,A78-B171,6,4636,0.0012942191544434
B4_M_fbcr,amplicon,B4,3,A78,B23,A78-B23,1,4636,0.0002157031924072
B4_M_fbcr,amplicon,B4,3,A78,B26,A78-B26,8,4636,0.0017256255392579
B4_M_fbcr,amplicon,B4,3,A78,B69,A78-B69,2,4636,0.0004314063848144
B4_M_fbcr,amplicon,B4,3,A78,B70,A78-B70,18,4636,0.0038826574633304
B4_M_fbcr,amplicon,B4,3,A78,B77,A78-B77,513,4636,0.110655737704918
B4_M_fbcr,amplicon,B4,3,A78,B84,A78-B84,81,4636,0.017471958584987
B4_M_fbcr,amplicon,B4,3,A78,B87,A78-B87,1,4636,0.0002157031924072
B4_M_fbcr,amplicon,B4,3,A78,B9,A78-B9,1,4636,0.0002157031924072
B4_M_fbcr,amplicon,B4,3,A81,B12,A81-B12,4,4636,0.0008628127696289
B4_M_fbcr,amplicon,B4,3,A81,B132,A81-B132,101,4636,0.021786022433132
B4_M_fbcr,amplicon,B4,3,A81,B137,A81-B137,1,4636,0.0002157031924072
B4_M_fbcr,amplicon,B4,3,A81,B140,A81-B140,14,4636,0.0030198446937014
B4_M_fbcr,amplicon,B4,3,A81,B15,A81-B15,1,4636,0.0002157031924072
B4_M_fbcr,amplicon,B4,3,A81,B163,A81-B163,1,4636,0.0002157031924072
B4_M_fbcr,amplicon,B4,3,A81,B171,A81-B171,10,4636,0.0021570319240724
B4_M_fbcr,amplicon,B4,3,A81,B18,A81-B18,38,4636,0.0081967213114754
B4_M_fbcr,amplicon,B4,3,A81,B27,A81-B27,47,4636,0.0101380500431406
B4_M_fbcr,amplicon,B4,3,A81,B3,A81-B3,3,4636,0.0006471095772217
B4_M_fbcr,amplicon,B4,3,A81,B4,A81-B4,4,4636,0.0008628127696289
B4_M_fbcr,amplicon,B4,3,A81,B40,A81-B40,27,4636,0.0058239861949956
B4_M_fbcr,amplicon,B4,3,A81,B42,A81-B42,4,4636,0.0008628127696289
B4_M_fbcr,amplicon,B4,3,A81,B51,A81-B51,10,4636,0.0021570319240724
B4_M_fbcr,amplicon,B4,3,A81,B6,A81-B6,2,4636,0.0004314063848144
B4_M_fbcr,amplicon,B4,3,A81,B65,A81-B65,7,4636,0.0015099223468507
B4_M_fbcr,amplicon,B4,3,A81,B75,A81-B75,24,4636,0.0051768766177739
B4_M_fbcr,amplicon,B4,3,A81,B8,A81-B8,1081,4636,0.2331751509922346
B4_M_fbcr,amplicon,B4,3,A81,B84,A81-B84,29,4636,0.0062553925798101
B4_M_fbcr,amplicon,B4,3,A83,B50,A83-B50,4,4636,0.0008628127696289
B4_M_fbcr,amplicon,B4,3,A84,B132,A84-B132,1,4636,0.0002157031924072
B4_M_fbcr,amplicon,B4,3,A90,B119,A90-B119,4,4636,0.0008628127696289
B4_M_fbcr,amplicon,B4,3,A90,B120,A90-B120,29,4636,0.0062553925798101
B4_M_fbcr,amplicon,B4,3,A90,B145,A90-B145,13,4636,0.0028041415012942
B4_M_fbcr,amplicon,B4,3,A90,B147,A90-B147,1,4636,0.0002157031924072
B4_M_fbcr,amplicon,B4,3,A90,B151,A90-B151,38,4636,0.0081967213114754
B4_M_fbcr,amplicon,B4,3,A90,B154,A90-B154,5,4636,0.0010785159620362
B4_M_fbcr,amplicon,B4,3,A90,B155,A90-B155,35,4636,0.0075496117342536
B4_M_fbcr,amplicon,B4,3,A90,B159,A90-B159,5,4636,0.0010785159620362
B4_M_fbcr,amplicon,B4,3,A90,B165,A90-B165,1,4636,0.0002157031924072
B4_M_fbcr,amplicon,B4,3,A90,B26,A90-B26,1,4636,0.0002157031924072
B4_M_fbcr,amplicon,B4,3,A90,B47,A90-B47,3,4636,0.0006471095772217
B4_M_fbcr,amplicon,B4,3,A90,B59,A90-B59,8,4636,0.0017256255392579
B4_M_fbcr,amplicon,B4,3,A90,B84,A90-B84,1,4636,0.0002157031924072
B4_M_fbcr,amplicon,B4,3,A93,B8,A93-B8,2,4636,0.0004314063848144
B4_M_fbcr,amplicon,B4,3,A96,B127,A96-B127,1,4636,0.0002157031924072
B4_M_fbcr,amplicon,B4,3,A96,B140,A96-B140,3,4636,0.0006471095772217
B4_M_fbcr,amplicon,B4,3,A96,B75,A96-B75,2,4636,0.0004314063848144
B4_M_fbcr,amplicon,B4,3,A96,B79,A96-B79,9,4636,0.0019413287316652
B4_M_fbcr,amplicon,B4,3,A96,B87,A96-B87,5,4636,0.0010785159620362
B4_M_fbcr,amplicon,B4,4,A102,B120,A102-B120,2,3816,0.000524109014675
B4_M_fbcr,amplicon,B4,4,A132,B87,A132-B87,1,3816,0.0002620545073375
B4_M_fbcr,amplicon,B4,4,A143,B130,A143-B130,1,3816,0.0002620545073375
B4_M_fbcr,amplicon,B4,4,A143,B84,A143-B84,720,3816,0.1886792452830188
B4_M_fbcr,amplicon,B4,4,A152,B100,A152-B100,21,3816,0.005503144654088
B4_M_fbcr,amplicon,B4,4,A152,B110,A152-B110,1,3816,0.0002620545073375
B4_M_fbcr,amplicon,B4,4,A152,B151,A152-B151,9,3816,0.0023584905660377
B4_M_fbcr,amplicon,B4,4,A153,B30,A153-B30,35,3816,0.0091719077568134
B4_M_fbcr,amplicon,B4,4,A153,B6,A153-B6,27,3816,0.0070754716981132
B4_M_fbcr,amplicon,B4,4,A159,B24,A159-B24,1,3816,0.0002620545073375
B4_M_fbcr,amplicon,B4,4,A159,B77,A159-B77,1,3816,0.0002620545073375
B4_M_fbcr,amplicon,B4,4,A162,B137,A162-B137,1,3816,0.0002620545073375
B4_M_fbcr,amplicon,B4,4,A176,B119,A176-B119,1,3816,0.0002620545073375
B4_M_fbcr,amplicon,B4,4,A176,B131,A176-B131,1,3816,0.0002620545073375
B4_M_fbcr,amplicon,B4,4,A186,B30,A186-B30,2,3816,0.000524109014675
B4_M_fbcr,amplicon,B4,4,A186,B79,A186-B79,13,3816,0.0034067085953878
B4_M_fbcr,amplicon,B4,4,A196,B107,A196-B107,1,3816,0.0002620545073375
B4_M_fbcr,amplicon,B4,4,A196,B117,A196-B117,225,3816,0.0589622641509434
B4_M_fbcr,amplicon,B4,4,A196,B122,A196-B122,4,3816,0.0010482180293501
B4_M_fbcr,amplicon,B4,4,A196,B123,A196-B123,6,3816,0.0015723270440251
B4_M_fbcr,amplicon,B4,4,A196,B15,A196-B15,19,3816,0.0049790356394129
B4_M_fbcr,amplicon,B4,4,A196,B150,A196-B150,24,3816,0.0062893081761006
B4_M_fbcr,amplicon,B4,4,A196,B151,A196-B151,1,3816,0.0002620545073375
B4_M_fbcr,amplicon,B4,4,A196,B171,A196-B171,61,3816,0.0159853249475891
B4_M_fbcr,amplicon,B4,4,A196,B2,A196-B2,38,3816,0.0099580712788259
B4_M_fbcr,amplicon,B4,4,A196,B27,A196-B27,72,3816,0.0188679245283018
B4_M_fbcr,amplicon,B4,4,A196,B30,A196-B30,15,3816,0.0039308176100628
B4_M_fbcr,amplicon,B4,4,A196,B59,A196-B59,126,3816,0.0330188679245283
B4_M_fbcr,amplicon,B4,4,A196,B6,A196-B6,2,3816,0.000524109014675
B4_M_fbcr,amplicon,B4,4,A196,B75,A196-B75,4,3816,0.0010482180293501
B4_M_fbcr,amplicon,B4,4,A196,B8,A196-B8,7,3816,0.0018343815513626
B4_M_fbcr,amplicon,B4,4,A196,B87,A196-B87,248,3816,0.0649895178197065
B4_M_fbcr,amplicon,B4,4,A196,B91,A196-B91,1,3816,0.0002620545073375
B4_M_fbcr,amplicon,B4,4,A20,B126,A20-B126,2,3816,0.000524109014675
B4_M_fbcr,amplicon,B4,4,A20,B178,A20-B178,1,3816,0.0002620545073375
B4_M_fbcr,amplicon,B4,4,A20,B30,A20-B30,2,3816,0.000524109014675
B4_M_fbcr,amplicon,B4,4,A4,B117,A4-B117,1,3816,0.0002620545073375
B4_M_fbcr,amplicon,B4,4,A4,B87,A4-B87,2,3816,0.000524109014675
B4_M_fbcr,amplicon,B4,4,A63,B117,A63-B117,1,3816,0.0002620545073375
B4_M_fbcr,amplicon,B4,4,A63,B151,A63-B151,11,3816,0.0028825995807127
B4_M_fbcr,amplicon,B4,4,A63,B84,A63-B84,1,3816,0.0002620545073375
B4_M_fbcr,amplicon,B4,4,A77,B8,A77-B8,1,3816,0.0002620545073375
B4_M_fbcr,amplicon,B4,4,A78,B103,A78-B103,4,3816,0.0010482180293501
B4_M_fbcr,amplicon,B4,4,A78,B109,A78-B109,1,3816,0.0002620545073375
B4_M_fbcr,amplicon,B4,4,A78,B137,A78-B137,152,3816,0.0398322851153039
B4_M_fbcr,amplicon,B4,4,A78,B142,A78-B142,3,3816,0.0007861635220125
B4_M_fbcr,amplicon,B4,4,A78,B150,A78-B150,2,3816,0.000524109014675
B4_M_fbcr,amplicon,B4,4,A78,B151,A78-B151,85,3816,0.0222746331236897
B4_M_fbcr,amplicon,B4,4,A78,B171,A78-B171,6,3816,0.0015723270440251
B4_M_fbcr,amplicon,B4,4,A78,B26,A78-B26,5,3816,0.0013102725366876
B4_M_fbcr,amplicon,B4,4,A78,B70,A78-B70,9,3816,0.0023584905660377
B4_M_fbcr,amplicon,B4,4,A78,B77,A78-B77,247,3816,0.0647274633123689
B4_M_fbcr,amplicon,B4,4,A78,B80,A78-B80,1,3816,0.0002620545073375
B4_M_fbcr,amplicon,B4,4,A78,B84,A78-B84,44,3816,0.0115303983228511
B4_M_fbcr,amplicon,B4,4,A81,B12,A81-B12,1,3816,0.0002620545073375
B4_M_fbcr,amplicon,B4,4,A81,B132,A81-B132,29,3816,0.0075995807127882
B4_M_fbcr,amplicon,B4,4,A81,B140,A81-B140,6,3816,0.0015723270440251
B4_M_fbcr,amplicon,B4,4,A81,B171,A81-B171,3,3816,0.0007861635220125
B4_M_fbcr,amplicon,B4,4,A81,B18,A81-B18,11,3816,0.0028825995807127
B4_M_fbcr,amplicon,B4,4,A81,B27,A81-B27,12,3816,0.0031446540880503
B4_M_fbcr,amplicon,B4,4,A81,B3,A81-B3,3,3816,0.0007861635220125
B4_M_fbcr,amplicon,B4,4,A81,B40,A81-B40,9,3816,0.0023584905660377
B4_M_fbcr,amplicon,B4,4,A81,B42,A81-B42,1,3816,0.0002620545073375
B4_M_fbcr,amplicon,B4,4,A81,B47,A81-B47,1,3816,0.0002620545073375
B4_M_fbcr,amplicon,B4,4,A81,B51,A81-B51,6,3816,0.0015723270440251
B4_M_fbcr,amplicon,B4,4,A81,B65,A81-B65,2,3816,0.000524109014675
B4_M_fbcr,amplicon,B4,4,A81,B75,A81-B75,9,3816,0.0023584905660377
B4_M_fbcr,amplicon,B4,4,A81,B8,A81-B8,1377,3816,0.3608490566037736
B4_M_fbcr,amplicon,B4,4,A81,B84,A81-B84,12,3816,0.0031446540880503
B4_M_fbcr,amplicon,B4,4,A83,B50,A83-B50,14,3816,0.0036687631027253
B4_M_fbcr,amplicon,B4,4,A90,B119,A90-B119,1,3816,0.0002620545073375
B4_M_fbcr,amplicon,B4,4,A90,B120,A90-B120,9,3816,0.0023584905660377
B4_M_fbcr,amplicon,B4,4,A90,B145,A90-B145,5,3816,0.0013102725366876
B4_M_fbcr,amplicon,B4,4,A90,B151,A90-B151,17,3816,0.0044549266247379
B4_M_fbcr,amplicon,B4,4,A90,B154,A90-B154,1,3816,0.0002620545073375
B4_M_fbcr,amplicon,B4,4,A90,B155,A90-B155,3,3816,0.0007861635220125
B4_M_fbcr,amplicon,B4,4,A90,B47,A90-B47,5,3816,0.0013102725366876
B4_M_fbcr,amplicon,B4,4,A90,B59,A90-B59,1,3816,0.0002620545073375
B4_M_fbcr,amplicon,B4,4,A93,B40,A93-B40,1,3816,0.0002620545073375
B4_M_fbcr,amplicon,B4,4,A96,B79,A96-B79,3,3816,0.0007861635220125
B4_M_fbcr,amplicon,B4,4,A96,B87,A96-B87,2,3816,0.000524109014675
B4_M_fbcr,amplicon,B4,13,A101,B8,A101-B8,1,4687,0.0002133560913164
B4_M_fbcr,amplicon,B4,13,A130,B79,A130-B79,1,4687,0.0002133560913164
B4_M_fbcr,amplicon,B4,13,A143,B68,A143-B68,1,4687,0.0002133560913164
B4_M_fbcr,amplicon,B4,13,A143,B84,A143-B84,611,4687,0.1303605717943247
B4_M_fbcr,amplicon,B4,13,A152,B100,A152-B100,3,4687,0.0006400682739492
B4_M_fbcr,amplicon,B4,13,A153,B6,A153-B6,2,4687,0.0004267121826328
B4_M_fbcr,amplicon,B4,13,A154,B79,A154-B79,1,4687,0.0002133560913164
B4_M_fbcr,amplicon,B4,13,A186,B111,A186-B111,1,4687,0.0002133560913164
B4_M_fbcr,amplicon,B4,13,A186,B148,A186-B148,1,4687,0.0002133560913164
B4_M_fbcr,amplicon,B4,13,A186,B71,A186-B71,2,4687,0.0004267121826328
B4_M_fbcr,amplicon,B4,13,A186,B77,A186-B77,1,4687,0.0002133560913164
B4_M_fbcr,amplicon,B4,13,A186,B78,A186-B78,1,4687,0.0002133560913164
B4_M_fbcr,amplicon,B4,13,A186,B79,A186-B79,813,4687,0.1734585022402389
B4_M_fbcr,amplicon,B4,13,A186,B8,A186-B8,1,4687,0.0002133560913164
B4_M_fbcr,amplicon,B4,13,A186,B99,A186-B99,1,4687,0.0002133560913164
B4_M_fbcr,amplicon,B4,13,A191,B84,A191-B84,1,4687,0.0002133560913164
B4_M_fbcr,amplicon,B4,13,A196,B117,A196-B117,2,4687,0.0004267121826328
B4_M_fbcr,amplicon,B4,13,A196,B123,A196-B123,1,4687,0.0002133560913164
B4_M_fbcr,amplicon,B4,13,A196,B171,A196-B171,2,4687,0.0004267121826328
B4_M_fbcr,amplicon,B4,13,A196,B59,A196-B59,1,4687,0.0002133560913164
B4_M_fbcr,amplicon,B4,13,A196,B87,A196-B87,6,4687,0.0012801365478984
B4_M_fbcr,amplicon,B4,13,A63,B151,A63-B151,1,4687,0.0002133560913164
B4_M_fbcr,amplicon,B4,13,A65,B8,A65-B8,3,4687,0.0006400682739492
B4_M_fbcr,amplicon,B4,13,A78,B151,A78-B151,6,4687,0.0012801365478984
B4_M_fbcr,amplicon,B4,13,A78,B77,A78-B77,18,4687,0.0038404096436953
B4_M_fbcr,amplicon,B4,13,A81,B132,A81-B132,31,4687,0.0066140388308086
B4_M_fbcr,amplicon,B4,13,A81,B171,A81-B171,1,4687,0.0002133560913164
B4_M_fbcr,amplicon,B4,13,A81,B18,A81-B18,1,4687,0.0002133560913164
B4_M_fbcr,amplicon,B4,13,A81,B27,A81-B27,1,4687,0.0002133560913164
B4_M_fbcr,amplicon,B4,13,A81,B3,A81-B3,5,4687,0.001066780456582
B4_M_fbcr,amplicon,B4,13,A81,B5,A81-B5,1,4687,0.0002133560913164
B4_M_fbcr,amplicon,B4,13,A81,B8,A81-B8,3161,4687,0.6744186046511628
B4_M_fbcr,amplicon,B4,13,A83,B50,A83-B50,2,4687,0.0004267121826328
B4_M_fbcr,amplicon,B4,13,A93,B136,A93-B136,1,4687,0.0002133560913164
B4_M_fbcr,amplicon,B4,13,A97,B8,A97-B8,1,4687,0.0002133560913164
B4_M_fr,amplicon,B4,3,A126,B137,A126-B137,1,905,0.0011049723756906
B4_M_fr,amplicon,B4,3,A143,B84,A143-B84,87,905,0.0961325966850828
B4_M_fr,amplicon,B4,3,A152,B100,A152-B100,3,905,0.0033149171270718
B4_M_fr,amplicon,B4,3,A152,B110,A152-B110,3,905,0.0033149171270718
B4_M_fr,amplicon,B4,3,A152,B151,A152-B151,11,905,0.0121546961325966
B4_M_fr,amplicon,B4,3,A153,B30,A153-B30,8,905,0.0088397790055248
B4_M_fr,amplicon,B4,3,A153,B6,A153-B6,7,905,0.0077348066298342
B4_M_fr,amplicon,B4,3,A159,B49,A159-B49,1,905,0.0011049723756906
B4_M_fr,amplicon,B4,3,A159,B77,A159-B77,2,905,0.0022099447513812
B4_M_fr,amplicon,B4,3,A176,B101,A176-B101,1,905,0.0011049723756906
B4_M_fr,amplicon,B4,3,A186,B30,A186-B30,1,905,0.0011049723756906
B4_M_fr,amplicon,B4,3,A186,B79,A186-B79,2,905,0.0022099447513812
B4_M_fr,amplicon,B4,3,A196,B117,A196-B117,39,905,0.0430939226519337
B4_M_fr,amplicon,B4,3,A196,B122,A196-B122,4,905,0.0044198895027624
B4_M_fr,amplicon,B4,3,A196,B15,A196-B15,12,905,0.0132596685082872
B4_M_fr,amplicon,B4,3,A196,B150,A196-B150,3,905,0.0033149171270718
B4_M_fr,amplicon,B4,3,A196,B163,A196-B163,1,905,0.0011049723756906
B4_M_fr,amplicon,B4,3,A196,B171,A196-B171,16,905,0.0176795580110497
B4_M_fr,amplicon,B4,3,A196,B2,A196-B2,6,905,0.0066298342541436
B4_M_fr,amplicon,B4,3,A196,B27,A196-B27,31,905,0.0342541436464088
B4_M_fr,amplicon,B4,3,A196,B30,A196-B30,7,905,0.0077348066298342
B4_M_fr,amplicon,B4,3,A196,B59,A196-B59,31,905,0.0342541436464088
B4_M_fr,amplicon,B4,3,A196,B8,A196-B8,3,905,0.0033149171270718
B4_M_fr,amplicon,B4,3,A196,B85,A196-B85,1,905,0.0011049723756906
B4_M_fr,amplicon,B4,3,A196,B87,A196-B87,82,905,0.0906077348066298
B4_M_fr,amplicon,B4,3,A20,B178,A20-B178,1,905,0.0011049723756906
B4_M_fr,amplicon,B4,3,A20,B30,A20-B30,4,905,0.0044198895027624
B4_M_fr,amplicon,B4,3,A20,B60,A20-B60,1,905,0.0011049723756906
B4_M_fr,amplicon,B4,3,A20,B8,A20-B8,1,905,0.0011049723756906
B4_M_fr,amplicon,B4,3,A63,B151,A63-B151,5,905,0.005524861878453
B4_M_fr,amplicon,B4,3,A63,B75,A63-B75,1,905,0.0011049723756906
B4_M_fr,amplicon,B4,3,A65,B8,A65-B8,1,905,0.0011049723756906
B4_M_fr,amplicon,B4,3,A78,B103,A78-B103,2,905,0.0022099447513812
B4_M_fr,amplicon,B4,3,A78,B137,A78-B137,39,905,0.0430939226519337
B4_M_fr,amplicon,B4,3,A78,B150,A78-B150,1,905,0.0011049723756906
B4_M_fr,amplicon,B4,3,A78,B151,A78-B151,27,905,0.0298342541436464
B4_M_fr,amplicon,B4,3,A78,B171,A78-B171,1,905,0.0011049723756906
B4_M_fr,amplicon,B4,3,A78,B70,A78-B70,1,905,0.0011049723756906
B4_M_fr,amplicon,B4,3,A78,B77,A78-B77,74,905,0.0817679558011049
B4_M_fr,amplicon,B4,3,A78,B84,A78-B84,15,905,0.0165745856353591
B4_M_fr,amplicon,B4,3,A81,B132,A81-B132,35,905,0.0386740331491712
B4_M_fr,amplicon,B4,3,A81,B140,A81-B140,5,905,0.005524861878453
B4_M_fr,amplicon,B4,3,A81,B171,A81-B171,1,905,0.0011049723756906
B4_M_fr,amplicon,B4,3,A81,B18,A81-B18,10,905,0.011049723756906
B4_M_fr,amplicon,B4,3,A81,B27,A81-B27,9,905,0.0099447513812154
B4_M_fr,amplicon,B4,3,A81,B51,A81-B51,4,905,0.0044198895027624
B4_M_fr,amplicon,B4,3,A81,B6,A81-B6,1,905,0.0011049723756906
B4_M_fr,amplicon,B4,3,A81,B65,A81-B65,3,905,0.0033149171270718
B4_M_fr,amplicon,B4,3,A81,B75,A81-B75,8,905,0.0088397790055248
B4_M_fr,amplicon,B4,3,A81,B8,A81-B8,246,905,0.2718232044198895
B4_M_fr,amplicon,B4,3,A81,B84,A81-B84,3,905,0.0033149171270718
B4_M_fr,amplicon,B4,3,A83,B50,A83-B50,2,905,0.0022099447513812
B4_M_fr,amplicon,B4,3,A90,B119,A90-B119,1,905,0.0011049723756906
B4_M_fr,amplicon,B4,3,A90,B120,A90-B120,9,905,0.0099447513812154
B4_M_fr,amplicon,B4,3,A90,B145,A90-B145,6,905,0.0066298342541436
B4_M_fr,amplicon,B4,3,A90,B151,A90-B151,7,905,0.0077348066298342
B4_M_fr,amplicon,B4,3,A90,B155,A90-B155,7,905,0.0077348066298342
B4_M_fr,amplicon,B4,3,A90,B159,A90-B159,1,905,0.0011049723756906
B4_M_fr,amplicon,B4,3,A90,B23,A90-B23,1,905,0.0011049723756906
B4_M_fr,amplicon,B4,3,A90,B47,A90-B47,1,905,0.0011049723756906
B4_M_fr,amplicon,B4,3,A90,B59,A90-B59,2,905,0.0022099447513812
B4_M_fr,amplicon,B4,3,A96,B140,A96-B140,1,905,0.0011049723756906
B4_M_fr,amplicon,B4,3,A96,B75,A96-B75,4,905,0.0044198895027624
B4_M_fr,amplicon,B4,3,A96,B91,A96-B91,1,905,0.0011049723756906
B4_M_fr,amplicon,B4,4,A102,B120,A102-B120,1,2221,0.0004502476361999
B4_M_fr,amplicon,B4,4,A143,B100,A143-B100,1,2221,0.0004502476361999
B4_M_fr,amplicon,B4,4,A143,B84,A143-B84,446,2221,0.2008104457451598
B4_M_fr,amplicon,B4,4,A143,B92,A143-B92,1,2221,0.0004502476361999
B4_M_fr,amplicon,B4,4,A15,B84,A15-B84,1,2221,0.0004502476361999
B4_M_fr,amplicon,B4,4,A152,B100,A152-B100,12,2221,0.0054029716343989
B4_M_fr,amplicon,B4,4,A152,B110,A152-B110,3,2221,0.0013507429085997
B4_M_fr,amplicon,B4,4,A152,B151,A152-B151,6,2221,0.0027014858171994
B4_M_fr,amplicon,B4,4,A153,B30,A153-B30,17,2221,0.0076542098153984
B4_M_fr,amplicon,B4,4,A153,B6,A153-B6,11,2221,0.004952723998199
B4_M_fr,amplicon,B4,4,A159,B77,A159-B77,1,2221,0.0004502476361999
B4_M_fr,amplicon,B4,4,A176,B120,A176-B120,1,2221,0.0004502476361999
B4_M_fr,amplicon,B4,4,A176,B131,A176-B131,1,2221,0.0004502476361999
B4_M_fr,amplicon,B4,4,A176,B65,A176-B65,1,2221,0.0004502476361999
B4_M_fr,amplicon,B4,4,A186,B30,A186-B30,1,2221,0.0004502476361999
B4_M_fr,amplicon,B4,4,A186,B79,A186-B79,4,2221,0.0018009905447996
B4_M_fr,amplicon,B4,4,A196,B117,A196-B117,113,2221,0.0508779828905898
B4_M_fr,amplicon,B4,4,A196,B122,A196-B122,8,2221,0.0036019810895992
B4_M_fr,amplicon,B4,4,A196,B123,A196-B123,1,2221,0.0004502476361999
B4_M_fr,amplicon,B4,4,A196,B15,A196-B15,10,2221,0.004502476361999
B4_M_fr,amplicon,B4,4,A196,B150,A196-B150,8,2221,0.0036019810895992
B4_M_fr,amplicon,B4,4,A196,B171,A196-B171,19,2221,0.0085547050877982
B4_M_fr,amplicon,B4,4,A196,B2,A196-B2,12,2221,0.0054029716343989
B4_M_fr,amplicon,B4,4,A196,B27,A196-B27,39,2221,0.0175596578117964
B4_M_fr,amplicon,B4,4,A196,B30,A196-B30,10,2221,0.004502476361999
B4_M_fr,amplicon,B4,4,A196,B59,A196-B59,67,2221,0.0301665916253939
B4_M_fr,amplicon,B4,4,A196,B8,A196-B8,7,2221,0.0031517334533993
B4_M_fr,amplicon,B4,4,A196,B87,A196-B87,157,2221,0.0706888788833858
B4_M_fr,amplicon,B4,4,A196,B91,A196-B91,1,2221,0.0004502476361999
B4_M_fr,amplicon,B4,4,A20,B84,A20-B84,1,2221,0.0004502476361999
B4_M_fr,amplicon,B4,4,A63,B147,A63-B147,1,2221,0.0004502476361999
B4_M_fr,amplicon,B4,4,A63,B151,A63-B151,7,2221,0.0031517334533993
B4_M_fr,amplicon,B4,4,A63,B75,A63-B75,2,2221,0.0009004952723998
B4_M_fr,amplicon,B4,4,A65,B8,A65-B8,2,2221,0.0009004952723998
B4_M_fr,amplicon,B4,4,A68,B87,A68-B87,1,2221,0.0004502476361999
B4_M_fr,amplicon,B4,4,A78,B137,A78-B137,66,2221,0.029716343989194
B4_M_fr,amplicon,B4,4,A78,B151,A78-B151,53,2221,0.0238631247185952
B4_M_fr,amplicon,B4,4,A78,B171,A78-B171,3,2221,0.0013507429085997
B4_M_fr,amplicon,B4,4,A78,B65,A78-B65,1,2221,0.0004502476361999
B4_M_fr,amplicon,B4,4,A78,B70,A78-B70,1,2221,0.0004502476361999
B4_M_fr,amplicon,B4,4,A78,B77,A78-B77,119,2221,0.0535794687077892
B4_M_fr,amplicon,B4,4,A78,B84,A78-B84,26,2221,0.0117064385411976
B4_M_fr,amplicon,B4,4,A78,B89,A78-B89,1,2221,0.0004502476361999
B4_M_fr,amplicon,B4,4,A81,B12,A81-B12,1,2221,0.0004502476361999
B4_M_fr,amplicon,B4,4,A81,B132,A81-B132,12,2221,0.0054029716343989
B4_M_fr,amplicon,B4,4,A81,B140,A81-B140,2,2221,0.0009004952723998
B4_M_fr,amplicon,B4,4,A81,B16,A81-B16,1,2221,0.0004502476361999
B4_M_fr,amplicon,B4,4,A81,B171,A81-B171,1,2221,0.0004502476361999
B4_M_fr,amplicon,B4,4,A81,B18,A81-B18,9,2221,0.0040522287257991
B4_M_fr,amplicon,B4,4,A81,B27,A81-B27,10,2221,0.004502476361999
B4_M_fr,amplicon,B4,4,A81,B3,A81-B3,3,2221,0.0013507429085997
B4_M_fr,amplicon,B4,4,A81,B4,A81-B4,2,2221,0.0009004952723998
B4_M_fr,amplicon,B4,4,A81,B40,A81-B40,4,2221,0.0018009905447996
B4_M_fr,amplicon,B4,4,A81,B51,A81-B51,4,2221,0.0018009905447996
B4_M_fr,amplicon,B4,4,A81,B75,A81-B75,11,2221,0.004952723998199
B4_M_fr,amplicon,B4,4,A81,B8,A81-B8,876,2221,0.3944169293111211
B4_M_fr,amplicon,B4,4,A81,B84,A81-B84,4,2221,0.0018009905447996
B4_M_fr,amplicon,B4,4,A82,B8,A82-B8,1,2221,0.0004502476361999
B4_M_fr,amplicon,B4,4,A83,B50,A83-B50,1,2221,0.0004502476361999
B4_M_fr,amplicon,B4,4,A90,B103,A90-B103,1,2221,0.0004502476361999
B4_M_fr,amplicon,B4,4,A90,B119,A90-B119,1,2221,0.0004502476361999
B4_M_fr,amplicon,B4,4,A90,B120,A90-B120,10,2221,0.004502476361999
B4_M_fr,amplicon,B4,4,A90,B145,A90-B145,6,2221,0.0027014858171994
B4_M_fr,amplicon,B4,4,A90,B151,A90-B151,5,2221,0.0022512381809995
B4_M_fr,amplicon,B4,4,A90,B155,A90-B155,2,2221,0.0009004952723998
B4_M_fr,amplicon,B4,4,A90,B47,A90-B47,2,2221,0.0009004952723998
B4_M_fr,amplicon,B4,4,A96,B140,A96-B140,2,2221,0.0009004952723998
B4_M_fr,amplicon,B4,4,A96,B79,A96-B79,3,2221,0.0013507429085997
B4_M_fr,amplicon,B4,4,A96,B87,A96-B87,3,2221,0.0013507429085997
B4_M_fr,amplicon,B4,13,A143,B82,A143-B82,1,1521,0.0006574621959237
B4_M_fr,amplicon,B4,13,A143,B84,A143-B84,201,1521,0.1321499013806706
B4_M_fr,amplicon,B4,13,A152,B100,A152-B100,2,1521,0.0013149243918474
B4_M_fr,amplicon,B4,13,A153,B30,A153-B30,1,1521,0.0006574621959237
B4_M_fr,amplicon,B4,13,A186,B15,A186-B15,1,1521,0.0006574621959237
B4_M_fr,amplicon,B4,13,A186,B79,A186-B79,256,1521,0.168310322156476
B4_M_fr,amplicon,B4,13,A196,B87,A196-B87,1,1521,0.0006574621959237
B4_M_fr,amplicon,B4,13,A65,B8,A65-B8,1,1521,0.0006574621959237
B4_M_fr,amplicon,B4,13,A78,B151,A78-B151,3,1521,0.0019723865877712
B4_M_fr,amplicon,B4,13,A78,B77,A78-B77,5,1521,0.0032873109796186
B4_M_fr,amplicon,B4,13,A78,B84,A78-B84,1,1521,0.0006574621959237
B4_M_fr,amplicon,B4,13,A81,B132,A81-B132,14,1521,0.0092044707429322
B4_M_fr,amplicon,B4,13,A81,B3,A81-B3,1,1521,0.0006574621959237
B4_M_fr,amplicon,B4,13,A81,B7,A81-B7,1,1521,0.0006574621959237
B4_M_fr,amplicon,B4,13,A81,B77,A81-B77,1,1521,0.0006574621959237
B4_M_fr,amplicon,B4,13,A81,B8,A81-B8,1030,1521,0.6771860618014465
B4_M_fr,amplicon,B4,13,A93,B8,A93-B8,1,1521,0.0006574621959237
