Sample,DNA_construct,Replicate,Microtiter_plate_well,Transfer,verA,verB,Candidate,Count,depth,freq
TFMN4.exp2.ACN3788.concX_largeLib_SpeI.1,concX_largeLib_SpeI,1,B4,3,A115,B84,A115-B84,1,9625,0.0001038961038961039
TFMN4.exp2.ACN3788.concX_largeLib_SpeI.1,concX_largeLib_SpeI,1,B4,3,A126,B137,A126-B137,1,9625,0.0001038961038961039
TFMN4.exp2.ACN3788.concX_largeLib_SpeI.1,concX_largeLib_SpeI,1,B4,3,A132,B117,A132-B117,1,9625,0.0001038961038961039
TFMN4.exp2.ACN3788.concX_largeLib_SpeI.1,concX_largeLib_SpeI,1,B4,3,A132,B15,A132-B15,1,9625,0.0001038961038961039
TFMN4.exp2.ACN3788.concX_largeLib_SpeI.1,concX_largeLib_SpeI,1,B4,3,A132,B171,A132-B171,1,9625,0.0001038961038961039
TFMN4.exp2.ACN3788.concX_largeLib_SpeI.1,concX_largeLib_SpeI,1,B4,3,A143,B145,A143-B145,1,9625,0.0001038961038961039
TFMN4.exp2.ACN3788.concX_largeLib_SpeI.1,concX_largeLib_SpeI,1,B4,3,A143,B77,A143-B77,1,9625,0.0001038961038961039
TFMN4.exp2.ACN3788.concX_largeLib_SpeI.1,concX_largeLib_SpeI,1,B4,3,A143,B8,A143-B8,1,9625,0.0001038961038961039
TFMN4.exp2.ACN3788.concX_largeLib_SpeI.1,concX_largeLib_SpeI,1,B4,3,A143,B84,A143-B84,848,9625,0.0881038961038961
TFMN4.exp2.ACN3788.concX_largeLib_SpeI.1,concX_largeLib_SpeI,1,B4,3,A145,B30,A145-B30,1,9625,0.0001038961038961039
TFMN4.exp2.ACN3788.concX_largeLib_SpeI.1,concX_largeLib_SpeI,1,B4,3,A146,B137,A146-B137,1,9625,0.0001038961038961039
TFMN4.exp2.ACN3788.concX_largeLib_SpeI.1,concX_largeLib_SpeI,1,B4,3,A147,B6,A147-B6,1,9625,0.0001038961038961039
TFMN4.exp2.ACN3788.concX_largeLib_SpeI.1,concX_largeLib_SpeI,1,B4,3,A149,B6,A149-B6,1,9625,0.0001038961038961039
TFMN4.exp2.ACN3788.concX_largeLib_SpeI.1,concX_largeLib_SpeI,1,B4,3,A15,B84,A15-B84,2,9625,0.0002077922077922078
TFMN4.exp2.ACN3788.concX_largeLib_SpeI.1,concX_largeLib_SpeI,1,B4,3,A152,B100,A152-B100,33,9625,0.0034285714285714284
TFMN4.exp2.ACN3788.concX_largeLib_SpeI.1,concX_largeLib_SpeI,1,B4,3,A152,B110,A152-B110,13,9625,0.0013506493506493507
TFMN4.exp2.ACN3788.concX_largeLib_SpeI.1,concX_largeLib_SpeI,1,B4,3,A152,B126,A152-B126,1,9625,0.0001038961038961039
TFMN4.exp2.ACN3788.concX_largeLib_SpeI.1,concX_largeLib_SpeI,1,B4,3,A152,B149,A152-B149,2,9625,0.0002077922077922078
TFMN4.exp2.ACN3788.concX_largeLib_SpeI.1,concX_largeLib_SpeI,1,B4,3,A152,B151,A152-B151,56,9625,0.005818181818181818
TFMN4.exp2.ACN3788.concX_largeLib_SpeI.1,concX_largeLib_SpeI,1,B4,3,A152,B9,A152-B9,1,9625,0.0001038961038961039
TFMN4.exp2.ACN3788.concX_largeLib_SpeI.1,concX_largeLib_SpeI,1,B4,3,A153,B105,A153-B105,1,9625,0.0001038961038961039
TFMN4.exp2.ACN3788.concX_largeLib_SpeI.1,concX_largeLib_SpeI,1,B4,3,A153,B30,A153-B30,120,9625,0.012467532467532468
TFMN4.exp2.ACN3788.concX_largeLib_SpeI.1,concX_largeLib_SpeI,1,B4,3,A153,B6,A153-B6,109,9625,0.011324675324675324
TFMN4.exp2.ACN3788.concX_largeLib_SpeI.1,concX_largeLib_SpeI,1,B4,3,A153,B8,A153-B8,1,9625,0.0001038961038961039
TFMN4.exp2.ACN3788.concX_largeLib_SpeI.1,concX_largeLib_SpeI,1,B4,3,A159,B24,A159-B24,3,9625,0.0003116883116883117
TFMN4.exp2.ACN3788.concX_largeLib_SpeI.1,concX_largeLib_SpeI,1,B4,3,A159,B49,A159-B49,8,9625,0.0008311688311688312
TFMN4.exp2.ACN3788.concX_largeLib_SpeI.1,concX_largeLib_SpeI,1,B4,3,A159,B77,A159-B77,15,9625,0.0015584415584415584
TFMN4.exp2.ACN3788.concX_largeLib_SpeI.1,concX_largeLib_SpeI,1,B4,3,A162,B137,A162-B137,4,9625,0.0004155844155844156
TFMN4.exp2.ACN3788.concX_largeLib_SpeI.1,concX_largeLib_SpeI,1,B4,3,A176,B101,A176-B101,1,9625,0.0001038961038961039
TFMN4.exp2.ACN3788.concX_largeLib_SpeI.1,concX_largeLib_SpeI,1,B4,3,A176,B120,A176-B120,4,9625,0.0004155844155844156
TFMN4.exp2.ACN3788.concX_largeLib_SpeI.1,concX_largeLib_SpeI,1,B4,3,A176,B132,A176-B132,1,9625,0.0001038961038961039
TFMN4.exp2.ACN3788.concX_largeLib_SpeI.1,concX_largeLib_SpeI,1,B4,3,A176,B33,A176-B33,1,9625,0.0001038961038961039
TFMN4.exp2.ACN3788.concX_largeLib_SpeI.1,concX_largeLib_SpeI,1,B4,3,A186,B115,A186-B115,1,9625,0.0001038961038961039
TFMN4.exp2.ACN3788.concX_largeLib_SpeI.1,concX_largeLib_SpeI,1,B4,3,A186,B143,A186-B143,2,9625,0.0002077922077922078
TFMN4.exp2.ACN3788.concX_largeLib_SpeI.1,concX_largeLib_SpeI,1,B4,3,A186,B30,A186-B30,6,9625,0.0006233766233766234
TFMN4.exp2.ACN3788.concX_largeLib_SpeI.1,concX_largeLib_SpeI,1,B4,3,A186,B75,A186-B75,1,9625,0.0001038961038961039
TFMN4.exp2.ACN3788.concX_largeLib_SpeI.1,concX_largeLib_SpeI,1,B4,3,A186,B79,A186-B79,42,9625,0.004363636363636364
TFMN4.exp2.ACN3788.concX_largeLib_SpeI.1,concX_largeLib_SpeI,1,B4,3,A191,B84,A191-B84,1,9625,0.0001038961038961039
TFMN4.exp2.ACN3788.concX_largeLib_SpeI.1,concX_largeLib_SpeI,1,B4,3,A194,B117,A194-B117,1,9625,0.0001038961038961039
TFMN4.exp2.ACN3788.concX_largeLib_SpeI.1,concX_largeLib_SpeI,1,B4,3,A196,B117,A196-B117,590,9625,0.0612987012987013
TFMN4.exp2.ACN3788.concX_largeLib_SpeI.1,concX_largeLib_SpeI,1,B4,3,A196,B120,A196-B120,1,9625,0.0001038961038961039
TFMN4.exp2.ACN3788.concX_largeLib_SpeI.1,concX_largeLib_SpeI,1,B4,3,A196,B122,A196-B122,34,9625,0.0035324675324675324
TFMN4.exp2.ACN3788.concX_largeLib_SpeI.1,concX_largeLib_SpeI,1,B4,3,A196,B123,A196-B123,22,9625,0.002285714285714286
TFMN4.exp2.ACN3788.concX_largeLib_SpeI.1,concX_largeLib_SpeI,1,B4,3,A196,B15,A196-B15,113,9625,0.01174025974025974
TFMN4.exp2.ACN3788.concX_largeLib_SpeI.1,concX_largeLib_SpeI,1,B4,3,A196,B150,A196-B150,44,9625,0.004571428571428572
TFMN4.exp2.ACN3788.concX_largeLib_SpeI.1,concX_largeLib_SpeI,1,B4,3,A196,B163,A196-B163,2,9625,0.0002077922077922078
TFMN4.exp2.ACN3788.concX_largeLib_SpeI.1,concX_largeLib_SpeI,1,B4,3,A196,B169,A196-B169,1,9625,0.0001038961038961039
TFMN4.exp2.ACN3788.concX_largeLib_SpeI.1,concX_largeLib_SpeI,1,B4,3,A196,B171,A196-B171,183,9625,0.019012987012987013
TFMN4.exp2.ACN3788.concX_largeLib_SpeI.1,concX_largeLib_SpeI,1,B4,3,A196,B19,A196-B19,1,9625,0.0001038961038961039
TFMN4.exp2.ACN3788.concX_largeLib_SpeI.1,concX_largeLib_SpeI,1,B4,3,A196,B2,A196-B2,106,9625,0.011012987012987013
TFMN4.exp2.ACN3788.concX_largeLib_SpeI.1,concX_largeLib_SpeI,1,B4,3,A196,B23,A196-B23,1,9625,0.0001038961038961039
TFMN4.exp2.ACN3788.concX_largeLib_SpeI.1,concX_largeLib_SpeI,1,B4,3,A196,B27,A196-B27,286,9625,0.029714285714285714
TFMN4.exp2.ACN3788.concX_largeLib_SpeI.1,concX_largeLib_SpeI,1,B4,3,A196,B30,A196-B30,42,9625,0.004363636363636364
TFMN4.exp2.ACN3788.concX_largeLib_SpeI.1,concX_largeLib_SpeI,1,B4,3,A196,B59,A196-B59,314,9625,0.032623376623376624
TFMN4.exp2.ACN3788.concX_largeLib_SpeI.1,concX_largeLib_SpeI,1,B4,3,A196,B6,A196-B6,3,9625,0.0003116883116883117
TFMN4.exp2.ACN3788.concX_largeLib_SpeI.1,concX_largeLib_SpeI,1,B4,3,A196,B75,A196-B75,4,9625,0.0004155844155844156
TFMN4.exp2.ACN3788.concX_largeLib_SpeI.1,concX_largeLib_SpeI,1,B4,3,A196,B8,A196-B8,22,9625,0.002285714285714286
TFMN4.exp2.ACN3788.concX_largeLib_SpeI.1,concX_largeLib_SpeI,1,B4,3,A196,B85,A196-B85,4,9625,0.0004155844155844156
TFMN4.exp2.ACN3788.concX_largeLib_SpeI.1,concX_largeLib_SpeI,1,B4,3,A196,B86,A196-B86,2,9625,0.0002077922077922078
TFMN4.exp2.ACN3788.concX_largeLib_SpeI.1,concX_largeLib_SpeI,1,B4,3,A196,B87,A196-B87,734,9625,0.07625974025974026
TFMN4.exp2.ACN3788.concX_largeLib_SpeI.1,concX_largeLib_SpeI,1,B4,3,A196,B91,A196-B91,3,9625,0.0003116883116883117
TFMN4.exp2.ACN3788.concX_largeLib_SpeI.1,concX_largeLib_SpeI,1,B4,3,A20,B11,A20-B11,3,9625,0.0003116883116883117
TFMN4.exp2.ACN3788.concX_largeLib_SpeI.1,concX_largeLib_SpeI,1,B4,3,A20,B117,A20-B117,1,9625,0.0001038961038961039
TFMN4.exp2.ACN3788.concX_largeLib_SpeI.1,concX_largeLib_SpeI,1,B4,3,A20,B126,A20-B126,1,9625,0.0001038961038961039
TFMN4.exp2.ACN3788.concX_largeLib_SpeI.1,concX_largeLib_SpeI,1,B4,3,A20,B178,A20-B178,7,9625,0.0007272727272727272
TFMN4.exp2.ACN3788.concX_largeLib_SpeI.1,concX_largeLib_SpeI,1,B4,3,A20,B30,A20-B30,13,9625,0.0013506493506493507
TFMN4.exp2.ACN3788.concX_largeLib_SpeI.1,concX_largeLib_SpeI,1,B4,3,A20,B60,A20-B60,4,9625,0.0004155844155844156
TFMN4.exp2.ACN3788.concX_largeLib_SpeI.1,concX_largeLib_SpeI,1,B4,3,A20,B8,A20-B8,2,9625,0.0002077922077922078
TFMN4.exp2.ACN3788.concX_largeLib_SpeI.1,concX_largeLib_SpeI,1,B4,3,A20,B84,A20-B84,4,9625,0.0004155844155844156
TFMN4.exp2.ACN3788.concX_largeLib_SpeI.1,concX_largeLib_SpeI,1,B4,3,A23,B151,A23-B151,1,9625,0.0001038961038961039
TFMN4.exp2.ACN3788.concX_largeLib_SpeI.1,concX_largeLib_SpeI,1,B4,3,A23,B87,A23-B87,1,9625,0.0001038961038961039
TFMN4.exp2.ACN3788.concX_largeLib_SpeI.1,concX_largeLib_SpeI,1,B4,3,A25,B30,A25-B30,1,9625,0.0001038961038961039
TFMN4.exp2.ACN3788.concX_largeLib_SpeI.1,concX_largeLib_SpeI,1,B4,3,A4,B117,A4-B117,1,9625,0.0001038961038961039
TFMN4.exp2.ACN3788.concX_largeLib_SpeI.1,concX_largeLib_SpeI,1,B4,3,A4,B171,A4-B171,1,9625,0.0001038961038961039
TFMN4.exp2.ACN3788.concX_largeLib_SpeI.1,concX_largeLib_SpeI,1,B4,3,A4,B87,A4-B87,2,9625,0.0002077922077922078
TFMN4.exp2.ACN3788.concX_largeLib_SpeI.1,concX_largeLib_SpeI,1,B4,3,A49,B27,A49-B27,1,9625,0.0001038961038961039
TFMN4.exp2.ACN3788.concX_largeLib_SpeI.1,concX_largeLib_SpeI,1,B4,3,A60,B151,A60-B151,1,9625,0.0001038961038961039
TFMN4.exp2.ACN3788.concX_largeLib_SpeI.1,concX_largeLib_SpeI,1,B4,3,A63,B117,A63-B117,2,9625,0.0002077922077922078
TFMN4.exp2.ACN3788.concX_largeLib_SpeI.1,concX_largeLib_SpeI,1,B4,3,A63,B147,A63-B147,6,9625,0.0006233766233766234
TFMN4.exp2.ACN3788.concX_largeLib_SpeI.1,concX_largeLib_SpeI,1,B4,3,A63,B151,A63-B151,35,9625,0.0036363636363636364
TFMN4.exp2.ACN3788.concX_largeLib_SpeI.1,concX_largeLib_SpeI,1,B4,3,A63,B23,A63-B23,1,9625,0.0001038961038961039
TFMN4.exp2.ACN3788.concX_largeLib_SpeI.1,concX_largeLib_SpeI,1,B4,3,A63,B75,A63-B75,3,9625,0.0003116883116883117
TFMN4.exp2.ACN3788.concX_largeLib_SpeI.1,concX_largeLib_SpeI,1,B4,3,A63,B84,A63-B84,1,9625,0.0001038961038961039
TFMN4.exp2.ACN3788.concX_largeLib_SpeI.1,concX_largeLib_SpeI,1,B4,3,A65,B171,A65-B171,1,9625,0.0001038961038961039
TFMN4.exp2.ACN3788.concX_largeLib_SpeI.1,concX_largeLib_SpeI,1,B4,3,A65,B8,A65-B8,2,9625,0.0002077922077922078
TFMN4.exp2.ACN3788.concX_largeLib_SpeI.1,concX_largeLib_SpeI,1,B4,3,A68,B117,A68-B117,3,9625,0.0003116883116883117
TFMN4.exp2.ACN3788.concX_largeLib_SpeI.1,concX_largeLib_SpeI,1,B4,3,A68,B27,A68-B27,1,9625,0.0001038961038961039
TFMN4.exp2.ACN3788.concX_largeLib_SpeI.1,concX_largeLib_SpeI,1,B4,3,A74,B23,A74-B23,1,9625,0.0001038961038961039
TFMN4.exp2.ACN3788.concX_largeLib_SpeI.1,concX_largeLib_SpeI,1,B4,3,A77,B8,A77-B8,1,9625,0.0001038961038961039
TFMN4.exp2.ACN3788.concX_largeLib_SpeI.1,concX_largeLib_SpeI,1,B4,3,A78,B103,A78-B103,10,9625,0.001038961038961039
TFMN4.exp2.ACN3788.concX_largeLib_SpeI.1,concX_largeLib_SpeI,1,B4,3,A78,B109,A78-B109,1,9625,0.0001038961038961039
TFMN4.exp2.ACN3788.concX_largeLib_SpeI.1,concX_largeLib_SpeI,1,B4,3,A78,B115,A78-B115,1,9625,0.0001038961038961039
TFMN4.exp2.ACN3788.concX_largeLib_SpeI.1,concX_largeLib_SpeI,1,B4,3,A78,B130,A78-B130,2,9625,0.0002077922077922078
TFMN4.exp2.ACN3788.concX_largeLib_SpeI.1,concX_largeLib_SpeI,1,B4,3,A78,B137,A78-B137,632,9625,0.06566233766233766
TFMN4.exp2.ACN3788.concX_largeLib_SpeI.1,concX_largeLib_SpeI,1,B4,3,A78,B142,A78-B142,5,9625,0.0005194805194805195
TFMN4.exp2.ACN3788.concX_largeLib_SpeI.1,concX_largeLib_SpeI,1,B4,3,A78,B149,A78-B149,1,9625,0.0001038961038961039
TFMN4.exp2.ACN3788.concX_largeLib_SpeI.1,concX_largeLib_SpeI,1,B4,3,A78,B150,A78-B150,5,9625,0.0005194805194805195
TFMN4.exp2.ACN3788.concX_largeLib_SpeI.1,concX_largeLib_SpeI,1,B4,3,A78,B151,A78-B151,350,9625,0.03636363636363636
TFMN4.exp2.ACN3788.concX_largeLib_SpeI.1,concX_largeLib_SpeI,1,B4,3,A78,B169,A78-B169,1,9625,0.0001038961038961039
TFMN4.exp2.ACN3788.concX_largeLib_SpeI.1,concX_largeLib_SpeI,1,B4,3,A78,B171,A78-B171,15,9625,0.0015584415584415584
TFMN4.exp2.ACN3788.concX_largeLib_SpeI.1,concX_largeLib_SpeI,1,B4,3,A78,B23,A78-B23,2,9625,0.0002077922077922078
TFMN4.exp2.ACN3788.concX_largeLib_SpeI.1,concX_largeLib_SpeI,1,B4,3,A78,B26,A78-B26,15,9625,0.0015584415584415584
TFMN4.exp2.ACN3788.concX_largeLib_SpeI.1,concX_largeLib_SpeI,1,B4,3,A78,B69,A78-B69,2,9625,0.0002077922077922078
TFMN4.exp2.ACN3788.concX_largeLib_SpeI.1,concX_largeLib_SpeI,1,B4,3,A78,B70,A78-B70,32,9625,0.003324675324675325
TFMN4.exp2.ACN3788.concX_largeLib_SpeI.1,concX_largeLib_SpeI,1,B4,3,A78,B77,A78-B77,1069,9625,0.11106493506493506
TFMN4.exp2.ACN3788.concX_largeLib_SpeI.1,concX_largeLib_SpeI,1,B4,3,A78,B84,A78-B84,164,9625,0.017038961038961038
TFMN4.exp2.ACN3788.concX_largeLib_SpeI.1,concX_largeLib_SpeI,1,B4,3,A78,B87,A78-B87,1,9625,0.0001038961038961039
TFMN4.exp2.ACN3788.concX_largeLib_SpeI.1,concX_largeLib_SpeI,1,B4,3,A78,B9,A78-B9,2,9625,0.0002077922077922078
TFMN4.exp2.ACN3788.concX_largeLib_SpeI.1,concX_largeLib_SpeI,1,B4,3,A78,B93,A78-B93,1,9625,0.0001038961038961039
TFMN4.exp2.ACN3788.concX_largeLib_SpeI.1,concX_largeLib_SpeI,1,B4,3,A78,B97,A78-B97,1,9625,0.0001038961038961039
TFMN4.exp2.ACN3788.concX_largeLib_SpeI.1,concX_largeLib_SpeI,1,B4,3,A81,B12,A81-B12,7,9625,0.0007272727272727272
TFMN4.exp2.ACN3788.concX_largeLib_SpeI.1,concX_largeLib_SpeI,1,B4,3,A81,B132,A81-B132,219,9625,0.022753246753246754
TFMN4.exp2.ACN3788.concX_largeLib_SpeI.1,concX_largeLib_SpeI,1,B4,3,A81,B137,A81-B137,2,9625,0.0002077922077922078
TFMN4.exp2.ACN3788.concX_largeLib_SpeI.1,concX_largeLib_SpeI,1,B4,3,A81,B140,A81-B140,35,9625,0.0036363636363636364
TFMN4.exp2.ACN3788.concX_largeLib_SpeI.1,concX_largeLib_SpeI,1,B4,3,A81,B15,A81-B15,2,9625,0.0002077922077922078
TFMN4.exp2.ACN3788.concX_largeLib_SpeI.1,concX_largeLib_SpeI,1,B4,3,A81,B163,A81-B163,1,9625,0.0001038961038961039
TFMN4.exp2.ACN3788.concX_largeLib_SpeI.1,concX_largeLib_SpeI,1,B4,3,A81,B171,A81-B171,23,9625,0.0023896103896103894
TFMN4.exp2.ACN3788.concX_largeLib_SpeI.1,concX_largeLib_SpeI,1,B4,3,A81,B18,A81-B18,81,9625,0.008415584415584416
TFMN4.exp2.ACN3788.concX_largeLib_SpeI.1,concX_largeLib_SpeI,1,B4,3,A81,B27,A81-B27,93,9625,0.009662337662337662
TFMN4.exp2.ACN3788.concX_largeLib_SpeI.1,concX_largeLib_SpeI,1,B4,3,A81,B3,A81-B3,9,9625,0.0009350649350649351
TFMN4.exp2.ACN3788.concX_largeLib_SpeI.1,concX_largeLib_SpeI,1,B4,3,A81,B4,A81-B4,6,9625,0.0006233766233766234
TFMN4.exp2.ACN3788.concX_largeLib_SpeI.1,concX_largeLib_SpeI,1,B4,3,A81,B40,A81-B40,40,9625,0.004155844155844156
TFMN4.exp2.ACN3788.concX_largeLib_SpeI.1,concX_largeLib_SpeI,1,B4,3,A81,B42,A81-B42,7,9625,0.0007272727272727272
TFMN4.exp2.ACN3788.concX_largeLib_SpeI.1,concX_largeLib_SpeI,1,B4,3,A81,B5,A81-B5,1,9625,0.0001038961038961039
TFMN4.exp2.ACN3788.concX_largeLib_SpeI.1,concX_largeLib_SpeI,1,B4,3,A81,B51,A81-B51,20,9625,0.002077922077922078
TFMN4.exp2.ACN3788.concX_largeLib_SpeI.1,concX_largeLib_SpeI,1,B4,3,A81,B6,A81-B6,3,9625,0.0003116883116883117
TFMN4.exp2.ACN3788.concX_largeLib_SpeI.1,concX_largeLib_SpeI,1,B4,3,A81,B65,A81-B65,15,9625,0.0015584415584415584
TFMN4.exp2.ACN3788.concX_largeLib_SpeI.1,concX_largeLib_SpeI,1,B4,3,A81,B75,A81-B75,57,9625,0.005922077922077922
TFMN4.exp2.ACN3788.concX_largeLib_SpeI.1,concX_largeLib_SpeI,1,B4,3,A81,B77,A81-B77,1,9625,0.0001038961038961039
TFMN4.exp2.ACN3788.concX_largeLib_SpeI.1,concX_largeLib_SpeI,1,B4,3,A81,B8,A81-B8,2361,9625,0.2452987012987013
TFMN4.exp2.ACN3788.concX_largeLib_SpeI.1,concX_largeLib_SpeI,1,B4,3,A81,B84,A81-B84,51,9625,0.005298701298701298
TFMN4.exp2.ACN3788.concX_largeLib_SpeI.1,concX_largeLib_SpeI,1,B4,3,A83,B50,A83-B50,17,9625,0.0017662337662337662
TFMN4.exp2.ACN3788.concX_largeLib_SpeI.1,concX_largeLib_SpeI,1,B4,3,A84,B132,A84-B132,1,9625,0.0001038961038961039
TFMN4.exp2.ACN3788.concX_largeLib_SpeI.1,concX_largeLib_SpeI,1,B4,3,A89,B119,A89-B119,1,9625,0.0001038961038961039
TFMN4.exp2.ACN3788.concX_largeLib_SpeI.1,concX_largeLib_SpeI,1,B4,3,A90,B119,A90-B119,14,9625,0.0014545454545454545
TFMN4.exp2.ACN3788.concX_largeLib_SpeI.1,concX_largeLib_SpeI,1,B4,3,A90,B120,A90-B120,71,9625,0.007376623376623376
TFMN4.exp2.ACN3788.concX_largeLib_SpeI.1,concX_largeLib_SpeI,1,B4,3,A90,B145,A90-B145,39,9625,0.004051948051948052
TFMN4.exp2.ACN3788.concX_largeLib_SpeI.1,concX_largeLib_SpeI,1,B4,3,A90,B147,A90-B147,1,9625,0.0001038961038961039
TFMN4.exp2.ACN3788.concX_largeLib_SpeI.1,concX_largeLib_SpeI,1,B4,3,A90,B151,A90-B151,81,9625,0.008415584415584416
TFMN4.exp2.ACN3788.concX_largeLib_SpeI.1,concX_largeLib_SpeI,1,B4,3,A90,B154,A90-B154,8,9625,0.0008311688311688312
TFMN4.exp2.ACN3788.concX_largeLib_SpeI.1,concX_largeLib_SpeI,1,B4,3,A90,B155,A90-B155,63,9625,0.006545454545454545
TFMN4.exp2.ACN3788.concX_largeLib_SpeI.1,concX_largeLib_SpeI,1,B4,3,A90,B159,A90-B159,9,9625,0.0009350649350649351
TFMN4.exp2.ACN3788.concX_largeLib_SpeI.1,concX_largeLib_SpeI,1,B4,3,A90,B165,A90-B165,1,9625,0.0001038961038961039
TFMN4.exp2.ACN3788.concX_largeLib_SpeI.1,concX_largeLib_SpeI,1,B4,3,A90,B18,A90-B18,1,9625,0.0001038961038961039
TFMN4.exp2.ACN3788.concX_largeLib_SpeI.1,concX_largeLib_SpeI,1,B4,3,A90,B23,A90-B23,1,9625,0.0001038961038961039
TFMN4.exp2.ACN3788.concX_largeLib_SpeI.1,concX_largeLib_SpeI,1,B4,3,A90,B26,A90-B26,1,9625,0.0001038961038961039
TFMN4.exp2.ACN3788.concX_largeLib_SpeI.1,concX_largeLib_SpeI,1,B4,3,A90,B47,A90-B47,6,9625,0.0006233766233766234
TFMN4.exp2.ACN3788.concX_largeLib_SpeI.1,concX_largeLib_SpeI,1,B4,3,A90,B59,A90-B59,14,9625,0.0014545454545454545
TFMN4.exp2.ACN3788.concX_largeLib_SpeI.1,concX_largeLib_SpeI,1,B4,3,A90,B84,A90-B84,2,9625,0.0002077922077922078
TFMN4.exp2.ACN3788.concX_largeLib_SpeI.1,concX_largeLib_SpeI,1,B4,3,A93,B8,A93-B8,2,9625,0.0002077922077922078
TFMN4.exp2.ACN3788.concX_largeLib_SpeI.1,concX_largeLib_SpeI,1,B4,3,A96,B127,A96-B127,1,9625,0.0001038961038961039
TFMN4.exp2.ACN3788.concX_largeLib_SpeI.1,concX_largeLib_SpeI,1,B4,3,A96,B140,A96-B140,6,9625,0.0006233766233766234
TFMN4.exp2.ACN3788.concX_largeLib_SpeI.1,concX_largeLib_SpeI,1,B4,3,A96,B75,A96-B75,9,9625,0.0009350649350649351
TFMN4.exp2.ACN3788.concX_largeLib_SpeI.1,concX_largeLib_SpeI,1,B4,3,A96,B79,A96-B79,15,9625,0.0015584415584415584
TFMN4.exp2.ACN3788.concX_largeLib_SpeI.1,concX_largeLib_SpeI,1,B4,3,A96,B87,A96-B87,10,9625,0.001038961038961039
TFMN4.exp2.ACN3788.concX_largeLib_SpeI.1,concX_largeLib_SpeI,1,B4,3,A96,B91,A96-B91,1,9625,0.0001038961038961039
TFMN4.exp2.ACN3788.concX_largeLib_SpeI.1,concX_largeLib_SpeI,1,B4,3,A98,B77,A98-B77,1,9625,0.0001038961038961039
TFMN4.exp2.ACN3788.concX_largeLib_SpeI.1,concX_largeLib_SpeI,1,B4,4,A1,B87,A1-B87,1,10293,9.71534052268532e-05
TFMN4.exp2.ACN3788.concX_largeLib_SpeI.1,concX_largeLib_SpeI,1,B4,4,A102,B120,A102-B120,3,10293,0.0002914602156805596
TFMN4.exp2.ACN3788.concX_largeLib_SpeI.1,concX_largeLib_SpeI,1,B4,4,A132,B87,A132-B87,1,10293,9.71534052268532e-05
TFMN4.exp2.ACN3788.concX_largeLib_SpeI.1,concX_largeLib_SpeI,1,B4,4,A135,B84,A135-B84,3,10293,0.0002914602156805596
TFMN4.exp2.ACN3788.concX_largeLib_SpeI.1,concX_largeLib_SpeI,1,B4,4,A143,B100,A143-B100,1,10293,9.71534052268532e-05
TFMN4.exp2.ACN3788.concX_largeLib_SpeI.1,concX_largeLib_SpeI,1,B4,4,A143,B130,A143-B130,1,10293,9.71534052268532e-05
TFMN4.exp2.ACN3788.concX_largeLib_SpeI.1,concX_largeLib_SpeI,1,B4,4,A143,B148,A143-B148,1,10293,9.71534052268532e-05
TFMN4.exp2.ACN3788.concX_largeLib_SpeI.1,concX_largeLib_SpeI,1,B4,4,A143,B84,A143-B84,2021,10293,0.1963470319634703
TFMN4.exp2.ACN3788.concX_largeLib_SpeI.1,concX_largeLib_SpeI,1,B4,4,A143,B92,A143-B92,1,10293,9.71534052268532e-05
TFMN4.exp2.ACN3788.concX_largeLib_SpeI.1,concX_largeLib_SpeI,1,B4,4,A143,B93,A143-B93,2,10293,0.0001943068104537064
TFMN4.exp2.ACN3788.concX_largeLib_SpeI.1,concX_largeLib_SpeI,1,B4,4,A145,B8,A145-B8,1,10293,9.71534052268532e-05
TFMN4.exp2.ACN3788.concX_largeLib_SpeI.1,concX_largeLib_SpeI,1,B4,4,A15,B84,A15-B84,1,10293,9.71534052268532e-05
TFMN4.exp2.ACN3788.concX_largeLib_SpeI.1,concX_largeLib_SpeI,1,B4,4,A151,B19,A151-B19,1,10293,9.71534052268532e-05
TFMN4.exp2.ACN3788.concX_largeLib_SpeI.1,concX_largeLib_SpeI,1,B4,4,A152,B100,A152-B100,52,10293,0.005051977071796367
TFMN4.exp2.ACN3788.concX_largeLib_SpeI.1,concX_largeLib_SpeI,1,B4,4,A152,B110,A152-B110,4,10293,0.0003886136209074128
TFMN4.exp2.ACN3788.concX_largeLib_SpeI.1,concX_largeLib_SpeI,1,B4,4,A152,B151,A152-B151,22,10293,0.0021373749149907703
TFMN4.exp2.ACN3788.concX_largeLib_SpeI.1,concX_largeLib_SpeI,1,B4,4,A153,B30,A153-B30,95,10293,0.009229573496551053
TFMN4.exp2.ACN3788.concX_largeLib_SpeI.1,concX_largeLib_SpeI,1,B4,4,A153,B6,A153-B6,72,10293,0.006995045176333431
TFMN4.exp2.ACN3788.concX_largeLib_SpeI.1,concX_largeLib_SpeI,1,B4,4,A159,B24,A159-B24,2,10293,0.0001943068104537064
TFMN4.exp2.ACN3788.concX_largeLib_SpeI.1,concX_largeLib_SpeI,1,B4,4,A159,B49,A159-B49,1,10293,9.71534052268532e-05
TFMN4.exp2.ACN3788.concX_largeLib_SpeI.1,concX_largeLib_SpeI,1,B4,4,A159,B77,A159-B77,11,10293,0.0010686874574953851
TFMN4.exp2.ACN3788.concX_largeLib_SpeI.1,concX_largeLib_SpeI,1,B4,4,A162,B137,A162-B137,1,10293,9.71534052268532e-05
TFMN4.exp2.ACN3788.concX_largeLib_SpeI.1,concX_largeLib_SpeI,1,B4,4,A176,B104,A176-B104,1,10293,9.71534052268532e-05
TFMN4.exp2.ACN3788.concX_largeLib_SpeI.1,concX_largeLib_SpeI,1,B4,4,A176,B119,A176-B119,2,10293,0.0001943068104537064
TFMN4.exp2.ACN3788.concX_largeLib_SpeI.1,concX_largeLib_SpeI,1,B4,4,A176,B120,A176-B120,1,10293,9.71534052268532e-05
TFMN4.exp2.ACN3788.concX_largeLib_SpeI.1,concX_largeLib_SpeI,1,B4,4,A176,B131,A176-B131,2,10293,0.0001943068104537064
TFMN4.exp2.ACN3788.concX_largeLib_SpeI.1,concX_largeLib_SpeI,1,B4,4,A176,B65,A176-B65,1,10293,9.71534052268532e-05
TFMN4.exp2.ACN3788.concX_largeLib_SpeI.1,concX_largeLib_SpeI,1,B4,4,A186,B30,A186-B30,6,10293,0.0005829204313611193
TFMN4.exp2.ACN3788.concX_largeLib_SpeI.1,concX_largeLib_SpeI,1,B4,4,A186,B78,A186-B78,1,10293,9.71534052268532e-05
TFMN4.exp2.ACN3788.concX_largeLib_SpeI.1,concX_largeLib_SpeI,1,B4,4,A186,B79,A186-B79,28,10293,0.0027202953463518896
TFMN4.exp2.ACN3788.concX_largeLib_SpeI.1,concX_largeLib_SpeI,1,B4,4,A191,B84,A191-B84,1,10293,9.71534052268532e-05
TFMN4.exp2.ACN3788.concX_largeLib_SpeI.1,concX_largeLib_SpeI,1,B4,4,A193,B77,A193-B77,1,10293,9.71534052268532e-05
TFMN4.exp2.ACN3788.concX_largeLib_SpeI.1,concX_largeLib_SpeI,1,B4,4,A196,B107,A196-B107,2,10293,0.0001943068104537064
TFMN4.exp2.ACN3788.concX_largeLib_SpeI.1,concX_largeLib_SpeI,1,B4,4,A196,B117,A196-B117,583,10293,0.05664043524725541
TFMN4.exp2.ACN3788.concX_largeLib_SpeI.1,concX_largeLib_SpeI,1,B4,4,A196,B122,A196-B122,19,10293,0.0018459146993102108
TFMN4.exp2.ACN3788.concX_largeLib_SpeI.1,concX_largeLib_SpeI,1,B4,4,A196,B123,A196-B123,17,10293,0.0016516078888565045
TFMN4.exp2.ACN3788.concX_largeLib_SpeI.1,concX_largeLib_SpeI,1,B4,4,A196,B139,A196-B139,1,10293,9.71534052268532e-05
TFMN4.exp2.ACN3788.concX_largeLib_SpeI.1,concX_largeLib_SpeI,1,B4,4,A196,B15,A196-B15,58,10293,0.005634897503157486
TFMN4.exp2.ACN3788.concX_largeLib_SpeI.1,concX_largeLib_SpeI,1,B4,4,A196,B150,A196-B150,49,10293,0.004760516856115807
TFMN4.exp2.ACN3788.concX_largeLib_SpeI.1,concX_largeLib_SpeI,1,B4,4,A196,B151,A196-B151,3,10293,0.0002914602156805596
TFMN4.exp2.ACN3788.concX_largeLib_SpeI.1,concX_largeLib_SpeI,1,B4,4,A196,B171,A196-B171,142,10293,0.013795783542213155
TFMN4.exp2.ACN3788.concX_largeLib_SpeI.1,concX_largeLib_SpeI,1,B4,4,A196,B2,A196-B2,83,10293,0.008063732633828816
TFMN4.exp2.ACN3788.concX_largeLib_SpeI.1,concX_largeLib_SpeI,1,B4,4,A196,B27,A196-B27,198,10293,0.019236374234916934
TFMN4.exp2.ACN3788.concX_largeLib_SpeI.1,concX_largeLib_SpeI,1,B4,4,A196,B30,A196-B30,38,10293,0.0036918293986204216
TFMN4.exp2.ACN3788.concX_largeLib_SpeI.1,concX_largeLib_SpeI,1,B4,4,A196,B39,A196-B39,1,10293,9.71534052268532e-05
TFMN4.exp2.ACN3788.concX_largeLib_SpeI.1,concX_largeLib_SpeI,1,B4,4,A196,B59,A196-B59,323,10293,0.03138054988827359
TFMN4.exp2.ACN3788.concX_largeLib_SpeI.1,concX_largeLib_SpeI,1,B4,4,A196,B6,A196-B6,6,10293,0.0005829204313611193
TFMN4.exp2.ACN3788.concX_largeLib_SpeI.1,concX_largeLib_SpeI,1,B4,4,A196,B75,A196-B75,5,10293,0.000485767026134266
TFMN4.exp2.ACN3788.concX_largeLib_SpeI.1,concX_largeLib_SpeI,1,B4,4,A196,B8,A196-B8,27,10293,0.0026231419411250363
TFMN4.exp2.ACN3788.concX_largeLib_SpeI.1,concX_largeLib_SpeI,1,B4,4,A196,B85,A196-B85,1,10293,9.71534052268532e-05
TFMN4.exp2.ACN3788.concX_largeLib_SpeI.1,concX_largeLib_SpeI,1,B4,4,A196,B86,A196-B86,1,10293,9.71534052268532e-05
TFMN4.exp2.ACN3788.concX_largeLib_SpeI.1,concX_largeLib_SpeI,1,B4,4,A196,B87,A196-B87,634,10293,0.06159525891382493
TFMN4.exp2.ACN3788.concX_largeLib_SpeI.1,concX_largeLib_SpeI,1,B4,4,A196,B91,A196-B91,2,10293,0.0001943068104537064
TFMN4.exp2.ACN3788.concX_largeLib_SpeI.1,concX_largeLib_SpeI,1,B4,4,A20,B126,A20-B126,2,10293,0.0001943068104537064
TFMN4.exp2.ACN3788.concX_largeLib_SpeI.1,concX_largeLib_SpeI,1,B4,4,A20,B178,A20-B178,2,10293,0.0001943068104537064
TFMN4.exp2.ACN3788.concX_largeLib_SpeI.1,concX_largeLib_SpeI,1,B4,4,A20,B30,A20-B30,7,10293,0.0006800738365879724
TFMN4.exp2.ACN3788.concX_largeLib_SpeI.1,concX_largeLib_SpeI,1,B4,4,A20,B60,A20-B60,1,10293,9.71534052268532e-05
TFMN4.exp2.ACN3788.concX_largeLib_SpeI.1,concX_largeLib_SpeI,1,B4,4,A20,B84,A20-B84,3,10293,0.0002914602156805596
TFMN4.exp2.ACN3788.concX_largeLib_SpeI.1,concX_largeLib_SpeI,1,B4,4,A4,B117,A4-B117,1,10293,9.71534052268532e-05
TFMN4.exp2.ACN3788.concX_largeLib_SpeI.1,concX_largeLib_SpeI,1,B4,4,A4,B87,A4-B87,2,10293,0.0001943068104537064
TFMN4.exp2.ACN3788.concX_largeLib_SpeI.1,concX_largeLib_SpeI,1,B4,4,A63,B117,A63-B117,2,10293,0.0001943068104537064
TFMN4.exp2.ACN3788.concX_largeLib_SpeI.1,concX_largeLib_SpeI,1,B4,4,A63,B147,A63-B147,1,10293,9.71534052268532e-05
TFMN4.exp2.ACN3788.concX_largeLib_SpeI.1,concX_largeLib_SpeI,1,B4,4,A63,B151,A63-B151,27,10293,0.0026231419411250363
TFMN4.exp2.ACN3788.concX_largeLib_SpeI.1,concX_largeLib_SpeI,1,B4,4,A63,B75,A63-B75,2,10293,0.0001943068104537064
TFMN4.exp2.ACN3788.concX_largeLib_SpeI.1,concX_largeLib_SpeI,1,B4,4,A63,B84,A63-B84,1,10293,9.71534052268532e-05
TFMN4.exp2.ACN3788.concX_largeLib_SpeI.1,concX_largeLib_SpeI,1,B4,4,A65,B8,A65-B8,2,10293,0.0001943068104537064
TFMN4.exp2.ACN3788.concX_largeLib_SpeI.1,concX_largeLib_SpeI,1,B4,4,A68,B87,A68-B87,1,10293,9.71534052268532e-05
TFMN4.exp2.ACN3788.concX_largeLib_SpeI.1,concX_largeLib_SpeI,1,B4,4,A77,B8,A77-B8,1,10293,9.71534052268532e-05
TFMN4.exp2.ACN3788.concX_largeLib_SpeI.1,concX_largeLib_SpeI,1,B4,4,A78,B103,A78-B103,6,10293,0.0005829204313611193
TFMN4.exp2.ACN3788.concX_largeLib_SpeI.1,concX_largeLib_SpeI,1,B4,4,A78,B109,A78-B109,2,10293,0.0001943068104537064
TFMN4.exp2.ACN3788.concX_largeLib_SpeI.1,concX_largeLib_SpeI,1,B4,4,A78,B137,A78-B137,380,10293,0.03691829398620421
TFMN4.exp2.ACN3788.concX_largeLib_SpeI.1,concX_largeLib_SpeI,1,B4,4,A78,B142,A78-B142,3,10293,0.0002914602156805596
TFMN4.exp2.ACN3788.concX_largeLib_SpeI.1,concX_largeLib_SpeI,1,B4,4,A78,B150,A78-B150,5,10293,0.000485767026134266
TFMN4.exp2.ACN3788.concX_largeLib_SpeI.1,concX_largeLib_SpeI,1,B4,4,A78,B151,A78-B151,243,10293,0.023608277470125328
TFMN4.exp2.ACN3788.concX_largeLib_SpeI.1,concX_largeLib_SpeI,1,B4,4,A78,B171,A78-B171,12,10293,0.0011658408627222385
TFMN4.exp2.ACN3788.concX_largeLib_SpeI.1,concX_largeLib_SpeI,1,B4,4,A78,B26,A78-B26,8,10293,0.0007772272418148256
TFMN4.exp2.ACN3788.concX_largeLib_SpeI.1,concX_largeLib_SpeI,1,B4,4,A78,B65,A78-B65,1,10293,9.71534052268532e-05
TFMN4.exp2.ACN3788.concX_largeLib_SpeI.1,concX_largeLib_SpeI,1,B4,4,A78,B68,A78-B68,1,10293,9.71534052268532e-05
TFMN4.exp2.ACN3788.concX_largeLib_SpeI.1,concX_largeLib_SpeI,1,B4,4,A78,B70,A78-B70,16,10293,0.0015544544836296511
TFMN4.exp2.ACN3788.concX_largeLib_SpeI.1,concX_largeLib_SpeI,1,B4,4,A78,B73,A78-B73,1,10293,9.71534052268532e-05
TFMN4.exp2.ACN3788.concX_largeLib_SpeI.1,concX_largeLib_SpeI,1,B4,4,A78,B77,A78-B77,700,10293,0.06800738365879724
TFMN4.exp2.ACN3788.concX_largeLib_SpeI.1,concX_largeLib_SpeI,1,B4,4,A78,B80,A78-B80,1,10293,9.71534052268532e-05
TFMN4.exp2.ACN3788.concX_largeLib_SpeI.1,concX_largeLib_SpeI,1,B4,4,A78,B84,A78-B84,109,10293,0.010589721169727
TFMN4.exp2.ACN3788.concX_largeLib_SpeI.1,concX_largeLib_SpeI,1,B4,4,A78,B89,A78-B89,1,10293,9.71534052268532e-05
TFMN4.exp2.ACN3788.concX_largeLib_SpeI.1,concX_largeLib_SpeI,1,B4,4,A81,B12,A81-B12,6,10293,0.0005829204313611193
TFMN4.exp2.ACN3788.concX_largeLib_SpeI.1,concX_largeLib_SpeI,1,B4,4,A81,B132,A81-B132,75,10293,0.00728650539201399
TFMN4.exp2.ACN3788.concX_largeLib_SpeI.1,concX_largeLib_SpeI,1,B4,4,A81,B136,A81-B136,1,10293,9.71534052268532e-05
TFMN4.exp2.ACN3788.concX_largeLib_SpeI.1,concX_largeLib_SpeI,1,B4,4,A81,B137,A81-B137,1,10293,9.71534052268532e-05
TFMN4.exp2.ACN3788.concX_largeLib_SpeI.1,concX_largeLib_SpeI,1,B4,4,A81,B140,A81-B140,9,10293,0.0008743806470416788
TFMN4.exp2.ACN3788.concX_largeLib_SpeI.1,concX_largeLib_SpeI,1,B4,4,A81,B16,A81-B16,1,10293,9.71534052268532e-05
TFMN4.exp2.ACN3788.concX_largeLib_SpeI.1,concX_largeLib_SpeI,1,B4,4,A81,B171,A81-B171,5,10293,0.000485767026134266
TFMN4.exp2.ACN3788.concX_largeLib_SpeI.1,concX_largeLib_SpeI,1,B4,4,A81,B18,A81-B18,30,10293,0.002914602156805596
TFMN4.exp2.ACN3788.concX_largeLib_SpeI.1,concX_largeLib_SpeI,1,B4,4,A81,B27,A81-B27,42,10293,0.004080443019527835
TFMN4.exp2.ACN3788.concX_largeLib_SpeI.1,concX_largeLib_SpeI,1,B4,4,A81,B3,A81-B3,6,10293,0.0005829204313611193
TFMN4.exp2.ACN3788.concX_largeLib_SpeI.1,concX_largeLib_SpeI,1,B4,4,A81,B4,A81-B4,2,10293,0.0001943068104537064
TFMN4.exp2.ACN3788.concX_largeLib_SpeI.1,concX_largeLib_SpeI,1,B4,4,A81,B40,A81-B40,23,10293,0.0022345283202176236
TFMN4.exp2.ACN3788.concX_largeLib_SpeI.1,concX_largeLib_SpeI,1,B4,4,A81,B42,A81-B42,5,10293,0.000485767026134266
TFMN4.exp2.ACN3788.concX_largeLib_SpeI.1,concX_largeLib_SpeI,1,B4,4,A81,B47,A81-B47,1,10293,9.71534052268532e-05
TFMN4.exp2.ACN3788.concX_largeLib_SpeI.1,concX_largeLib_SpeI,1,B4,4,A81,B51,A81-B51,14,10293,0.0013601476731759448
TFMN4.exp2.ACN3788.concX_largeLib_SpeI.1,concX_largeLib_SpeI,1,B4,4,A81,B65,A81-B65,6,10293,0.0005829204313611193
TFMN4.exp2.ACN3788.concX_largeLib_SpeI.1,concX_largeLib_SpeI,1,B4,4,A81,B75,A81-B75,34,10293,0.003303215777713009
TFMN4.exp2.ACN3788.concX_largeLib_SpeI.1,concX_largeLib_SpeI,1,B4,4,A81,B8,A81-B8,3734,10293,0.3627708151170699
TFMN4.exp2.ACN3788.concX_largeLib_SpeI.1,concX_largeLib_SpeI,1,B4,4,A81,B84,A81-B84,33,10293,0.0032060623724861556
TFMN4.exp2.ACN3788.concX_largeLib_SpeI.1,concX_largeLib_SpeI,1,B4,4,A82,B8,A82-B8,1,10293,9.71534052268532e-05
TFMN4.exp2.ACN3788.concX_largeLib_SpeI.1,concX_largeLib_SpeI,1,B4,4,A83,B137,A83-B137,1,10293,9.71534052268532e-05
TFMN4.exp2.ACN3788.concX_largeLib_SpeI.1,concX_largeLib_SpeI,1,B4,4,A83,B50,A83-B50,18,10293,0.0017487612940833576
TFMN4.exp2.ACN3788.concX_largeLib_SpeI.1,concX_largeLib_SpeI,1,B4,4,A90,B103,A90-B103,1,10293,9.71534052268532e-05
TFMN4.exp2.ACN3788.concX_largeLib_SpeI.1,concX_largeLib_SpeI,1,B4,4,A90,B119,A90-B119,3,10293,0.0002914602156805596
TFMN4.exp2.ACN3788.concX_largeLib_SpeI.1,concX_largeLib_SpeI,1,B4,4,A90,B120,A90-B120,39,10293,0.003788982803847275
TFMN4.exp2.ACN3788.concX_largeLib_SpeI.1,concX_largeLib_SpeI,1,B4,4,A90,B145,A90-B145,18,10293,0.0017487612940833576
TFMN4.exp2.ACN3788.concX_largeLib_SpeI.1,concX_largeLib_SpeI,1,B4,4,A90,B151,A90-B151,49,10293,0.004760516856115807
TFMN4.exp2.ACN3788.concX_largeLib_SpeI.1,concX_largeLib_SpeI,1,B4,4,A90,B154,A90-B154,2,10293,0.0001943068104537064
TFMN4.exp2.ACN3788.concX_largeLib_SpeI.1,concX_largeLib_SpeI,1,B4,4,A90,B155,A90-B155,12,10293,0.0011658408627222385
TFMN4.exp2.ACN3788.concX_largeLib_SpeI.1,concX_largeLib_SpeI,1,B4,4,A90,B18,A90-B18,3,10293,0.0002914602156805596
TFMN4.exp2.ACN3788.concX_largeLib_SpeI.1,concX_largeLib_SpeI,1,B4,4,A90,B26,A90-B26,1,10293,9.71534052268532e-05
TFMN4.exp2.ACN3788.concX_largeLib_SpeI.1,concX_largeLib_SpeI,1,B4,4,A90,B47,A90-B47,10,10293,0.000971534052268532
TFMN4.exp2.ACN3788.concX_largeLib_SpeI.1,concX_largeLib_SpeI,1,B4,4,A90,B59,A90-B59,2,10293,0.0001943068104537064
TFMN4.exp2.ACN3788.concX_largeLib_SpeI.1,concX_largeLib_SpeI,1,B4,4,A90,B84,A90-B84,2,10293,0.0001943068104537064
TFMN4.exp2.ACN3788.concX_largeLib_SpeI.1,concX_largeLib_SpeI,1,B4,4,A93,B40,A93-B40,1,10293,9.71534052268532e-05
TFMN4.exp2.ACN3788.concX_largeLib_SpeI.1,concX_largeLib_SpeI,1,B4,4,A93,B8,A93-B8,1,10293,9.71534052268532e-05
TFMN4.exp2.ACN3788.concX_largeLib_SpeI.1,concX_largeLib_SpeI,1,B4,4,A96,B140,A96-B140,5,10293,0.000485767026134266
TFMN4.exp2.ACN3788.concX_largeLib_SpeI.1,concX_largeLib_SpeI,1,B4,4,A96,B47,A96-B47,1,10293,9.71534052268532e-05
TFMN4.exp2.ACN3788.concX_largeLib_SpeI.1,concX_largeLib_SpeI,1,B4,4,A96,B75,A96-B75,2,10293,0.0001943068104537064
TFMN4.exp2.ACN3788.concX_largeLib_SpeI.1,concX_largeLib_SpeI,1,B4,4,A96,B79,A96-B79,8,10293,0.0007772272418148256
TFMN4.exp2.ACN3788.concX_largeLib_SpeI.1,concX_largeLib_SpeI,1,B4,4,A96,B87,A96-B87,6,10293,0.0005829204313611193
TFMN4.exp2.ACN3788.concX_largeLib_SpeI.1,concX_largeLib_SpeI,1,B4,6,A143,B84,A143-B84,16,191,0.08376963350785341
TFMN4.exp2.ACN3788.concX_largeLib_SpeI.1,concX_largeLib_SpeI,1,B4,6,A196,B117,A196-B117,11,191,0.05759162303664921
TFMN4.exp2.ACN3788.concX_largeLib_SpeI.1,concX_largeLib_SpeI,1,B4,6,A196,B171,A196-B171,4,191,0.020942408376963352
TFMN4.exp2.ACN3788.concX_largeLib_SpeI.1,concX_largeLib_SpeI,1,B4,6,A196,B2,A196-B2,8,191,0.041884816753926704
TFMN4.exp2.ACN3788.concX_largeLib_SpeI.1,concX_largeLib_SpeI,1,B4,6,A196,B27,A196-B27,2,191,0.010471204188481676
TFMN4.exp2.ACN3788.concX_largeLib_SpeI.1,concX_largeLib_SpeI,1,B4,6,A196,B59,A196-B59,3,191,0.015706806282722512
TFMN4.exp2.ACN3788.concX_largeLib_SpeI.1,concX_largeLib_SpeI,1,B4,6,A196,B87,A196-B87,9,191,0.04712041884816754
TFMN4.exp2.ACN3788.concX_largeLib_SpeI.1,concX_largeLib_SpeI,1,B4,6,A63,B145,A63-B145,1,191,0.005235602094240838
TFMN4.exp2.ACN3788.concX_largeLib_SpeI.1,concX_largeLib_SpeI,1,B4,6,A78,B137,A78-B137,1,191,0.005235602094240838
TFMN4.exp2.ACN3788.concX_largeLib_SpeI.1,concX_largeLib_SpeI,1,B4,6,A78,B151,A78-B151,3,191,0.015706806282722512
TFMN4.exp2.ACN3788.concX_largeLib_SpeI.1,concX_largeLib_SpeI,1,B4,6,A78,B77,A78-B77,13,191,0.06806282722513089
TFMN4.exp2.ACN3788.concX_largeLib_SpeI.1,concX_largeLib_SpeI,1,B4,6,A79,B77,A79-B77,1,191,0.005235602094240838
TFMN4.exp2.ACN3788.concX_largeLib_SpeI.1,concX_largeLib_SpeI,1,B4,6,A81,B132,A81-B132,2,191,0.010471204188481676
TFMN4.exp2.ACN3788.concX_largeLib_SpeI.1,concX_largeLib_SpeI,1,B4,6,A81,B27,A81-B27,1,191,0.005235602094240838
TFMN4.exp2.ACN3788.concX_largeLib_SpeI.1,concX_largeLib_SpeI,1,B4,6,A81,B8,A81-B8,114,191,0.5968586387434555
TFMN4.exp2.ACN3788.concX_largeLib_SpeI.1,concX_largeLib_SpeI,1,B4,6,A90,B151,A90-B151,1,191,0.005235602094240838
TFMN4.exp2.ACN3788.concX_largeLib_SpeI.1,concX_largeLib_SpeI,1,B4,6,A90,B155,A90-B155,1,191,0.005235602094240838
TFMN4.exp2.ACN3788.concX_largeLib_SpeI.1,concX_largeLib_SpeI,1,B4,13,A101,B8,A101-B8,1,10216,9.788566953797964e-05
TFMN4.exp2.ACN3788.concX_largeLib_SpeI.1,concX_largeLib_SpeI,1,B4,13,A113,B8,A113-B8,1,10216,9.788566953797964e-05
TFMN4.exp2.ACN3788.concX_largeLib_SpeI.1,concX_largeLib_SpeI,1,B4,13,A122,B79,A122-B79,1,10216,9.788566953797964e-05
TFMN4.exp2.ACN3788.concX_largeLib_SpeI.1,concX_largeLib_SpeI,1,B4,13,A130,B79,A130-B79,1,10216,9.788566953797964e-05
TFMN4.exp2.ACN3788.concX_largeLib_SpeI.1,concX_largeLib_SpeI,1,B4,13,A138,B79,A138-B79,1,10216,9.788566953797964e-05
TFMN4.exp2.ACN3788.concX_largeLib_SpeI.1,concX_largeLib_SpeI,1,B4,13,A143,B68,A143-B68,1,10216,9.788566953797964e-05
TFMN4.exp2.ACN3788.concX_largeLib_SpeI.1,concX_largeLib_SpeI,1,B4,13,A143,B76,A143-B76,1,10216,9.788566953797964e-05
TFMN4.exp2.ACN3788.concX_largeLib_SpeI.1,concX_largeLib_SpeI,1,B4,13,A143,B8,A143-B8,1,10216,9.788566953797964e-05
TFMN4.exp2.ACN3788.concX_largeLib_SpeI.1,concX_largeLib_SpeI,1,B4,13,A143,B82,A143-B82,1,10216,9.788566953797964e-05
TFMN4.exp2.ACN3788.concX_largeLib_SpeI.1,concX_largeLib_SpeI,1,B4,13,A143,B84,A143-B84,1257,10216,0.12304228660924041
TFMN4.exp2.ACN3788.concX_largeLib_SpeI.1,concX_largeLib_SpeI,1,B4,13,A143,B89,A143-B89,1,10216,9.788566953797964e-05
TFMN4.exp2.ACN3788.concX_largeLib_SpeI.1,concX_largeLib_SpeI,1,B4,13,A143,B92,A143-B92,2,10216,0.00019577133907595928
TFMN4.exp2.ACN3788.concX_largeLib_SpeI.1,concX_largeLib_SpeI,1,B4,13,A15,B84,A15-B84,1,10216,9.788566953797964e-05
TFMN4.exp2.ACN3788.concX_largeLib_SpeI.1,concX_largeLib_SpeI,1,B4,13,A152,B100,A152-B100,7,10216,0.0006851996867658575
TFMN4.exp2.ACN3788.concX_largeLib_SpeI.1,concX_largeLib_SpeI,1,B4,13,A153,B30,A153-B30,1,10216,9.788566953797964e-05
TFMN4.exp2.ACN3788.concX_largeLib_SpeI.1,concX_largeLib_SpeI,1,B4,13,A153,B6,A153-B6,2,10216,0.00019577133907595928
TFMN4.exp2.ACN3788.concX_largeLib_SpeI.1,concX_largeLib_SpeI,1,B4,13,A154,B79,A154-B79,1,10216,9.788566953797964e-05
TFMN4.exp2.ACN3788.concX_largeLib_SpeI.1,concX_largeLib_SpeI,1,B4,13,A186,B111,A186-B111,2,10216,0.00019577133907595928
TFMN4.exp2.ACN3788.concX_largeLib_SpeI.1,concX_largeLib_SpeI,1,B4,13,A186,B148,A186-B148,2,10216,0.00019577133907595928
TFMN4.exp2.ACN3788.concX_largeLib_SpeI.1,concX_largeLib_SpeI,1,B4,13,A186,B15,A186-B15,2,10216,0.00019577133907595928
TFMN4.exp2.ACN3788.concX_largeLib_SpeI.1,concX_largeLib_SpeI,1,B4,13,A186,B71,A186-B71,2,10216,0.00019577133907595928
TFMN4.exp2.ACN3788.concX_largeLib_SpeI.1,concX_largeLib_SpeI,1,B4,13,A186,B77,A186-B77,1,10216,9.788566953797964e-05
TFMN4.exp2.ACN3788.concX_largeLib_SpeI.1,concX_largeLib_SpeI,1,B4,13,A186,B78,A186-B78,2,10216,0.00019577133907595928
TFMN4.exp2.ACN3788.concX_largeLib_SpeI.1,concX_largeLib_SpeI,1,B4,13,A186,B79,A186-B79,1835,10216,0.17962020360219264
TFMN4.exp2.ACN3788.concX_largeLib_SpeI.1,concX_largeLib_SpeI,1,B4,13,A186,B8,A186-B8,1,10216,9.788566953797964e-05
TFMN4.exp2.ACN3788.concX_largeLib_SpeI.1,concX_largeLib_SpeI,1,B4,13,A186,B99,A186-B99,2,10216,0.00019577133907595928
TFMN4.exp2.ACN3788.concX_largeLib_SpeI.1,concX_largeLib_SpeI,1,B4,13,A191,B84,A191-B84,1,10216,9.788566953797964e-05
TFMN4.exp2.ACN3788.concX_largeLib_SpeI.1,concX_largeLib_SpeI,1,B4,13,A196,B117,A196-B117,3,10216,0.00029365700861393895
TFMN4.exp2.ACN3788.concX_largeLib_SpeI.1,concX_largeLib_SpeI,1,B4,13,A196,B123,A196-B123,1,10216,9.788566953797964e-05
TFMN4.exp2.ACN3788.concX_largeLib_SpeI.1,concX_largeLib_SpeI,1,B4,13,A196,B171,A196-B171,2,10216,0.00019577133907595928
TFMN4.exp2.ACN3788.concX_largeLib_SpeI.1,concX_largeLib_SpeI,1,B4,13,A196,B59,A196-B59,2,10216,0.00019577133907595928
TFMN4.exp2.ACN3788.concX_largeLib_SpeI.1,concX_largeLib_SpeI,1,B4,13,A196,B87,A196-B87,8,10216,0.0007830853563038371
TFMN4.exp2.ACN3788.concX_largeLib_SpeI.1,concX_largeLib_SpeI,1,B4,13,A63,B151,A63-B151,1,10216,9.788566953797964e-05
TFMN4.exp2.ACN3788.concX_largeLib_SpeI.1,concX_largeLib_SpeI,1,B4,13,A65,B8,A65-B8,4,10216,0.00039154267815191856
TFMN4.exp2.ACN3788.concX_largeLib_SpeI.1,concX_largeLib_SpeI,1,B4,13,A78,B150,A78-B150,1,10216,9.788566953797964e-05
TFMN4.exp2.ACN3788.concX_largeLib_SpeI.1,concX_largeLib_SpeI,1,B4,13,A78,B151,A78-B151,25,10216,0.002447141738449491
TFMN4.exp2.ACN3788.concX_largeLib_SpeI.1,concX_largeLib_SpeI,1,B4,13,A78,B155,A78-B155,1,10216,9.788566953797964e-05
TFMN4.exp2.ACN3788.concX_largeLib_SpeI.1,concX_largeLib_SpeI,1,B4,13,A78,B77,A78-B77,38,10216,0.0037196554424432263
TFMN4.exp2.ACN3788.concX_largeLib_SpeI.1,concX_largeLib_SpeI,1,B4,13,A78,B84,A78-B84,2,10216,0.00019577133907595928
TFMN4.exp2.ACN3788.concX_largeLib_SpeI.1,concX_largeLib_SpeI,1,B4,13,A81,B132,A81-B132,67,10216,0.006558339859044636
TFMN4.exp2.ACN3788.concX_largeLib_SpeI.1,concX_largeLib_SpeI,1,B4,13,A81,B171,A81-B171,1,10216,9.788566953797964e-05
TFMN4.exp2.ACN3788.concX_largeLib_SpeI.1,concX_largeLib_SpeI,1,B4,13,A81,B18,A81-B18,1,10216,9.788566953797964e-05
TFMN4.exp2.ACN3788.concX_largeLib_SpeI.1,concX_largeLib_SpeI,1,B4,13,A81,B27,A81-B27,2,10216,0.00019577133907595928
TFMN4.exp2.ACN3788.concX_largeLib_SpeI.1,concX_largeLib_SpeI,1,B4,13,A81,B3,A81-B3,9,10216,0.0008809710258418168
TFMN4.exp2.ACN3788.concX_largeLib_SpeI.1,concX_largeLib_SpeI,1,B4,13,A81,B5,A81-B5,1,10216,9.788566953797964e-05
TFMN4.exp2.ACN3788.concX_largeLib_SpeI.1,concX_largeLib_SpeI,1,B4,13,A81,B7,A81-B7,1,10216,9.788566953797964e-05
TFMN4.exp2.ACN3788.concX_largeLib_SpeI.1,concX_largeLib_SpeI,1,B4,13,A81,B77,A81-B77,1,10216,9.788566953797964e-05
TFMN4.exp2.ACN3788.concX_largeLib_SpeI.1,concX_largeLib_SpeI,1,B4,13,A81,B8,A81-B8,6905,10216,0.6759005481597494
TFMN4.exp2.ACN3788.concX_largeLib_SpeI.1,concX_largeLib_SpeI,1,B4,13,A82,B77,A82-B77,1,10216,9.788566953797964e-05
TFMN4.exp2.ACN3788.concX_largeLib_SpeI.1,concX_largeLib_SpeI,1,B4,13,A83,B50,A83-B50,2,10216,0.00019577133907595928
TFMN4.exp2.ACN3788.concX_largeLib_SpeI.1,concX_largeLib_SpeI,1,B4,13,A90,B151,A90-B151,1,10216,9.788566953797964e-05
TFMN4.exp2.ACN3788.concX_largeLib_SpeI.1,concX_largeLib_SpeI,1,B4,13,A93,B136,A93-B136,1,10216,9.788566953797964e-05
TFMN4.exp2.ACN3788.concX_largeLib_SpeI.1,concX_largeLib_SpeI,1,B4,13,A93,B8,A93-B8,3,10216,0.00029365700861393895
TFMN4.exp2.ACN3788.concX_largeLib_SpeI.1,concX_largeLib_SpeI,1,B4,13,A97,B8,A97-B8,1,10216,9.788566953797964e-05
TFMN4.exp2.ACN3788.concX_largeLib_SpeI.2,concX_largeLib_SpeI,2,C4,3,A143,B123,A143-B123,2,135,0.014814814814814815
TFMN4.exp2.ACN3788.concX_largeLib_SpeI.2,concX_largeLib_SpeI,2,C4,3,A153,B151,A153-B151,4,135,0.02962962962962963
TFMN4.exp2.ACN3788.concX_largeLib_SpeI.2,concX_largeLib_SpeI,2,C4,3,A153,B27,A153-B27,1,135,0.007407407407407408
TFMN4.exp2.ACN3788.concX_largeLib_SpeI.2,concX_largeLib_SpeI,2,C4,3,A153,B30,A153-B30,12,135,0.08888888888888889
TFMN4.exp2.ACN3788.concX_largeLib_SpeI.2,concX_largeLib_SpeI,2,C4,3,A153,B84,A153-B84,4,135,0.02962962962962963
TFMN4.exp2.ACN3788.concX_largeLib_SpeI.2,concX_largeLib_SpeI,2,C4,3,A169,B27,A169-B27,1,135,0.007407407407407408
TFMN4.exp2.ACN3788.concX_largeLib_SpeI.2,concX_largeLib_SpeI,2,C4,3,A196,B11,A196-B11,38,135,0.2814814814814815
TFMN4.exp2.ACN3788.concX_largeLib_SpeI.2,concX_largeLib_SpeI,2,C4,3,A196,B123,A196-B123,15,135,0.1111111111111111
TFMN4.exp2.ACN3788.concX_largeLib_SpeI.2,concX_largeLib_SpeI,2,C4,3,A196,B132,A196-B132,5,135,0.037037037037037035
TFMN4.exp2.ACN3788.concX_largeLib_SpeI.2,concX_largeLib_SpeI,2,C4,3,A196,B15,A196-B15,1,135,0.007407407407407408
TFMN4.exp2.ACN3788.concX_largeLib_SpeI.2,concX_largeLib_SpeI,2,C4,3,A196,B18,A196-B18,2,135,0.014814814814814815
TFMN4.exp2.ACN3788.concX_largeLib_SpeI.2,concX_largeLib_SpeI,2,C4,3,A20,B66,A20-B66,4,135,0.02962962962962963
TFMN4.exp2.ACN3788.concX_largeLib_SpeI.2,concX_largeLib_SpeI,2,C4,3,A78,B137,A78-B137,3,135,0.022222222222222223
TFMN4.exp2.ACN3788.concX_largeLib_SpeI.2,concX_largeLib_SpeI,2,C4,3,A78,B26,A78-B26,4,135,0.02962962962962963
TFMN4.exp2.ACN3788.concX_largeLib_SpeI.2,concX_largeLib_SpeI,2,C4,3,A78,B75,A78-B75,5,135,0.037037037037037035
TFMN4.exp2.ACN3788.concX_largeLib_SpeI.2,concX_largeLib_SpeI,2,C4,3,A78,B84,A78-B84,2,135,0.014814814814814815
TFMN4.exp2.ACN3788.concX_largeLib_SpeI.2,concX_largeLib_SpeI,2,C4,3,A81,B100,A81-B100,5,135,0.037037037037037035
TFMN4.exp2.ACN3788.concX_largeLib_SpeI.2,concX_largeLib_SpeI,2,C4,3,A81,B127,A81-B127,7,135,0.05185185185185185
TFMN4.exp2.ACN3788.concX_largeLib_SpeI.2,concX_largeLib_SpeI,2,C4,3,A81,B132,A81-B132,1,135,0.007407407407407408
TFMN4.exp2.ACN3788.concX_largeLib_SpeI.2,concX_largeLib_SpeI,2,C4,3,A81,B174,A81-B174,1,135,0.007407407407407408
TFMN4.exp2.ACN3788.concX_largeLib_SpeI.2,concX_largeLib_SpeI,2,C4,3,A81,B40,A81-B40,3,135,0.022222222222222223
TFMN4.exp2.ACN3788.concX_largeLib_SpeI.2,concX_largeLib_SpeI,2,C4,3,A81,B66,A81-B66,2,135,0.014814814814814815
TFMN4.exp2.ACN3788.concX_largeLib_SpeI.2,concX_largeLib_SpeI,2,C4,3,A83,B103,A83-B103,2,135,0.014814814814814815
TFMN4.exp2.ACN3788.concX_largeLib_SpeI.2,concX_largeLib_SpeI,2,C4,3,A83,B151,A83-B151,1,135,0.007407407407407408
TFMN4.exp2.ACN3788.concX_largeLib_SpeI.2,concX_largeLib_SpeI,2,C4,3,A83,B84,A83-B84,1,135,0.007407407407407408
TFMN4.exp2.ACN3788.concX_largeLib_SpeI.2,concX_largeLib_SpeI,2,C4,3,A89,B27,A89-B27,1,135,0.007407407407407408
TFMN4.exp2.ACN3788.concX_largeLib_SpeI.2,concX_largeLib_SpeI,2,C4,3,A90,B154,A90-B154,3,135,0.022222222222222223
TFMN4.exp2.ACN3788.concX_largeLib_SpeI.2,concX_largeLib_SpeI,2,C4,3,A90,B75,A90-B75,3,135,0.022222222222222223
TFMN4.exp2.ACN3788.concX_largeLib_SpeI.2,concX_largeLib_SpeI,2,C4,3,A96,B140,A96-B140,1,135,0.007407407407407408
TFMN4.exp2.ACN3788.concX_largeLib_SpeI.2,concX_largeLib_SpeI,2,C4,3,A96,B87,A96-B87,1,135,0.007407407407407408
TFMN4.exp2.ACN3788.concX_largeLib_SpeI.2,concX_largeLib_SpeI,2,C4,4,A143,B123,A143-B123,1,205,0.004878048780487805
TFMN4.exp2.ACN3788.concX_largeLib_SpeI.2,concX_largeLib_SpeI,2,C4,4,A143,B6,A143-B6,2,205,0.00975609756097561
TFMN4.exp2.ACN3788.concX_largeLib_SpeI.2,concX_largeLib_SpeI,2,C4,4,A153,B101,A153-B101,1,205,0.004878048780487805
TFMN4.exp2.ACN3788.concX_largeLib_SpeI.2,concX_largeLib_SpeI,2,C4,4,A153,B30,A153-B30,17,205,0.08292682926829269
TFMN4.exp2.ACN3788.concX_largeLib_SpeI.2,concX_largeLib_SpeI,2,C4,4,A153,B84,A153-B84,1,205,0.004878048780487805
TFMN4.exp2.ACN3788.concX_largeLib_SpeI.2,concX_largeLib_SpeI,2,C4,4,A193,B11,A193-B11,1,205,0.004878048780487805
TFMN4.exp2.ACN3788.concX_largeLib_SpeI.2,concX_largeLib_SpeI,2,C4,4,A196,B11,A196-B11,65,205,0.3170731707317073
TFMN4.exp2.ACN3788.concX_largeLib_SpeI.2,concX_largeLib_SpeI,2,C4,4,A196,B123,A196-B123,44,205,0.2146341463414634
TFMN4.exp2.ACN3788.concX_largeLib_SpeI.2,concX_largeLib_SpeI,2,C4,4,A196,B132,A196-B132,4,205,0.01951219512195122
TFMN4.exp2.ACN3788.concX_largeLib_SpeI.2,concX_largeLib_SpeI,2,C4,4,A196,B15,A196-B15,3,205,0.014634146341463415
TFMN4.exp2.ACN3788.concX_largeLib_SpeI.2,concX_largeLib_SpeI,2,C4,4,A196,B18,A196-B18,1,205,0.004878048780487805
TFMN4.exp2.ACN3788.concX_largeLib_SpeI.2,concX_largeLib_SpeI,2,C4,4,A196,B6,A196-B6,1,205,0.004878048780487805
TFMN4.exp2.ACN3788.concX_largeLib_SpeI.2,concX_largeLib_SpeI,2,C4,4,A20,B66,A20-B66,2,205,0.00975609756097561
TFMN4.exp2.ACN3788.concX_largeLib_SpeI.2,concX_largeLib_SpeI,2,C4,4,A20,B71,A20-B71,1,205,0.004878048780487805
TFMN4.exp2.ACN3788.concX_largeLib_SpeI.2,concX_largeLib_SpeI,2,C4,4,A78,B137,A78-B137,2,205,0.00975609756097561
TFMN4.exp2.ACN3788.concX_largeLib_SpeI.2,concX_largeLib_SpeI,2,C4,4,A78,B26,A78-B26,6,205,0.02926829268292683
TFMN4.exp2.ACN3788.concX_largeLib_SpeI.2,concX_largeLib_SpeI,2,C4,4,A78,B75,A78-B75,8,205,0.03902439024390244
TFMN4.exp2.ACN3788.concX_largeLib_SpeI.2,concX_largeLib_SpeI,2,C4,4,A78,B84,A78-B84,3,205,0.014634146341463415
TFMN4.exp2.ACN3788.concX_largeLib_SpeI.2,concX_largeLib_SpeI,2,C4,4,A81,B100,A81-B100,3,205,0.014634146341463415
TFMN4.exp2.ACN3788.concX_largeLib_SpeI.2,concX_largeLib_SpeI,2,C4,4,A81,B127,A81-B127,5,205,0.024390243902439025
TFMN4.exp2.ACN3788.concX_largeLib_SpeI.2,concX_largeLib_SpeI,2,C4,4,A81,B174,A81-B174,2,205,0.00975609756097561
TFMN4.exp2.ACN3788.concX_largeLib_SpeI.2,concX_largeLib_SpeI,2,C4,4,A81,B40,A81-B40,2,205,0.00975609756097561
TFMN4.exp2.ACN3788.concX_largeLib_SpeI.2,concX_largeLib_SpeI,2,C4,4,A81,B66,A81-B66,3,205,0.014634146341463415
TFMN4.exp2.ACN3788.concX_largeLib_SpeI.2,concX_largeLib_SpeI,2,C4,4,A81,B75,A81-B75,4,205,0.01951219512195122
TFMN4.exp2.ACN3788.concX_largeLib_SpeI.2,concX_largeLib_SpeI,2,C4,4,A83,B101,A83-B101,1,205,0.004878048780487805
TFMN4.exp2.ACN3788.concX_largeLib_SpeI.2,concX_largeLib_SpeI,2,C4,4,A83,B137,A83-B137,1,205,0.004878048780487805
TFMN4.exp2.ACN3788.concX_largeLib_SpeI.2,concX_largeLib_SpeI,2,C4,4,A83,B151,A83-B151,7,205,0.03414634146341464
TFMN4.exp2.ACN3788.concX_largeLib_SpeI.2,concX_largeLib_SpeI,2,C4,4,A83,B84,A83-B84,1,205,0.004878048780487805
TFMN4.exp2.ACN3788.concX_largeLib_SpeI.2,concX_largeLib_SpeI,2,C4,4,A90,B3,A90-B3,1,205,0.004878048780487805
TFMN4.exp2.ACN3788.concX_largeLib_SpeI.2,concX_largeLib_SpeI,2,C4,4,A90,B70,A90-B70,2,205,0.00975609756097561
TFMN4.exp2.ACN3788.concX_largeLib_SpeI.2,concX_largeLib_SpeI,2,C4,4,A90,B75,A90-B75,6,205,0.02926829268292683
TFMN4.exp2.ACN3788.concX_largeLib_SpeI.2,concX_largeLib_SpeI,2,C4,4,A96,B140,A96-B140,4,205,0.01951219512195122
TFMN4.exp2.ACN3788.concX_largeLib_SpeI.2,concX_largeLib_SpeI,2,C4,6,A113,B174,A113-B174,1,228,0.0043859649122807015
TFMN4.exp2.ACN3788.concX_largeLib_SpeI.2,concX_largeLib_SpeI,2,C4,6,A153,B30,A153-B30,8,228,0.03508771929824561
TFMN4.exp2.ACN3788.concX_largeLib_SpeI.2,concX_largeLib_SpeI,2,C4,6,A176,B154,A176-B154,1,228,0.0043859649122807015
TFMN4.exp2.ACN3788.concX_largeLib_SpeI.2,concX_largeLib_SpeI,2,C4,6,A196,B11,A196-B11,45,228,0.19736842105263158
TFMN4.exp2.ACN3788.concX_largeLib_SpeI.2,concX_largeLib_SpeI,2,C4,6,A196,B123,A196-B123,12,228,0.05263157894736842
TFMN4.exp2.ACN3788.concX_largeLib_SpeI.2,concX_largeLib_SpeI,2,C4,6,A196,B132,A196-B132,5,228,0.021929824561403508
TFMN4.exp2.ACN3788.concX_largeLib_SpeI.2,concX_largeLib_SpeI,2,C4,6,A196,B139,A196-B139,1,228,0.0043859649122807015
TFMN4.exp2.ACN3788.concX_largeLib_SpeI.2,concX_largeLib_SpeI,2,C4,6,A196,B18,A196-B18,8,228,0.03508771929824561
TFMN4.exp2.ACN3788.concX_largeLib_SpeI.2,concX_largeLib_SpeI,2,C4,6,A20,B66,A20-B66,3,228,0.013157894736842105
TFMN4.exp2.ACN3788.concX_largeLib_SpeI.2,concX_largeLib_SpeI,2,C4,6,A38,B128,A38-B128,1,228,0.0043859649122807015
TFMN4.exp2.ACN3788.concX_largeLib_SpeI.2,concX_largeLib_SpeI,2,C4,6,A78,B101,A78-B101,2,228,0.008771929824561403
TFMN4.exp2.ACN3788.concX_largeLib_SpeI.2,concX_largeLib_SpeI,2,C4,6,A78,B137,A78-B137,3,228,0.013157894736842105
TFMN4.exp2.ACN3788.concX_largeLib_SpeI.2,concX_largeLib_SpeI,2,C4,6,A78,B26,A78-B26,3,228,0.013157894736842105
TFMN4.exp2.ACN3788.concX_largeLib_SpeI.2,concX_largeLib_SpeI,2,C4,6,A81,B100,A81-B100,1,228,0.0043859649122807015
TFMN4.exp2.ACN3788.concX_largeLib_SpeI.2,concX_largeLib_SpeI,2,C4,6,A81,B127,A81-B127,4,228,0.017543859649122806
TFMN4.exp2.ACN3788.concX_largeLib_SpeI.2,concX_largeLib_SpeI,2,C4,6,A81,B174,A81-B174,122,228,0.5350877192982456
TFMN4.exp2.ACN3788.concX_largeLib_SpeI.2,concX_largeLib_SpeI,2,C4,6,A81,B41,A81-B41,1,228,0.0043859649122807015
TFMN4.exp2.ACN3788.concX_largeLib_SpeI.2,concX_largeLib_SpeI,2,C4,6,A81,B66,A81-B66,2,228,0.008771929824561403
TFMN4.exp2.ACN3788.concX_largeLib_SpeI.2,concX_largeLib_SpeI,2,C4,6,A83,B84,A83-B84,3,228,0.013157894736842105
TFMN4.exp2.ACN3788.concX_largeLib_SpeI.2,concX_largeLib_SpeI,2,C4,6,A90,B103,A90-B103,1,228,0.0043859649122807015
TFMN4.exp2.ACN3788.concX_largeLib_SpeI.2,concX_largeLib_SpeI,2,C4,6,A97,B174,A97-B174,1,228,0.0043859649122807015
TFMN4.exp2.ACN3788.concX_largeLib_SpeI.2,concX_largeLib_SpeI,2,C4,13,A153,B30,A153-B30,10,240,0.041666666666666664
TFMN4.exp2.ACN3788.concX_largeLib_SpeI.2,concX_largeLib_SpeI,2,C4,13,A196,B11,A196-B11,2,240,0.008333333333333333
TFMN4.exp2.ACN3788.concX_largeLib_SpeI.2,concX_largeLib_SpeI,2,C4,13,A20,B66,A20-B66,4,240,0.016666666666666666
TFMN4.exp2.ACN3788.concX_largeLib_SpeI.2,concX_largeLib_SpeI,2,C4,13,A78,B26,A78-B26,25,240,0.10416666666666667
TFMN4.exp2.ACN3788.concX_largeLib_SpeI.2,concX_largeLib_SpeI,2,C4,13,A81,B174,A81-B174,197,240,0.8208333333333333
TFMN4.exp2.ACN3788.concX_largeLib_SpeI.2,concX_largeLib_SpeI,2,C4,13,A84,B174,A84-B174,1,240,0.004166666666666667
TFMN4.exp2.ACN3788.concX_largeLib_SpeI.2,concX_largeLib_SpeI,2,C4,13,A89,B174,A89-B174,1,240,0.004166666666666667
TFMN4.exp2.ACN3788.concX_largeLib_SpeI.3,concX_largeLib_SpeI,3,D4,3,A20,B151,A20-B151,190,209,0.9090909090909091
TFMN4.exp2.ACN3788.concX_largeLib_SpeI.3,concX_largeLib_SpeI,3,D4,3,A78,B26,A78-B26,1,209,0.004784688995215311
TFMN4.exp2.ACN3788.concX_largeLib_SpeI.3,concX_largeLib_SpeI,3,D4,3,A81,B151,A81-B151,1,209,0.004784688995215311
TFMN4.exp2.ACN3788.concX_largeLib_SpeI.3,concX_largeLib_SpeI,3,D4,3,A82,B108,A82-B108,2,209,0.009569377990430622
TFMN4.exp2.ACN3788.concX_largeLib_SpeI.3,concX_largeLib_SpeI,3,D4,3,A83,B151,A83-B151,1,209,0.004784688995215311
TFMN4.exp2.ACN3788.concX_largeLib_SpeI.3,concX_largeLib_SpeI,3,D4,3,A90,B108,A90-B108,13,209,0.06220095693779904
TFMN4.exp2.ACN3788.concX_largeLib_SpeI.3,concX_largeLib_SpeI,3,D4,3,A96,B77,A96-B77,1,209,0.004784688995215311
TFMN4.exp2.ACN3788.concX_largeLib_SpeI.3,concX_largeLib_SpeI,3,D4,4,A20,B151,A20-B151,236,260,0.9076923076923077
TFMN4.exp2.ACN3788.concX_largeLib_SpeI.3,concX_largeLib_SpeI,3,D4,4,A28,B151,A28-B151,1,260,0.0038461538461538464
TFMN4.exp2.ACN3788.concX_largeLib_SpeI.3,concX_largeLib_SpeI,3,D4,4,A32,B151,A32-B151,1,260,0.0038461538461538464
TFMN4.exp2.ACN3788.concX_largeLib_SpeI.3,concX_largeLib_SpeI,3,D4,4,A63,B18,A63-B18,4,260,0.015384615384615385
TFMN4.exp2.ACN3788.concX_largeLib_SpeI.3,concX_largeLib_SpeI,3,D4,4,A90,B108,A90-B108,18,260,0.06923076923076923
TFMN4.exp2.ACN3788.concX_largeLib_SpeI.3,concX_largeLib_SpeI,3,D4,6,A20,B151,A20-B151,205,229,0.8951965065502183
TFMN4.exp2.ACN3788.concX_largeLib_SpeI.3,concX_largeLib_SpeI,3,D4,6,A90,B108,A90-B108,24,229,0.10480349344978165
TFMN4.exp2.ACN3788.concX_largeLib_SpeI.3,concX_largeLib_SpeI,3,D4,13,A20,B151,A20-B151,191,274,0.6970802919708029
TFMN4.exp2.ACN3788.concX_largeLib_SpeI.3,concX_largeLib_SpeI,3,D4,13,A90,B108,A90-B108,83,274,0.3029197080291971
TFMN4.exp2.ACN3788.concX_largeLib_SpeI.4,concX_largeLib_SpeI,4,E4,3,A143,B6,A143-B6,2,139,0.014388489208633094
TFMN4.exp2.ACN3788.concX_largeLib_SpeI.4,concX_largeLib_SpeI,4,E4,3,A153,B30,A153-B30,3,139,0.02158273381294964
TFMN4.exp2.ACN3788.concX_largeLib_SpeI.4,concX_largeLib_SpeI,4,E4,3,A176,B151,A176-B151,3,139,0.02158273381294964
TFMN4.exp2.ACN3788.concX_largeLib_SpeI.4,concX_largeLib_SpeI,4,E4,3,A196,B151,A196-B151,7,139,0.050359712230215826
TFMN4.exp2.ACN3788.concX_largeLib_SpeI.4,concX_largeLib_SpeI,4,E4,3,A20,B103,A20-B103,1,139,0.007194244604316547
TFMN4.exp2.ACN3788.concX_largeLib_SpeI.4,concX_largeLib_SpeI,4,E4,3,A20,B151,A20-B151,2,139,0.014388489208633094
TFMN4.exp2.ACN3788.concX_largeLib_SpeI.4,concX_largeLib_SpeI,4,E4,3,A20,B70,A20-B70,1,139,0.007194244604316547
TFMN4.exp2.ACN3788.concX_largeLib_SpeI.4,concX_largeLib_SpeI,4,E4,3,A20,B84,A20-B84,1,139,0.007194244604316547
TFMN4.exp2.ACN3788.concX_largeLib_SpeI.4,concX_largeLib_SpeI,4,E4,3,A63,B151,A63-B151,10,139,0.07194244604316546
TFMN4.exp2.ACN3788.concX_largeLib_SpeI.4,concX_largeLib_SpeI,4,E4,3,A63,B79,A63-B79,1,139,0.007194244604316547
TFMN4.exp2.ACN3788.concX_largeLib_SpeI.4,concX_largeLib_SpeI,4,E4,3,A78,B171,A78-B171,16,139,0.11510791366906475
TFMN4.exp2.ACN3788.concX_largeLib_SpeI.4,concX_largeLib_SpeI,4,E4,3,A78,B2,A78-B2,2,139,0.014388489208633094
TFMN4.exp2.ACN3788.concX_largeLib_SpeI.4,concX_largeLib_SpeI,4,E4,3,A78,B26,A78-B26,5,139,0.03597122302158273
TFMN4.exp2.ACN3788.concX_largeLib_SpeI.4,concX_largeLib_SpeI,4,E4,3,A78,B3,A78-B3,2,139,0.014388489208633094
TFMN4.exp2.ACN3788.concX_largeLib_SpeI.4,concX_largeLib_SpeI,4,E4,3,A78,B51,A78-B51,1,139,0.007194244604316547
TFMN4.exp2.ACN3788.concX_largeLib_SpeI.4,concX_largeLib_SpeI,4,E4,3,A81,B120,A81-B120,3,139,0.02158273381294964
TFMN4.exp2.ACN3788.concX_largeLib_SpeI.4,concX_largeLib_SpeI,4,E4,3,A81,B143,A81-B143,2,139,0.014388489208633094
TFMN4.exp2.ACN3788.concX_largeLib_SpeI.4,concX_largeLib_SpeI,4,E4,3,A81,B151,A81-B151,7,139,0.050359712230215826
TFMN4.exp2.ACN3788.concX_largeLib_SpeI.4,concX_largeLib_SpeI,4,E4,3,A81,B156,A81-B156,2,139,0.014388489208633094
TFMN4.exp2.ACN3788.concX_largeLib_SpeI.4,concX_largeLib_SpeI,4,E4,3,A81,B174,A81-B174,1,139,0.007194244604316547
TFMN4.exp2.ACN3788.concX_largeLib_SpeI.4,concX_largeLib_SpeI,4,E4,3,A81,B177,A81-B177,4,139,0.02877697841726619
TFMN4.exp2.ACN3788.concX_largeLib_SpeI.4,concX_largeLib_SpeI,4,E4,3,A81,B30,A81-B30,27,139,0.19424460431654678
TFMN4.exp2.ACN3788.concX_largeLib_SpeI.4,concX_largeLib_SpeI,4,E4,3,A81,B51,A81-B51,1,139,0.007194244604316547
TFMN4.exp2.ACN3788.concX_largeLib_SpeI.4,concX_largeLib_SpeI,4,E4,3,A81,B65,A81-B65,1,139,0.007194244604316547
TFMN4.exp2.ACN3788.concX_largeLib_SpeI.4,concX_largeLib_SpeI,4,E4,3,A81,B75,A81-B75,11,139,0.07913669064748201
TFMN4.exp2.ACN3788.concX_largeLib_SpeI.4,concX_largeLib_SpeI,4,E4,3,A81,B84,A81-B84,3,139,0.02158273381294964
TFMN4.exp2.ACN3788.concX_largeLib_SpeI.4,concX_largeLib_SpeI,4,E4,3,A83,B151,A83-B151,15,139,0.1079136690647482
TFMN4.exp2.ACN3788.concX_largeLib_SpeI.4,concX_largeLib_SpeI,4,E4,3,A83,B40,A83-B40,1,139,0.007194244604316547
TFMN4.exp2.ACN3788.concX_largeLib_SpeI.4,concX_largeLib_SpeI,4,E4,3,A90,B171,A90-B171,1,139,0.007194244604316547
TFMN4.exp2.ACN3788.concX_largeLib_SpeI.4,concX_largeLib_SpeI,4,E4,3,A90,B75,A90-B75,3,139,0.02158273381294964
TFMN4.exp2.ACN3788.concX_largeLib_SpeI.4,concX_largeLib_SpeI,4,E4,4,A153,B151,A153-B151,1,206,0.0048543689320388345
TFMN4.exp2.ACN3788.concX_largeLib_SpeI.4,concX_largeLib_SpeI,4,E4,4,A153,B30,A153-B30,10,206,0.04854368932038835
TFMN4.exp2.ACN3788.concX_largeLib_SpeI.4,concX_largeLib_SpeI,4,E4,4,A176,B151,A176-B151,2,206,0.009708737864077669
TFMN4.exp2.ACN3788.concX_largeLib_SpeI.4,concX_largeLib_SpeI,4,E4,4,A196,B119,A196-B119,1,206,0.0048543689320388345
TFMN4.exp2.ACN3788.concX_largeLib_SpeI.4,concX_largeLib_SpeI,4,E4,4,A196,B145,A196-B145,2,206,0.009708737864077669
TFMN4.exp2.ACN3788.concX_largeLib_SpeI.4,concX_largeLib_SpeI,4,E4,4,A196,B151,A196-B151,32,206,0.1553398058252427
TFMN4.exp2.ACN3788.concX_largeLib_SpeI.4,concX_largeLib_SpeI,4,E4,4,A196,B34,A196-B34,1,206,0.0048543689320388345
TFMN4.exp2.ACN3788.concX_largeLib_SpeI.4,concX_largeLib_SpeI,4,E4,4,A20,B70,A20-B70,1,206,0.0048543689320388345
TFMN4.exp2.ACN3788.concX_largeLib_SpeI.4,concX_largeLib_SpeI,4,E4,4,A63,B151,A63-B151,5,206,0.024271844660194174
TFMN4.exp2.ACN3788.concX_largeLib_SpeI.4,concX_largeLib_SpeI,4,E4,4,A78,B171,A78-B171,4,206,0.019417475728155338
TFMN4.exp2.ACN3788.concX_largeLib_SpeI.4,concX_largeLib_SpeI,4,E4,4,A78,B2,A78-B2,6,206,0.02912621359223301
TFMN4.exp2.ACN3788.concX_largeLib_SpeI.4,concX_largeLib_SpeI,4,E4,4,A78,B26,A78-B26,3,206,0.014563106796116505
TFMN4.exp2.ACN3788.concX_largeLib_SpeI.4,concX_largeLib_SpeI,4,E4,4,A78,B3,A78-B3,2,206,0.009708737864077669
TFMN4.exp2.ACN3788.concX_largeLib_SpeI.4,concX_largeLib_SpeI,4,E4,4,A78,B42,A78-B42,1,206,0.0048543689320388345
TFMN4.exp2.ACN3788.concX_largeLib_SpeI.4,concX_largeLib_SpeI,4,E4,4,A81,B120,A81-B120,5,206,0.024271844660194174
TFMN4.exp2.ACN3788.concX_largeLib_SpeI.4,concX_largeLib_SpeI,4,E4,4,A81,B151,A81-B151,6,206,0.02912621359223301
TFMN4.exp2.ACN3788.concX_largeLib_SpeI.4,concX_largeLib_SpeI,4,E4,4,A81,B177,A81-B177,2,206,0.009708737864077669
TFMN4.exp2.ACN3788.concX_largeLib_SpeI.4,concX_largeLib_SpeI,4,E4,4,A81,B30,A81-B30,23,206,0.11165048543689321
TFMN4.exp2.ACN3788.concX_largeLib_SpeI.4,concX_largeLib_SpeI,4,E4,4,A81,B65,A81-B65,2,206,0.009708737864077669
TFMN4.exp2.ACN3788.concX_largeLib_SpeI.4,concX_largeLib_SpeI,4,E4,4,A81,B75,A81-B75,5,206,0.024271844660194174
TFMN4.exp2.ACN3788.concX_largeLib_SpeI.4,concX_largeLib_SpeI,4,E4,4,A81,B84,A81-B84,8,206,0.038834951456310676
TFMN4.exp2.ACN3788.concX_largeLib_SpeI.4,concX_largeLib_SpeI,4,E4,4,A83,B151,A83-B151,71,206,0.3446601941747573
TFMN4.exp2.ACN3788.concX_largeLib_SpeI.4,concX_largeLib_SpeI,4,E4,4,A83,B40,A83-B40,7,206,0.03398058252427184
TFMN4.exp2.ACN3788.concX_largeLib_SpeI.4,concX_largeLib_SpeI,4,E4,4,A90,B171,A90-B171,2,206,0.009708737864077669
TFMN4.exp2.ACN3788.concX_largeLib_SpeI.4,concX_largeLib_SpeI,4,E4,4,A90,B75,A90-B75,4,206,0.019417475728155338
TFMN4.exp2.ACN3788.concX_largeLib_SpeI.4,concX_largeLib_SpeI,4,E4,6,A153,B30,A153-B30,8,184,0.043478260869565216
TFMN4.exp2.ACN3788.concX_largeLib_SpeI.4,concX_largeLib_SpeI,4,E4,6,A159,B49,A159-B49,2,184,0.010869565217391304
TFMN4.exp2.ACN3788.concX_largeLib_SpeI.4,concX_largeLib_SpeI,4,E4,6,A196,B119,A196-B119,1,184,0.005434782608695652
TFMN4.exp2.ACN3788.concX_largeLib_SpeI.4,concX_largeLib_SpeI,4,E4,6,A196,B145,A196-B145,2,184,0.010869565217391304
TFMN4.exp2.ACN3788.concX_largeLib_SpeI.4,concX_largeLib_SpeI,4,E4,6,A196,B151,A196-B151,117,184,0.6358695652173914
TFMN4.exp2.ACN3788.concX_largeLib_SpeI.4,concX_largeLib_SpeI,4,E4,6,A20,B151,A20-B151,1,184,0.005434782608695652
TFMN4.exp2.ACN3788.concX_largeLib_SpeI.4,concX_largeLib_SpeI,4,E4,6,A20,B70,A20-B70,1,184,0.005434782608695652
TFMN4.exp2.ACN3788.concX_largeLib_SpeI.4,concX_largeLib_SpeI,4,E4,6,A78,B2,A78-B2,5,184,0.02717391304347826
TFMN4.exp2.ACN3788.concX_largeLib_SpeI.4,concX_largeLib_SpeI,4,E4,6,A78,B26,A78-B26,1,184,0.005434782608695652
TFMN4.exp2.ACN3788.concX_largeLib_SpeI.4,concX_largeLib_SpeI,4,E4,6,A78,B3,A78-B3,2,184,0.010869565217391304
TFMN4.exp2.ACN3788.concX_largeLib_SpeI.4,concX_largeLib_SpeI,4,E4,6,A81,B120,A81-B120,8,184,0.043478260869565216
TFMN4.exp2.ACN3788.concX_largeLib_SpeI.4,concX_largeLib_SpeI,4,E4,6,A81,B151,A81-B151,2,184,0.010869565217391304
TFMN4.exp2.ACN3788.concX_largeLib_SpeI.4,concX_largeLib_SpeI,4,E4,6,A81,B177,A81-B177,1,184,0.005434782608695652
TFMN4.exp2.ACN3788.concX_largeLib_SpeI.4,concX_largeLib_SpeI,4,E4,6,A81,B30,A81-B30,10,184,0.05434782608695652
TFMN4.exp2.ACN3788.concX_largeLib_SpeI.4,concX_largeLib_SpeI,4,E4,6,A81,B65,A81-B65,1,184,0.005434782608695652
TFMN4.exp2.ACN3788.concX_largeLib_SpeI.4,concX_largeLib_SpeI,4,E4,6,A81,B75,A81-B75,2,184,0.010869565217391304
TFMN4.exp2.ACN3788.concX_largeLib_SpeI.4,concX_largeLib_SpeI,4,E4,6,A81,B84,A81-B84,3,184,0.016304347826086956
TFMN4.exp2.ACN3788.concX_largeLib_SpeI.4,concX_largeLib_SpeI,4,E4,6,A83,B120,A83-B120,1,184,0.005434782608695652
TFMN4.exp2.ACN3788.concX_largeLib_SpeI.4,concX_largeLib_SpeI,4,E4,6,A83,B151,A83-B151,13,184,0.07065217391304347
TFMN4.exp2.ACN3788.concX_largeLib_SpeI.4,concX_largeLib_SpeI,4,E4,6,A83,B40,A83-B40,1,184,0.005434782608695652
TFMN4.exp2.ACN3788.concX_largeLib_SpeI.4,concX_largeLib_SpeI,4,E4,6,A90,B75,A90-B75,1,184,0.005434782608695652
TFMN4.exp2.ACN3788.concX_largeLib_SpeI.4,concX_largeLib_SpeI,4,E4,6,A96,B132,A96-B132,1,184,0.005434782608695652
TFMN4.exp2.ACN3788.concX_largeLib_SpeI.4,concX_largeLib_SpeI,4,E4,13,A153,B30,A153-B30,1,217,0.004608294930875576
TFMN4.exp2.ACN3788.concX_largeLib_SpeI.4,concX_largeLib_SpeI,4,E4,13,A196,B145,A196-B145,1,217,0.004608294930875576
TFMN4.exp2.ACN3788.concX_largeLib_SpeI.4,concX_largeLib_SpeI,4,E4,13,A78,B2,A78-B2,7,217,0.03225806451612903
TFMN4.exp2.ACN3788.concX_largeLib_SpeI.4,concX_largeLib_SpeI,4,E4,13,A78,B26,A78-B26,24,217,0.11059907834101383
TFMN4.exp2.ACN3788.concX_largeLib_SpeI.4,concX_largeLib_SpeI,4,E4,13,A78,B3,A78-B3,47,217,0.21658986175115208
TFMN4.exp2.ACN3788.concX_largeLib_SpeI.4,concX_largeLib_SpeI,4,E4,13,A81,B120,A81-B120,3,217,0.013824884792626729
TFMN4.exp2.ACN3788.concX_largeLib_SpeI.4,concX_largeLib_SpeI,4,E4,13,A81,B151,A81-B151,72,217,0.3317972350230415
TFMN4.exp2.ACN3788.concX_largeLib_SpeI.4,concX_largeLib_SpeI,4,E4,13,A81,B30,A81-B30,50,217,0.2304147465437788
TFMN4.exp2.ACN3788.concX_largeLib_SpeI.4,concX_largeLib_SpeI,4,E4,13,A81,B84,A81-B84,1,217,0.004608294930875576
TFMN4.exp2.ACN3788.concX_largeLib_SpeI.4,concX_largeLib_SpeI,4,E4,13,A83,B151,A83-B151,10,217,0.04608294930875576
TFMN4.exp2.ACN3788.concX_largeLib_SpeI.4,concX_largeLib_SpeI,4,E4,13,A97,B155,A97-B155,1,217,0.004608294930875576
TFMN4.exp2.ACN3788.concX_largeLib_SpeI.5,concX_largeLib_SpeI,5,F4,3,A153,B171,A153-B171,1,175,0.005714285714285714
TFMN4.exp2.ACN3788.concX_largeLib_SpeI.5,concX_largeLib_SpeI,5,F4,3,A153,B30,A153-B30,18,175,0.10285714285714286
TFMN4.exp2.ACN3788.concX_largeLib_SpeI.5,concX_largeLib_SpeI,5,F4,3,A153,B77,A153-B77,4,175,0.022857142857142857
TFMN4.exp2.ACN3788.concX_largeLib_SpeI.5,concX_largeLib_SpeI,5,F4,3,A176,B34,A176-B34,1,175,0.005714285714285714
TFMN4.exp2.ACN3788.concX_largeLib_SpeI.5,concX_largeLib_SpeI,5,F4,3,A186,B151,A186-B151,1,175,0.005714285714285714
TFMN4.exp2.ACN3788.concX_largeLib_SpeI.5,concX_largeLib_SpeI,5,F4,3,A186,B74,A186-B74,1,175,0.005714285714285714
TFMN4.exp2.ACN3788.concX_largeLib_SpeI.5,concX_largeLib_SpeI,5,F4,3,A186,B75,A186-B75,4,175,0.022857142857142857
TFMN4.exp2.ACN3788.concX_largeLib_SpeI.5,concX_largeLib_SpeI,5,F4,3,A196,B117,A196-B117,1,175,0.005714285714285714
TFMN4.exp2.ACN3788.concX_largeLib_SpeI.5,concX_largeLib_SpeI,5,F4,3,A66,B30,A66-B30,1,175,0.005714285714285714
TFMN4.exp2.ACN3788.concX_largeLib_SpeI.5,concX_largeLib_SpeI,5,F4,3,A78,B2,A78-B2,3,175,0.017142857142857144
TFMN4.exp2.ACN3788.concX_largeLib_SpeI.5,concX_largeLib_SpeI,5,F4,3,A78,B30,A78-B30,45,175,0.2571428571428571
TFMN4.exp2.ACN3788.concX_largeLib_SpeI.5,concX_largeLib_SpeI,5,F4,3,A78,B59,A78-B59,6,175,0.03428571428571429
TFMN4.exp2.ACN3788.concX_largeLib_SpeI.5,concX_largeLib_SpeI,5,F4,3,A78,B75,A78-B75,9,175,0.05142857142857143
TFMN4.exp2.ACN3788.concX_largeLib_SpeI.5,concX_largeLib_SpeI,5,F4,3,A78,B77,A78-B77,4,175,0.022857142857142857
TFMN4.exp2.ACN3788.concX_largeLib_SpeI.5,concX_largeLib_SpeI,5,F4,3,A78,B79,A78-B79,2,175,0.011428571428571429
TFMN4.exp2.ACN3788.concX_largeLib_SpeI.5,concX_largeLib_SpeI,5,F4,3,A81,B145,A81-B145,9,175,0.05142857142857143
TFMN4.exp2.ACN3788.concX_largeLib_SpeI.5,concX_largeLib_SpeI,5,F4,3,A81,B171,A81-B171,3,175,0.017142857142857144
TFMN4.exp2.ACN3788.concX_largeLib_SpeI.5,concX_largeLib_SpeI,5,F4,3,A81,B30,A81-B30,10,175,0.05714285714285714
TFMN4.exp2.ACN3788.concX_largeLib_SpeI.5,concX_largeLib_SpeI,5,F4,3,A81,B42,A81-B42,1,175,0.005714285714285714
TFMN4.exp2.ACN3788.concX_largeLib_SpeI.5,concX_largeLib_SpeI,5,F4,3,A81,B59,A81-B59,1,175,0.005714285714285714
TFMN4.exp2.ACN3788.concX_largeLib_SpeI.5,concX_largeLib_SpeI,5,F4,3,A81,B65,A81-B65,1,175,0.005714285714285714
TFMN4.exp2.ACN3788.concX_largeLib_SpeI.5,concX_largeLib_SpeI,5,F4,3,A83,B151,A83-B151,2,175,0.011428571428571429
TFMN4.exp2.ACN3788.concX_largeLib_SpeI.5,concX_largeLib_SpeI,5,F4,3,A83,B42,A83-B42,33,175,0.18857142857142858
TFMN4.exp2.ACN3788.concX_largeLib_SpeI.5,concX_largeLib_SpeI,5,F4,3,A90,B120,A90-B120,5,175,0.02857142857142857
TFMN4.exp2.ACN3788.concX_largeLib_SpeI.5,concX_largeLib_SpeI,5,F4,3,A90,B150,A90-B150,2,175,0.011428571428571429
TFMN4.exp2.ACN3788.concX_largeLib_SpeI.5,concX_largeLib_SpeI,5,F4,3,A90,B61,A90-B61,1,175,0.005714285714285714
TFMN4.exp2.ACN3788.concX_largeLib_SpeI.5,concX_largeLib_SpeI,5,F4,3,A90,B99,A90-B99,5,175,0.02857142857142857
TFMN4.exp2.ACN3788.concX_largeLib_SpeI.5,concX_largeLib_SpeI,5,F4,3,A96,B84,A96-B84,1,175,0.005714285714285714
TFMN4.exp2.ACN3788.concX_largeLib_SpeI.5,concX_largeLib_SpeI,5,F4,4,A153,B30,A153-B30,2,185,0.010810810810810811
TFMN4.exp2.ACN3788.concX_largeLib_SpeI.5,concX_largeLib_SpeI,5,F4,4,A153,B77,A153-B77,1,185,0.005405405405405406
TFMN4.exp2.ACN3788.concX_largeLib_SpeI.5,concX_largeLib_SpeI,5,F4,4,A185,B30,A185-B30,1,185,0.005405405405405406
TFMN4.exp2.ACN3788.concX_largeLib_SpeI.5,concX_largeLib_SpeI,5,F4,4,A196,B117,A196-B117,1,185,0.005405405405405406
TFMN4.exp2.ACN3788.concX_largeLib_SpeI.5,concX_largeLib_SpeI,5,F4,4,A196,B2,A196-B2,1,185,0.005405405405405406
TFMN4.exp2.ACN3788.concX_largeLib_SpeI.5,concX_largeLib_SpeI,5,F4,4,A196,B6,A196-B6,1,185,0.005405405405405406
TFMN4.exp2.ACN3788.concX_largeLib_SpeI.5,concX_largeLib_SpeI,5,F4,4,A78,B30,A78-B30,17,185,0.0918918918918919
TFMN4.exp2.ACN3788.concX_largeLib_SpeI.5,concX_largeLib_SpeI,5,F4,4,A78,B59,A78-B59,2,185,0.010810810810810811
TFMN4.exp2.ACN3788.concX_largeLib_SpeI.5,concX_largeLib_SpeI,5,F4,4,A78,B75,A78-B75,2,185,0.010810810810810811
TFMN4.exp2.ACN3788.concX_largeLib_SpeI.5,concX_largeLib_SpeI,5,F4,4,A78,B77,A78-B77,4,185,0.021621621621621623
TFMN4.exp2.ACN3788.concX_largeLib_SpeI.5,concX_largeLib_SpeI,5,F4,4,A81,B145,A81-B145,6,185,0.032432432432432434
TFMN4.exp2.ACN3788.concX_largeLib_SpeI.5,concX_largeLib_SpeI,5,F4,4,A81,B30,A81-B30,1,185,0.005405405405405406
TFMN4.exp2.ACN3788.concX_largeLib_SpeI.5,concX_largeLib_SpeI,5,F4,4,A83,B151,A83-B151,1,185,0.005405405405405406
TFMN4.exp2.ACN3788.concX_largeLib_SpeI.5,concX_largeLib_SpeI,5,F4,4,A83,B42,A83-B42,140,185,0.7567567567567568
TFMN4.exp2.ACN3788.concX_largeLib_SpeI.5,concX_largeLib_SpeI,5,F4,4,A90,B120,A90-B120,5,185,0.02702702702702703
TFMN4.exp2.ACN3788.concX_largeLib_SpeI.5,concX_largeLib_SpeI,5,F4,6,A153,B30,A153-B30,2,143,0.013986013986013986
TFMN4.exp2.ACN3788.concX_largeLib_SpeI.5,concX_largeLib_SpeI,5,F4,6,A78,B30,A78-B30,2,143,0.013986013986013986
TFMN4.exp2.ACN3788.concX_largeLib_SpeI.5,concX_largeLib_SpeI,5,F4,6,A78,B59,A78-B59,1,143,0.006993006993006993
TFMN4.exp2.ACN3788.concX_largeLib_SpeI.5,concX_largeLib_SpeI,5,F4,6,A78,B75,A78-B75,2,143,0.013986013986013986
TFMN4.exp2.ACN3788.concX_largeLib_SpeI.5,concX_largeLib_SpeI,5,F4,6,A83,B26,A83-B26,1,143,0.006993006993006993
TFMN4.exp2.ACN3788.concX_largeLib_SpeI.5,concX_largeLib_SpeI,5,F4,6,A83,B42,A83-B42,135,143,0.9440559440559441
TFMN4.exp2.ACN3788.concX_largeLib_SpeI.5,concX_largeLib_SpeI,5,F4,13,A83,B42,A83-B42,231,231,1.0
TFMN4.exp2.ACN3788.concX_largeLib_SpeI_cleanup.1,concX_largeLib_SpeI_cleanup,1,B5,3,A143,B117,A143-B117,1,117,0.008547008547008548
TFMN4.exp2.ACN3788.concX_largeLib_SpeI_cleanup.1,concX_largeLib_SpeI_cleanup,1,B5,3,A152,B102,A152-B102,2,117,0.017094017094017096
TFMN4.exp2.ACN3788.concX_largeLib_SpeI_cleanup.1,concX_largeLib_SpeI_cleanup,1,B5,3,A153,B77,A153-B77,3,117,0.02564102564102564
TFMN4.exp2.ACN3788.concX_largeLib_SpeI_cleanup.1,concX_largeLib_SpeI_cleanup,1,B5,3,A16,B154,A16-B154,2,117,0.017094017094017096
TFMN4.exp2.ACN3788.concX_largeLib_SpeI_cleanup.1,concX_largeLib_SpeI_cleanup,1,B5,3,A160,B27,A160-B27,1,117,0.008547008547008548
TFMN4.exp2.ACN3788.concX_largeLib_SpeI_cleanup.1,concX_largeLib_SpeI_cleanup,1,B5,3,A176,B120,A176-B120,6,117,0.05128205128205128
TFMN4.exp2.ACN3788.concX_largeLib_SpeI_cleanup.1,concX_largeLib_SpeI_cleanup,1,B5,3,A176,B27,A176-B27,3,117,0.02564102564102564
TFMN4.exp2.ACN3788.concX_largeLib_SpeI_cleanup.1,concX_largeLib_SpeI_cleanup,1,B5,3,A186,B2,A186-B2,1,117,0.008547008547008548
TFMN4.exp2.ACN3788.concX_largeLib_SpeI_cleanup.1,concX_largeLib_SpeI_cleanup,1,B5,3,A186,B78,A186-B78,1,117,0.008547008547008548
TFMN4.exp2.ACN3788.concX_largeLib_SpeI_cleanup.1,concX_largeLib_SpeI_cleanup,1,B5,3,A20,B144,A20-B144,1,117,0.008547008547008548
TFMN4.exp2.ACN3788.concX_largeLib_SpeI_cleanup.1,concX_largeLib_SpeI_cleanup,1,B5,3,A20,B157,A20-B157,3,117,0.02564102564102564
TFMN4.exp2.ACN3788.concX_largeLib_SpeI_cleanup.1,concX_largeLib_SpeI_cleanup,1,B5,3,A20,B165,A20-B165,5,117,0.042735042735042736
TFMN4.exp2.ACN3788.concX_largeLib_SpeI_cleanup.1,concX_largeLib_SpeI_cleanup,1,B5,3,A63,B171,A63-B171,1,117,0.008547008547008548
TFMN4.exp2.ACN3788.concX_largeLib_SpeI_cleanup.1,concX_largeLib_SpeI_cleanup,1,B5,3,A65,B161,A65-B161,1,117,0.008547008547008548
TFMN4.exp2.ACN3788.concX_largeLib_SpeI_cleanup.1,concX_largeLib_SpeI_cleanup,1,B5,3,A78,B117,A78-B117,10,117,0.08547008547008547
TFMN4.exp2.ACN3788.concX_largeLib_SpeI_cleanup.1,concX_largeLib_SpeI_cleanup,1,B5,3,A78,B122,A78-B122,4,117,0.03418803418803419
TFMN4.exp2.ACN3788.concX_largeLib_SpeI_cleanup.1,concX_largeLib_SpeI_cleanup,1,B5,3,A78,B158,A78-B158,1,117,0.008547008547008548
TFMN4.exp2.ACN3788.concX_largeLib_SpeI_cleanup.1,concX_largeLib_SpeI_cleanup,1,B5,3,A78,B18,A78-B18,1,117,0.008547008547008548
TFMN4.exp2.ACN3788.concX_largeLib_SpeI_cleanup.1,concX_largeLib_SpeI_cleanup,1,B5,3,A78,B30,A78-B30,4,117,0.03418803418803419
TFMN4.exp2.ACN3788.concX_largeLib_SpeI_cleanup.1,concX_largeLib_SpeI_cleanup,1,B5,3,A78,B79,A78-B79,3,117,0.02564102564102564
TFMN4.exp2.ACN3788.concX_largeLib_SpeI_cleanup.1,concX_largeLib_SpeI_cleanup,1,B5,3,A81,B123,A81-B123,10,117,0.08547008547008547
TFMN4.exp2.ACN3788.concX_largeLib_SpeI_cleanup.1,concX_largeLib_SpeI_cleanup,1,B5,3,A81,B140,A81-B140,2,117,0.017094017094017096
TFMN4.exp2.ACN3788.concX_largeLib_SpeI_cleanup.1,concX_largeLib_SpeI_cleanup,1,B5,3,A81,B26,A81-B26,9,117,0.07692307692307693
TFMN4.exp2.ACN3788.concX_largeLib_SpeI_cleanup.1,concX_largeLib_SpeI_cleanup,1,B5,3,A81,B51,A81-B51,14,117,0.11965811965811966
TFMN4.exp2.ACN3788.concX_largeLib_SpeI_cleanup.1,concX_largeLib_SpeI_cleanup,1,B5,3,A83,B101,A83-B101,3,117,0.02564102564102564
TFMN4.exp2.ACN3788.concX_largeLib_SpeI_cleanup.1,concX_largeLib_SpeI_cleanup,1,B5,3,A83,B40,A83-B40,20,117,0.17094017094017094
TFMN4.exp2.ACN3788.concX_largeLib_SpeI_cleanup.1,concX_largeLib_SpeI_cleanup,1,B5,3,A83,B50,A83-B50,3,117,0.02564102564102564
TFMN4.exp2.ACN3788.concX_largeLib_SpeI_cleanup.1,concX_largeLib_SpeI_cleanup,1,B5,3,A90,B136,A90-B136,1,117,0.008547008547008548
TFMN4.exp2.ACN3788.concX_largeLib_SpeI_cleanup.1,concX_largeLib_SpeI_cleanup,1,B5,3,A91,B101,A91-B101,1,117,0.008547008547008548
TFMN4.exp2.ACN3788.concX_largeLib_SpeI_cleanup.1,concX_largeLib_SpeI_cleanup,1,B5,4,A143,B117,A143-B117,2,243,0.00823045267489712
TFMN4.exp2.ACN3788.concX_largeLib_SpeI_cleanup.1,concX_largeLib_SpeI_cleanup,1,B5,4,A143,B151,A143-B151,3,243,0.012345679012345678
TFMN4.exp2.ACN3788.concX_largeLib_SpeI_cleanup.1,concX_largeLib_SpeI_cleanup,1,B5,4,A153,B26,A153-B26,1,243,0.00411522633744856
TFMN4.exp2.ACN3788.concX_largeLib_SpeI_cleanup.1,concX_largeLib_SpeI_cleanup,1,B5,4,A153,B77,A153-B77,34,243,0.13991769547325103
TFMN4.exp2.ACN3788.concX_largeLib_SpeI_cleanup.1,concX_largeLib_SpeI_cleanup,1,B5,4,A159,B128,A159-B128,2,243,0.00823045267489712
TFMN4.exp2.ACN3788.concX_largeLib_SpeI_cleanup.1,concX_largeLib_SpeI_cleanup,1,B5,4,A16,B154,A16-B154,4,243,0.01646090534979424
TFMN4.exp2.ACN3788.concX_largeLib_SpeI_cleanup.1,concX_largeLib_SpeI_cleanup,1,B5,4,A176,B120,A176-B120,6,243,0.024691358024691357
TFMN4.exp2.ACN3788.concX_largeLib_SpeI_cleanup.1,concX_largeLib_SpeI_cleanup,1,B5,4,A176,B27,A176-B27,5,243,0.0205761316872428
TFMN4.exp2.ACN3788.concX_largeLib_SpeI_cleanup.1,concX_largeLib_SpeI_cleanup,1,B5,4,A186,B2,A186-B2,5,243,0.0205761316872428
TFMN4.exp2.ACN3788.concX_largeLib_SpeI_cleanup.1,concX_largeLib_SpeI_cleanup,1,B5,4,A186,B79,A186-B79,5,243,0.0205761316872428
TFMN4.exp2.ACN3788.concX_largeLib_SpeI_cleanup.1,concX_largeLib_SpeI_cleanup,1,B5,4,A20,B165,A20-B165,2,243,0.00823045267489712
TFMN4.exp2.ACN3788.concX_largeLib_SpeI_cleanup.1,concX_largeLib_SpeI_cleanup,1,B5,4,A20,B75,A20-B75,1,243,0.00411522633744856
TFMN4.exp2.ACN3788.concX_largeLib_SpeI_cleanup.1,concX_largeLib_SpeI_cleanup,1,B5,4,A63,B171,A63-B171,3,243,0.012345679012345678
TFMN4.exp2.ACN3788.concX_largeLib_SpeI_cleanup.1,concX_largeLib_SpeI_cleanup,1,B5,4,A78,B117,A78-B117,45,243,0.18518518518518517
TFMN4.exp2.ACN3788.concX_largeLib_SpeI_cleanup.1,concX_largeLib_SpeI_cleanup,1,B5,4,A78,B122,A78-B122,15,243,0.06172839506172839
TFMN4.exp2.ACN3788.concX_largeLib_SpeI_cleanup.1,concX_largeLib_SpeI_cleanup,1,B5,4,A78,B18,A78-B18,1,243,0.00411522633744856
TFMN4.exp2.ACN3788.concX_largeLib_SpeI_cleanup.1,concX_largeLib_SpeI_cleanup,1,B5,4,A78,B30,A78-B30,16,243,0.06584362139917696
TFMN4.exp2.ACN3788.concX_largeLib_SpeI_cleanup.1,concX_largeLib_SpeI_cleanup,1,B5,4,A78,B79,A78-B79,1,243,0.00411522633744856
TFMN4.exp2.ACN3788.concX_largeLib_SpeI_cleanup.1,concX_largeLib_SpeI_cleanup,1,B5,4,A81,B103,A81-B103,1,243,0.00411522633744856
TFMN4.exp2.ACN3788.concX_largeLib_SpeI_cleanup.1,concX_largeLib_SpeI_cleanup,1,B5,4,A81,B123,A81-B123,13,243,0.053497942386831275
TFMN4.exp2.ACN3788.concX_largeLib_SpeI_cleanup.1,concX_largeLib_SpeI_cleanup,1,B5,4,A81,B140,A81-B140,4,243,0.01646090534979424
TFMN4.exp2.ACN3788.concX_largeLib_SpeI_cleanup.1,concX_largeLib_SpeI_cleanup,1,B5,4,A81,B177,A81-B177,7,243,0.02880658436213992
TFMN4.exp2.ACN3788.concX_largeLib_SpeI_cleanup.1,concX_largeLib_SpeI_cleanup,1,B5,4,A81,B26,A81-B26,9,243,0.037037037037037035
TFMN4.exp2.ACN3788.concX_largeLib_SpeI_cleanup.1,concX_largeLib_SpeI_cleanup,1,B5,4,A81,B47,A81-B47,2,243,0.00823045267489712
TFMN4.exp2.ACN3788.concX_largeLib_SpeI_cleanup.1,concX_largeLib_SpeI_cleanup,1,B5,4,A81,B51,A81-B51,20,243,0.0823045267489712
TFMN4.exp2.ACN3788.concX_largeLib_SpeI_cleanup.1,concX_largeLib_SpeI_cleanup,1,B5,4,A83,B101,A83-B101,5,243,0.0205761316872428
TFMN4.exp2.ACN3788.concX_largeLib_SpeI_cleanup.1,concX_largeLib_SpeI_cleanup,1,B5,4,A83,B40,A83-B40,27,243,0.1111111111111111
TFMN4.exp2.ACN3788.concX_largeLib_SpeI_cleanup.1,concX_largeLib_SpeI_cleanup,1,B5,4,A83,B50,A83-B50,2,243,0.00823045267489712
TFMN4.exp2.ACN3788.concX_largeLib_SpeI_cleanup.1,concX_largeLib_SpeI_cleanup,1,B5,4,A90,B136,A90-B136,1,243,0.00411522633744856
TFMN4.exp2.ACN3788.concX_largeLib_SpeI_cleanup.1,concX_largeLib_SpeI_cleanup,1,B5,4,A90,B70,A90-B70,1,243,0.00411522633744856
TFMN4.exp2.ACN3788.concX_largeLib_SpeI_cleanup.1,concX_largeLib_SpeI_cleanup,1,B5,6,A143,B117,A143-B117,1,208,0.004807692307692308
TFMN4.exp2.ACN3788.concX_largeLib_SpeI_cleanup.1,concX_largeLib_SpeI_cleanup,1,B5,6,A153,B127,A153-B127,1,208,0.004807692307692308
TFMN4.exp2.ACN3788.concX_largeLib_SpeI_cleanup.1,concX_largeLib_SpeI_cleanup,1,B5,6,A153,B77,A153-B77,41,208,0.1971153846153846
TFMN4.exp2.ACN3788.concX_largeLib_SpeI_cleanup.1,concX_largeLib_SpeI_cleanup,1,B5,6,A16,B154,A16-B154,3,208,0.014423076923076924
TFMN4.exp2.ACN3788.concX_largeLib_SpeI_cleanup.1,concX_largeLib_SpeI_cleanup,1,B5,6,A176,B120,A176-B120,10,208,0.04807692307692308
TFMN4.exp2.ACN3788.concX_largeLib_SpeI_cleanup.1,concX_largeLib_SpeI_cleanup,1,B5,6,A186,B126,A186-B126,2,208,0.009615384615384616
TFMN4.exp2.ACN3788.concX_largeLib_SpeI_cleanup.1,concX_largeLib_SpeI_cleanup,1,B5,6,A186,B79,A186-B79,3,208,0.014423076923076924
TFMN4.exp2.ACN3788.concX_largeLib_SpeI_cleanup.1,concX_largeLib_SpeI_cleanup,1,B5,6,A78,B117,A78-B117,53,208,0.2548076923076923
TFMN4.exp2.ACN3788.concX_largeLib_SpeI_cleanup.1,concX_largeLib_SpeI_cleanup,1,B5,6,A78,B122,A78-B122,1,208,0.004807692307692308
TFMN4.exp2.ACN3788.concX_largeLib_SpeI_cleanup.1,concX_largeLib_SpeI_cleanup,1,B5,6,A78,B30,A78-B30,49,208,0.23557692307692307
TFMN4.exp2.ACN3788.concX_largeLib_SpeI_cleanup.1,concX_largeLib_SpeI_cleanup,1,B5,6,A78,B79,A78-B79,5,208,0.02403846153846154
TFMN4.exp2.ACN3788.concX_largeLib_SpeI_cleanup.1,concX_largeLib_SpeI_cleanup,1,B5,6,A81,B140,A81-B140,2,208,0.009615384615384616
TFMN4.exp2.ACN3788.concX_largeLib_SpeI_cleanup.1,concX_largeLib_SpeI_cleanup,1,B5,6,A81,B177,A81-B177,4,208,0.019230769230769232
TFMN4.exp2.ACN3788.concX_largeLib_SpeI_cleanup.1,concX_largeLib_SpeI_cleanup,1,B5,6,A81,B26,A81-B26,6,208,0.028846153846153848
TFMN4.exp2.ACN3788.concX_largeLib_SpeI_cleanup.1,concX_largeLib_SpeI_cleanup,1,B5,6,A81,B47,A81-B47,4,208,0.019230769230769232
TFMN4.exp2.ACN3788.concX_largeLib_SpeI_cleanup.1,concX_largeLib_SpeI_cleanup,1,B5,6,A81,B51,A81-B51,3,208,0.014423076923076924
TFMN4.exp2.ACN3788.concX_largeLib_SpeI_cleanup.1,concX_largeLib_SpeI_cleanup,1,B5,6,A83,B101,A83-B101,5,208,0.02403846153846154
TFMN4.exp2.ACN3788.concX_largeLib_SpeI_cleanup.1,concX_largeLib_SpeI_cleanup,1,B5,6,A83,B40,A83-B40,11,208,0.052884615384615384
TFMN4.exp2.ACN3788.concX_largeLib_SpeI_cleanup.1,concX_largeLib_SpeI_cleanup,1,B5,6,A83,B50,A83-B50,2,208,0.009615384615384616
TFMN4.exp2.ACN3788.concX_largeLib_SpeI_cleanup.1,concX_largeLib_SpeI_cleanup,1,B5,6,A90,B123,A90-B123,1,208,0.004807692307692308
TFMN4.exp2.ACN3788.concX_largeLib_SpeI_cleanup.1,concX_largeLib_SpeI_cleanup,1,B5,6,A90,B70,A90-B70,1,208,0.004807692307692308
TFMN4.exp2.ACN3788.concX_largeLib_SpeI_cleanup.1,concX_largeLib_SpeI_cleanup,1,B5,13,A153,B77,A153-B77,6,185,0.032432432432432434
TFMN4.exp2.ACN3788.concX_largeLib_SpeI_cleanup.1,concX_largeLib_SpeI_cleanup,1,B5,13,A176,B120,A176-B120,2,185,0.010810810810810811
TFMN4.exp2.ACN3788.concX_largeLib_SpeI_cleanup.1,concX_largeLib_SpeI_cleanup,1,B5,13,A78,B117,A78-B117,12,185,0.06486486486486487
TFMN4.exp2.ACN3788.concX_largeLib_SpeI_cleanup.1,concX_largeLib_SpeI_cleanup,1,B5,13,A78,B122,A78-B122,2,185,0.010810810810810811
TFMN4.exp2.ACN3788.concX_largeLib_SpeI_cleanup.1,concX_largeLib_SpeI_cleanup,1,B5,13,A78,B30,A78-B30,48,185,0.2594594594594595
TFMN4.exp2.ACN3788.concX_largeLib_SpeI_cleanup.1,concX_largeLib_SpeI_cleanup,1,B5,13,A78,B79,A78-B79,110,185,0.5945945945945946
TFMN4.exp2.ACN3788.concX_largeLib_SpeI_cleanup.1,concX_largeLib_SpeI_cleanup,1,B5,13,A81,B26,A81-B26,3,185,0.016216216216216217
TFMN4.exp2.ACN3788.concX_largeLib_SpeI_cleanup.1,concX_largeLib_SpeI_cleanup,1,B5,13,A83,B101,A83-B101,1,185,0.005405405405405406
TFMN4.exp2.ACN3788.concX_largeLib_SpeI_cleanup.1,concX_largeLib_SpeI_cleanup,1,B5,13,A83,B40,A83-B40,1,185,0.005405405405405406
TFMN4.exp2.ACN3788.concX_largeLib_SpeI_cleanup.3,concX_largeLib_SpeI_cleanup,3,D5,3,A143,B84,A143-B84,2,154,0.012987012987012988
TFMN4.exp2.ACN3788.concX_largeLib_SpeI_cleanup.3,concX_largeLib_SpeI_cleanup,3,D5,3,A153,B30,A153-B30,34,154,0.22077922077922077
TFMN4.exp2.ACN3788.concX_largeLib_SpeI_cleanup.3,concX_largeLib_SpeI_cleanup,3,D5,3,A176,B30,A176-B30,8,154,0.05194805194805195
TFMN4.exp2.ACN3788.concX_largeLib_SpeI_cleanup.3,concX_largeLib_SpeI_cleanup,3,D5,3,A186,B165,A186-B165,7,154,0.045454545454545456
TFMN4.exp2.ACN3788.concX_largeLib_SpeI_cleanup.3,concX_largeLib_SpeI_cleanup,3,D5,3,A78,B117,A78-B117,2,154,0.012987012987012988
TFMN4.exp2.ACN3788.concX_largeLib_SpeI_cleanup.3,concX_largeLib_SpeI_cleanup,3,D5,3,A81,B140,A81-B140,1,154,0.006493506493506494
TFMN4.exp2.ACN3788.concX_largeLib_SpeI_cleanup.3,concX_largeLib_SpeI_cleanup,3,D5,3,A81,B30,A81-B30,4,154,0.025974025974025976
TFMN4.exp2.ACN3788.concX_largeLib_SpeI_cleanup.3,concX_largeLib_SpeI_cleanup,3,D5,3,A81,B38,A81-B38,1,154,0.006493506493506494
TFMN4.exp2.ACN3788.concX_largeLib_SpeI_cleanup.3,concX_largeLib_SpeI_cleanup,3,D5,3,A81,B41,A81-B41,2,154,0.012987012987012988
TFMN4.exp2.ACN3788.concX_largeLib_SpeI_cleanup.3,concX_largeLib_SpeI_cleanup,3,D5,3,A81,B6,A81-B6,32,154,0.2077922077922078
TFMN4.exp2.ACN3788.concX_largeLib_SpeI_cleanup.3,concX_largeLib_SpeI_cleanup,3,D5,3,A83,B50,A83-B50,3,154,0.01948051948051948
TFMN4.exp2.ACN3788.concX_largeLib_SpeI_cleanup.3,concX_largeLib_SpeI_cleanup,3,D5,3,A90,B123,A90-B123,1,154,0.006493506493506494
TFMN4.exp2.ACN3788.concX_largeLib_SpeI_cleanup.3,concX_largeLib_SpeI_cleanup,3,D5,3,A90,B3,A90-B3,2,154,0.012987012987012988
TFMN4.exp2.ACN3788.concX_largeLib_SpeI_cleanup.3,concX_largeLib_SpeI_cleanup,3,D5,3,A90,B47,A90-B47,5,154,0.032467532467532464
TFMN4.exp2.ACN3788.concX_largeLib_SpeI_cleanup.3,concX_largeLib_SpeI_cleanup,3,D5,3,A90,B59,A90-B59,2,154,0.012987012987012988
TFMN4.exp2.ACN3788.concX_largeLib_SpeI_cleanup.3,concX_largeLib_SpeI_cleanup,3,D5,3,A90,B75,A90-B75,48,154,0.3116883116883117
TFMN4.exp2.ACN3788.concX_largeLib_SpeI_cleanup.3,concX_largeLib_SpeI_cleanup,3,D5,4,A153,B30,A153-B30,26,178,0.14606741573033707
TFMN4.exp2.ACN3788.concX_largeLib_SpeI_cleanup.3,concX_largeLib_SpeI_cleanup,3,D5,4,A176,B30,A176-B30,11,178,0.06179775280898876
TFMN4.exp2.ACN3788.concX_largeLib_SpeI_cleanup.3,concX_largeLib_SpeI_cleanup,3,D5,4,A186,B165,A186-B165,2,178,0.011235955056179775
TFMN4.exp2.ACN3788.concX_largeLib_SpeI_cleanup.3,concX_largeLib_SpeI_cleanup,3,D5,4,A78,B117,A78-B117,3,178,0.016853932584269662
TFMN4.exp2.ACN3788.concX_largeLib_SpeI_cleanup.3,concX_largeLib_SpeI_cleanup,3,D5,4,A81,B30,A81-B30,2,178,0.011235955056179775
TFMN4.exp2.ACN3788.concX_largeLib_SpeI_cleanup.3,concX_largeLib_SpeI_cleanup,3,D5,4,A81,B41,A81-B41,3,178,0.016853932584269662
TFMN4.exp2.ACN3788.concX_largeLib_SpeI_cleanup.3,concX_largeLib_SpeI_cleanup,3,D5,4,A81,B6,A81-B6,67,178,0.37640449438202245
TFMN4.exp2.ACN3788.concX_largeLib_SpeI_cleanup.3,concX_largeLib_SpeI_cleanup,3,D5,4,A83,B50,A83-B50,1,178,0.0056179775280898875
TFMN4.exp2.ACN3788.concX_largeLib_SpeI_cleanup.3,concX_largeLib_SpeI_cleanup,3,D5,4,A90,B102,A90-B102,1,178,0.0056179775280898875
TFMN4.exp2.ACN3788.concX_largeLib_SpeI_cleanup.3,concX_largeLib_SpeI_cleanup,3,D5,4,A90,B123,A90-B123,3,178,0.016853932584269662
TFMN4.exp2.ACN3788.concX_largeLib_SpeI_cleanup.3,concX_largeLib_SpeI_cleanup,3,D5,4,A90,B47,A90-B47,5,178,0.028089887640449437
TFMN4.exp2.ACN3788.concX_largeLib_SpeI_cleanup.3,concX_largeLib_SpeI_cleanup,3,D5,4,A90,B59,A90-B59,1,178,0.0056179775280898875
TFMN4.exp2.ACN3788.concX_largeLib_SpeI_cleanup.3,concX_largeLib_SpeI_cleanup,3,D5,4,A90,B75,A90-B75,53,178,0.29775280898876405
TFMN4.exp2.ACN3788.concX_largeLib_SpeI_cleanup.3,concX_largeLib_SpeI_cleanup,3,D5,6,A143,B84,A143-B84,1,217,0.004608294930875576
TFMN4.exp2.ACN3788.concX_largeLib_SpeI_cleanup.3,concX_largeLib_SpeI_cleanup,3,D5,6,A153,B30,A153-B30,32,217,0.14746543778801843
TFMN4.exp2.ACN3788.concX_largeLib_SpeI_cleanup.3,concX_largeLib_SpeI_cleanup,3,D5,6,A176,B30,A176-B30,15,217,0.06912442396313365
TFMN4.exp2.ACN3788.concX_largeLib_SpeI_cleanup.3,concX_largeLib_SpeI_cleanup,3,D5,6,A78,B117,A78-B117,2,217,0.009216589861751152
TFMN4.exp2.ACN3788.concX_largeLib_SpeI_cleanup.3,concX_largeLib_SpeI_cleanup,3,D5,6,A81,B30,A81-B30,1,217,0.004608294930875576
TFMN4.exp2.ACN3788.concX_largeLib_SpeI_cleanup.3,concX_largeLib_SpeI_cleanup,3,D5,6,A81,B6,A81-B6,126,217,0.5806451612903226
TFMN4.exp2.ACN3788.concX_largeLib_SpeI_cleanup.3,concX_largeLib_SpeI_cleanup,3,D5,6,A83,B50,A83-B50,2,217,0.009216589861751152
TFMN4.exp2.ACN3788.concX_largeLib_SpeI_cleanup.3,concX_largeLib_SpeI_cleanup,3,D5,6,A90,B47,A90-B47,1,217,0.004608294930875576
TFMN4.exp2.ACN3788.concX_largeLib_SpeI_cleanup.3,concX_largeLib_SpeI_cleanup,3,D5,6,A90,B75,A90-B75,37,217,0.17050691244239632
TFMN4.exp2.ACN3788.concX_largeLib_SpeI_cleanup.3,concX_largeLib_SpeI_cleanup,3,D5,13,A153,B30,A153-B30,2,153,0.013071895424836602
TFMN4.exp2.ACN3788.concX_largeLib_SpeI_cleanup.3,concX_largeLib_SpeI_cleanup,3,D5,13,A78,B117,A78-B117,1,153,0.006535947712418301
TFMN4.exp2.ACN3788.concX_largeLib_SpeI_cleanup.3,concX_largeLib_SpeI_cleanup,3,D5,13,A81,B6,A81-B6,146,153,0.954248366013072
TFMN4.exp2.ACN3788.concX_largeLib_SpeI_cleanup.3,concX_largeLib_SpeI_cleanup,3,D5,13,A90,B123,A90-B123,1,153,0.006535947712418301
TFMN4.exp2.ACN3788.concX_largeLib_SpeI_cleanup.3,concX_largeLib_SpeI_cleanup,3,D5,13,A90,B75,A90-B75,2,153,0.013071895424836602
TFMN4.exp2.ACN3788.concX_largeLib_SpeI_cleanup.3,concX_largeLib_SpeI_cleanup,3,D5,13,A97,B6,A97-B6,1,153,0.006535947712418301
TFMN4.exp2.ACN3788.concX_smallLib_PCR_DpnI_cleanup.3,concX_smallLib_PCR_DpnI_cleanup,3,D10,3,A152,B154,A152-B154,5,101,0.04950495049504951
TFMN4.exp2.ACN3788.concX_smallLib_PCR_DpnI_cleanup.3,concX_smallLib_PCR_DpnI_cleanup,3,D10,3,A153,B137,A153-B137,7,101,0.06930693069306931
TFMN4.exp2.ACN3788.concX_smallLib_PCR_DpnI_cleanup.3,concX_smallLib_PCR_DpnI_cleanup,3,D10,3,A153,B77,A153-B77,4,101,0.039603960396039604
TFMN4.exp2.ACN3788.concX_smallLib_PCR_DpnI_cleanup.3,concX_smallLib_PCR_DpnI_cleanup,3,D10,3,A16,B161,A16-B161,2,101,0.019801980198019802
TFMN4.exp2.ACN3788.concX_smallLib_PCR_DpnI_cleanup.3,concX_smallLib_PCR_DpnI_cleanup,3,D10,3,A185,B26,A185-B26,3,101,0.0297029702970297
TFMN4.exp2.ACN3788.concX_smallLib_PCR_DpnI_cleanup.3,concX_smallLib_PCR_DpnI_cleanup,3,D10,3,A196,B168,A196-B168,10,101,0.09900990099009901
TFMN4.exp2.ACN3788.concX_smallLib_PCR_DpnI_cleanup.3,concX_smallLib_PCR_DpnI_cleanup,3,D10,3,A63,B40,A63-B40,1,101,0.009900990099009901
TFMN4.exp2.ACN3788.concX_smallLib_PCR_DpnI_cleanup.3,concX_smallLib_PCR_DpnI_cleanup,3,D10,3,A78,B3,A78-B3,17,101,0.16831683168316833
TFMN4.exp2.ACN3788.concX_smallLib_PCR_DpnI_cleanup.3,concX_smallLib_PCR_DpnI_cleanup,3,D10,3,A81,B101,A81-B101,1,101,0.009900990099009901
TFMN4.exp2.ACN3788.concX_smallLib_PCR_DpnI_cleanup.3,concX_smallLib_PCR_DpnI_cleanup,3,D10,3,A81,B165,A81-B165,1,101,0.009900990099009901
TFMN4.exp2.ACN3788.concX_smallLib_PCR_DpnI_cleanup.3,concX_smallLib_PCR_DpnI_cleanup,3,D10,3,A81,B51,A81-B51,16,101,0.15841584158415842
TFMN4.exp2.ACN3788.concX_smallLib_PCR_DpnI_cleanup.3,concX_smallLib_PCR_DpnI_cleanup,3,D10,3,A81,B61,A81-B61,4,101,0.039603960396039604
TFMN4.exp2.ACN3788.concX_smallLib_PCR_DpnI_cleanup.3,concX_smallLib_PCR_DpnI_cleanup,3,D10,3,A83,B151,A83-B151,25,101,0.24752475247524752
TFMN4.exp2.ACN3788.concX_smallLib_PCR_DpnI_cleanup.3,concX_smallLib_PCR_DpnI_cleanup,3,D10,3,A90,B2,A90-B2,2,101,0.019801980198019802
TFMN4.exp2.ACN3788.concX_smallLib_PCR_DpnI_cleanup.3,concX_smallLib_PCR_DpnI_cleanup,3,D10,3,A96,B26,A96-B26,1,101,0.009900990099009901
TFMN4.exp2.ACN3788.concX_smallLib_PCR_DpnI_cleanup.3,concX_smallLib_PCR_DpnI_cleanup,3,D10,3,A96,B87,A96-B87,2,101,0.019801980198019802
TFMN4.exp2.ACN3788.concX_smallLib_PCR_DpnI_cleanup.3,concX_smallLib_PCR_DpnI_cleanup,3,D10,4,A152,B154,A152-B154,7,218,0.03211009174311927
TFMN4.exp2.ACN3788.concX_smallLib_PCR_DpnI_cleanup.3,concX_smallLib_PCR_DpnI_cleanup,3,D10,4,A153,B137,A153-B137,8,218,0.03669724770642202
TFMN4.exp2.ACN3788.concX_smallLib_PCR_DpnI_cleanup.3,concX_smallLib_PCR_DpnI_cleanup,3,D10,4,A153,B55,A153-B55,3,218,0.013761467889908258
TFMN4.exp2.ACN3788.concX_smallLib_PCR_DpnI_cleanup.3,concX_smallLib_PCR_DpnI_cleanup,3,D10,4,A153,B77,A153-B77,4,218,0.01834862385321101
TFMN4.exp2.ACN3788.concX_smallLib_PCR_DpnI_cleanup.3,concX_smallLib_PCR_DpnI_cleanup,3,D10,4,A162,B137,A162-B137,3,218,0.013761467889908258
TFMN4.exp2.ACN3788.concX_smallLib_PCR_DpnI_cleanup.3,concX_smallLib_PCR_DpnI_cleanup,3,D10,4,A176,B177,A176-B177,1,218,0.0045871559633027525
TFMN4.exp2.ACN3788.concX_smallLib_PCR_DpnI_cleanup.3,concX_smallLib_PCR_DpnI_cleanup,3,D10,4,A185,B26,A185-B26,2,218,0.009174311926605505
TFMN4.exp2.ACN3788.concX_smallLib_PCR_DpnI_cleanup.3,concX_smallLib_PCR_DpnI_cleanup,3,D10,4,A196,B168,A196-B168,51,218,0.23394495412844038
TFMN4.exp2.ACN3788.concX_smallLib_PCR_DpnI_cleanup.3,concX_smallLib_PCR_DpnI_cleanup,3,D10,4,A63,B40,A63-B40,2,218,0.009174311926605505
TFMN4.exp2.ACN3788.concX_smallLib_PCR_DpnI_cleanup.3,concX_smallLib_PCR_DpnI_cleanup,3,D10,4,A78,B3,A78-B3,17,218,0.0779816513761468
TFMN4.exp2.ACN3788.concX_smallLib_PCR_DpnI_cleanup.3,concX_smallLib_PCR_DpnI_cleanup,3,D10,4,A78,B47,A78-B47,1,218,0.0045871559633027525
TFMN4.exp2.ACN3788.concX_smallLib_PCR_DpnI_cleanup.3,concX_smallLib_PCR_DpnI_cleanup,3,D10,4,A81,B101,A81-B101,7,218,0.03211009174311927
TFMN4.exp2.ACN3788.concX_smallLib_PCR_DpnI_cleanup.3,concX_smallLib_PCR_DpnI_cleanup,3,D10,4,A81,B51,A81-B51,15,218,0.06880733944954129
TFMN4.exp2.ACN3788.concX_smallLib_PCR_DpnI_cleanup.3,concX_smallLib_PCR_DpnI_cleanup,3,D10,4,A81,B61,A81-B61,6,218,0.027522935779816515
TFMN4.exp2.ACN3788.concX_smallLib_PCR_DpnI_cleanup.3,concX_smallLib_PCR_DpnI_cleanup,3,D10,4,A83,B151,A83-B151,83,218,0.38073394495412843
TFMN4.exp2.ACN3788.concX_smallLib_PCR_DpnI_cleanup.3,concX_smallLib_PCR_DpnI_cleanup,3,D10,4,A83,B70,A83-B70,4,218,0.01834862385321101
TFMN4.exp2.ACN3788.concX_smallLib_PCR_DpnI_cleanup.3,concX_smallLib_PCR_DpnI_cleanup,3,D10,4,A96,B26,A96-B26,2,218,0.009174311926605505
TFMN4.exp2.ACN3788.concX_smallLib_PCR_DpnI_cleanup.3,concX_smallLib_PCR_DpnI_cleanup,3,D10,4,A96,B87,A96-B87,2,218,0.009174311926605505
TFMN4.exp2.ACN3788.concX_smallLib_PCR_DpnI_cleanup.3,concX_smallLib_PCR_DpnI_cleanup,3,D10,6,A152,B154,A152-B154,7,125,0.056
TFMN4.exp2.ACN3788.concX_smallLib_PCR_DpnI_cleanup.3,concX_smallLib_PCR_DpnI_cleanup,3,D10,6,A153,B137,A153-B137,17,125,0.136
TFMN4.exp2.ACN3788.concX_smallLib_PCR_DpnI_cleanup.3,concX_smallLib_PCR_DpnI_cleanup,3,D10,6,A153,B77,A153-B77,19,125,0.152
TFMN4.exp2.ACN3788.concX_smallLib_PCR_DpnI_cleanup.3,concX_smallLib_PCR_DpnI_cleanup,3,D10,6,A185,B26,A185-B26,1,125,0.008
TFMN4.exp2.ACN3788.concX_smallLib_PCR_DpnI_cleanup.3,concX_smallLib_PCR_DpnI_cleanup,3,D10,6,A196,B168,A196-B168,40,125,0.32
TFMN4.exp2.ACN3788.concX_smallLib_PCR_DpnI_cleanup.3,concX_smallLib_PCR_DpnI_cleanup,3,D10,6,A20,B95,A20-B95,3,125,0.024
TFMN4.exp2.ACN3788.concX_smallLib_PCR_DpnI_cleanup.3,concX_smallLib_PCR_DpnI_cleanup,3,D10,6,A63,B40,A63-B40,1,125,0.008
TFMN4.exp2.ACN3788.concX_smallLib_PCR_DpnI_cleanup.3,concX_smallLib_PCR_DpnI_cleanup,3,D10,6,A78,B3,A78-B3,6,125,0.048
TFMN4.exp2.ACN3788.concX_smallLib_PCR_DpnI_cleanup.3,concX_smallLib_PCR_DpnI_cleanup,3,D10,6,A81,B101,A81-B101,4,125,0.032
TFMN4.exp2.ACN3788.concX_smallLib_PCR_DpnI_cleanup.3,concX_smallLib_PCR_DpnI_cleanup,3,D10,6,A81,B51,A81-B51,7,125,0.056
TFMN4.exp2.ACN3788.concX_smallLib_PCR_DpnI_cleanup.3,concX_smallLib_PCR_DpnI_cleanup,3,D10,6,A81,B61,A81-B61,3,125,0.024
TFMN4.exp2.ACN3788.concX_smallLib_PCR_DpnI_cleanup.3,concX_smallLib_PCR_DpnI_cleanup,3,D10,6,A83,B151,A83-B151,14,125,0.112
TFMN4.exp2.ACN3788.concX_smallLib_PCR_DpnI_cleanup.3,concX_smallLib_PCR_DpnI_cleanup,3,D10,6,A96,B87,A96-B87,3,125,0.024
TFMN4.exp2.ACN3788.concX_smallLib_PCR_DpnI_cleanup.3,concX_smallLib_PCR_DpnI_cleanup,3,D10,13,A153,B137,A153-B137,1,188,0.005319148936170213
TFMN4.exp2.ACN3788.concX_smallLib_PCR_DpnI_cleanup.3,concX_smallLib_PCR_DpnI_cleanup,3,D10,13,A153,B77,A153-B77,21,188,0.11170212765957446
TFMN4.exp2.ACN3788.concX_smallLib_PCR_DpnI_cleanup.3,concX_smallLib_PCR_DpnI_cleanup,3,D10,13,A185,B26,A185-B26,8,188,0.0425531914893617
TFMN4.exp2.ACN3788.concX_smallLib_PCR_DpnI_cleanup.3,concX_smallLib_PCR_DpnI_cleanup,3,D10,13,A196,B168,A196-B168,40,188,0.2127659574468085
TFMN4.exp2.ACN3788.concX_smallLib_PCR_DpnI_cleanup.3,concX_smallLib_PCR_DpnI_cleanup,3,D10,13,A20,B95,A20-B95,1,188,0.005319148936170213
TFMN4.exp2.ACN3788.concX_smallLib_PCR_DpnI_cleanup.3,concX_smallLib_PCR_DpnI_cleanup,3,D10,13,A63,B40,A63-B40,1,188,0.005319148936170213
TFMN4.exp2.ACN3788.concX_smallLib_PCR_DpnI_cleanup.3,concX_smallLib_PCR_DpnI_cleanup,3,D10,13,A78,B3,A78-B3,16,188,0.0851063829787234
TFMN4.exp2.ACN3788.concX_smallLib_PCR_DpnI_cleanup.3,concX_smallLib_PCR_DpnI_cleanup,3,D10,13,A81,B51,A81-B51,71,188,0.3776595744680851
TFMN4.exp2.ACN3788.concX_smallLib_PCR_DpnI_cleanup.3,concX_smallLib_PCR_DpnI_cleanup,3,D10,13,A83,B104,A83-B104,1,188,0.005319148936170213
TFMN4.exp2.ACN3788.concX_smallLib_PCR_DpnI_cleanup.3,concX_smallLib_PCR_DpnI_cleanup,3,D10,13,A83,B151,A83-B151,25,188,0.13297872340425532
TFMN4.exp2.ACN3788.concX_smallLib_PCR_DpnI_cleanup.3,concX_smallLib_PCR_DpnI_cleanup,3,D10,13,A90,B150,A90-B150,1,188,0.005319148936170213
TFMN4.exp2.ACN3788.concX_smallLib_PCR_DpnI_cleanup.3,concX_smallLib_PCR_DpnI_cleanup,3,D10,13,A96,B26,A96-B26,1,188,0.005319148936170213
TFMN4.exp2.ACN3788.concX_smallLib_PCR_DpnI_cleanup.3,concX_smallLib_PCR_DpnI_cleanup,3,D10,13,A96,B3,A96-B3,1,188,0.005319148936170213
TFMN4.exp2.ACN3788.concY_largeLib_PCR_DpnI_cleanup.2,concY_largeLib_PCR_DpnI_cleanup,2,C9,3,A143,B13,A143-B13,2,132,0.015151515151515152
TFMN4.exp2.ACN3788.concY_largeLib_PCR_DpnI_cleanup.2,concY_largeLib_PCR_DpnI_cleanup,2,C9,3,A143,B137,A143-B137,2,132,0.015151515151515152
TFMN4.exp2.ACN3788.concY_largeLib_PCR_DpnI_cleanup.2,concY_largeLib_PCR_DpnI_cleanup,2,C9,3,A152,B47,A152-B47,2,132,0.015151515151515152
TFMN4.exp2.ACN3788.concY_largeLib_PCR_DpnI_cleanup.2,concY_largeLib_PCR_DpnI_cleanup,2,C9,3,A16,B140,A16-B140,1,132,0.007575757575757576
TFMN4.exp2.ACN3788.concY_largeLib_PCR_DpnI_cleanup.2,concY_largeLib_PCR_DpnI_cleanup,2,C9,3,A16,B145,A16-B145,4,132,0.030303030303030304
TFMN4.exp2.ACN3788.concY_largeLib_PCR_DpnI_cleanup.2,concY_largeLib_PCR_DpnI_cleanup,2,C9,3,A186,B117,A186-B117,1,132,0.007575757575757576
TFMN4.exp2.ACN3788.concY_largeLib_PCR_DpnI_cleanup.2,concY_largeLib_PCR_DpnI_cleanup,2,C9,3,A186,B63,A186-B63,1,132,0.007575757575757576
TFMN4.exp2.ACN3788.concY_largeLib_PCR_DpnI_cleanup.2,concY_largeLib_PCR_DpnI_cleanup,2,C9,3,A186,B70,A186-B70,4,132,0.030303030303030304
TFMN4.exp2.ACN3788.concY_largeLib_PCR_DpnI_cleanup.2,concY_largeLib_PCR_DpnI_cleanup,2,C9,3,A186,B84,A186-B84,2,132,0.015151515151515152
TFMN4.exp2.ACN3788.concY_largeLib_PCR_DpnI_cleanup.2,concY_largeLib_PCR_DpnI_cleanup,2,C9,3,A196,B119,A196-B119,2,132,0.015151515151515152
TFMN4.exp2.ACN3788.concY_largeLib_PCR_DpnI_cleanup.2,concY_largeLib_PCR_DpnI_cleanup,2,C9,3,A196,B15,A196-B15,1,132,0.007575757575757576
TFMN4.exp2.ACN3788.concY_largeLib_PCR_DpnI_cleanup.2,concY_largeLib_PCR_DpnI_cleanup,2,C9,3,A196,B151,A196-B151,19,132,0.14393939393939395
TFMN4.exp2.ACN3788.concY_largeLib_PCR_DpnI_cleanup.2,concY_largeLib_PCR_DpnI_cleanup,2,C9,3,A196,B38,A196-B38,8,132,0.06060606060606061
TFMN4.exp2.ACN3788.concY_largeLib_PCR_DpnI_cleanup.2,concY_largeLib_PCR_DpnI_cleanup,2,C9,3,A196,B52,A196-B52,3,132,0.022727272727272728
TFMN4.exp2.ACN3788.concY_largeLib_PCR_DpnI_cleanup.2,concY_largeLib_PCR_DpnI_cleanup,2,C9,3,A196,B84,A196-B84,11,132,0.08333333333333333
TFMN4.exp2.ACN3788.concY_largeLib_PCR_DpnI_cleanup.2,concY_largeLib_PCR_DpnI_cleanup,2,C9,3,A20,B126,A20-B126,1,132,0.007575757575757576
TFMN4.exp2.ACN3788.concY_largeLib_PCR_DpnI_cleanup.2,concY_largeLib_PCR_DpnI_cleanup,2,C9,3,A20,B13,A20-B13,2,132,0.015151515151515152
TFMN4.exp2.ACN3788.concY_largeLib_PCR_DpnI_cleanup.2,concY_largeLib_PCR_DpnI_cleanup,2,C9,3,A20,B6,A20-B6,21,132,0.1590909090909091
TFMN4.exp2.ACN3788.concY_largeLib_PCR_DpnI_cleanup.2,concY_largeLib_PCR_DpnI_cleanup,2,C9,3,A20,B84,A20-B84,10,132,0.07575757575757576
TFMN4.exp2.ACN3788.concY_largeLib_PCR_DpnI_cleanup.2,concY_largeLib_PCR_DpnI_cleanup,2,C9,3,A63,B103,A63-B103,1,132,0.007575757575757576
TFMN4.exp2.ACN3788.concY_largeLib_PCR_DpnI_cleanup.2,concY_largeLib_PCR_DpnI_cleanup,2,C9,3,A63,B75,A63-B75,1,132,0.007575757575757576
TFMN4.exp2.ACN3788.concY_largeLib_PCR_DpnI_cleanup.2,concY_largeLib_PCR_DpnI_cleanup,2,C9,3,A63,B79,A63-B79,3,132,0.022727272727272728
TFMN4.exp2.ACN3788.concY_largeLib_PCR_DpnI_cleanup.2,concY_largeLib_PCR_DpnI_cleanup,2,C9,3,A78,B101,A78-B101,4,132,0.030303030303030304
TFMN4.exp2.ACN3788.concY_largeLib_PCR_DpnI_cleanup.2,concY_largeLib_PCR_DpnI_cleanup,2,C9,3,A78,B130,A78-B130,1,132,0.007575757575757576
TFMN4.exp2.ACN3788.concY_largeLib_PCR_DpnI_cleanup.2,concY_largeLib_PCR_DpnI_cleanup,2,C9,3,A78,B75,A78-B75,2,132,0.015151515151515152
TFMN4.exp2.ACN3788.concY_largeLib_PCR_DpnI_cleanup.2,concY_largeLib_PCR_DpnI_cleanup,2,C9,3,A81,B145,A81-B145,5,132,0.03787878787878788
TFMN4.exp2.ACN3788.concY_largeLib_PCR_DpnI_cleanup.2,concY_largeLib_PCR_DpnI_cleanup,2,C9,3,A81,B2,A81-B2,3,132,0.022727272727272728
TFMN4.exp2.ACN3788.concY_largeLib_PCR_DpnI_cleanup.2,concY_largeLib_PCR_DpnI_cleanup,2,C9,3,A81,B87,A81-B87,3,132,0.022727272727272728
TFMN4.exp2.ACN3788.concY_largeLib_PCR_DpnI_cleanup.2,concY_largeLib_PCR_DpnI_cleanup,2,C9,3,A83,B40,A83-B40,1,132,0.007575757575757576
TFMN4.exp2.ACN3788.concY_largeLib_PCR_DpnI_cleanup.2,concY_largeLib_PCR_DpnI_cleanup,2,C9,3,A90,B155,A90-B155,1,132,0.007575757575757576
TFMN4.exp2.ACN3788.concY_largeLib_PCR_DpnI_cleanup.2,concY_largeLib_PCR_DpnI_cleanup,2,C9,3,A90,B26,A90-B26,2,132,0.015151515151515152
TFMN4.exp2.ACN3788.concY_largeLib_PCR_DpnI_cleanup.2,concY_largeLib_PCR_DpnI_cleanup,2,C9,3,A90,B52,A90-B52,2,132,0.015151515151515152
TFMN4.exp2.ACN3788.concY_largeLib_PCR_DpnI_cleanup.2,concY_largeLib_PCR_DpnI_cleanup,2,C9,3,A96,B79,A96-B79,6,132,0.045454545454545456
TFMN4.exp2.ACN3788.concY_largeLib_PCR_DpnI_cleanup.2,concY_largeLib_PCR_DpnI_cleanup,2,C9,4,A143,B13,A143-B13,2,195,0.010256410256410256
TFMN4.exp2.ACN3788.concY_largeLib_PCR_DpnI_cleanup.2,concY_largeLib_PCR_DpnI_cleanup,2,C9,4,A143,B137,A143-B137,5,195,0.02564102564102564
TFMN4.exp2.ACN3788.concY_largeLib_PCR_DpnI_cleanup.2,concY_largeLib_PCR_DpnI_cleanup,2,C9,4,A152,B47,A152-B47,2,195,0.010256410256410256
TFMN4.exp2.ACN3788.concY_largeLib_PCR_DpnI_cleanup.2,concY_largeLib_PCR_DpnI_cleanup,2,C9,4,A153,B26,A153-B26,1,195,0.005128205128205128
TFMN4.exp2.ACN3788.concY_largeLib_PCR_DpnI_cleanup.2,concY_largeLib_PCR_DpnI_cleanup,2,C9,4,A16,B117,A16-B117,1,195,0.005128205128205128
TFMN4.exp2.ACN3788.concY_largeLib_PCR_DpnI_cleanup.2,concY_largeLib_PCR_DpnI_cleanup,2,C9,4,A16,B140,A16-B140,1,195,0.005128205128205128
TFMN4.exp2.ACN3788.concY_largeLib_PCR_DpnI_cleanup.2,concY_largeLib_PCR_DpnI_cleanup,2,C9,4,A16,B145,A16-B145,8,195,0.041025641025641026
TFMN4.exp2.ACN3788.concY_largeLib_PCR_DpnI_cleanup.2,concY_largeLib_PCR_DpnI_cleanup,2,C9,4,A176,B103,A176-B103,1,195,0.005128205128205128
TFMN4.exp2.ACN3788.concY_largeLib_PCR_DpnI_cleanup.2,concY_largeLib_PCR_DpnI_cleanup,2,C9,4,A176,B138,A176-B138,1,195,0.005128205128205128
TFMN4.exp2.ACN3788.concY_largeLib_PCR_DpnI_cleanup.2,concY_largeLib_PCR_DpnI_cleanup,2,C9,4,A186,B117,A186-B117,1,195,0.005128205128205128
TFMN4.exp2.ACN3788.concY_largeLib_PCR_DpnI_cleanup.2,concY_largeLib_PCR_DpnI_cleanup,2,C9,4,A186,B145,A186-B145,1,195,0.005128205128205128
TFMN4.exp2.ACN3788.concY_largeLib_PCR_DpnI_cleanup.2,concY_largeLib_PCR_DpnI_cleanup,2,C9,4,A186,B84,A186-B84,1,195,0.005128205128205128
TFMN4.exp2.ACN3788.concY_largeLib_PCR_DpnI_cleanup.2,concY_largeLib_PCR_DpnI_cleanup,2,C9,4,A196,B119,A196-B119,7,195,0.035897435897435895
TFMN4.exp2.ACN3788.concY_largeLib_PCR_DpnI_cleanup.2,concY_largeLib_PCR_DpnI_cleanup,2,C9,4,A196,B15,A196-B15,9,195,0.046153846153846156
TFMN4.exp2.ACN3788.concY_largeLib_PCR_DpnI_cleanup.2,concY_largeLib_PCR_DpnI_cleanup,2,C9,4,A196,B151,A196-B151,39,195,0.2
TFMN4.exp2.ACN3788.concY_largeLib_PCR_DpnI_cleanup.2,concY_largeLib_PCR_DpnI_cleanup,2,C9,4,A196,B38,A196-B38,13,195,0.06666666666666667
TFMN4.exp2.ACN3788.concY_largeLib_PCR_DpnI_cleanup.2,concY_largeLib_PCR_DpnI_cleanup,2,C9,4,A196,B46,A196-B46,6,195,0.03076923076923077
TFMN4.exp2.ACN3788.concY_largeLib_PCR_DpnI_cleanup.2,concY_largeLib_PCR_DpnI_cleanup,2,C9,4,A196,B52,A196-B52,3,195,0.015384615384615385
TFMN4.exp2.ACN3788.concY_largeLib_PCR_DpnI_cleanup.2,concY_largeLib_PCR_DpnI_cleanup,2,C9,4,A196,B84,A196-B84,31,195,0.15897435897435896
TFMN4.exp2.ACN3788.concY_largeLib_PCR_DpnI_cleanup.2,concY_largeLib_PCR_DpnI_cleanup,2,C9,4,A20,B126,A20-B126,10,195,0.05128205128205128
TFMN4.exp2.ACN3788.concY_largeLib_PCR_DpnI_cleanup.2,concY_largeLib_PCR_DpnI_cleanup,2,C9,4,A20,B6,A20-B6,10,195,0.05128205128205128
TFMN4.exp2.ACN3788.concY_largeLib_PCR_DpnI_cleanup.2,concY_largeLib_PCR_DpnI_cleanup,2,C9,4,A20,B84,A20-B84,4,195,0.020512820512820513
TFMN4.exp2.ACN3788.concY_largeLib_PCR_DpnI_cleanup.2,concY_largeLib_PCR_DpnI_cleanup,2,C9,4,A63,B117,A63-B117,2,195,0.010256410256410256
TFMN4.exp2.ACN3788.concY_largeLib_PCR_DpnI_cleanup.2,concY_largeLib_PCR_DpnI_cleanup,2,C9,4,A63,B79,A63-B79,3,195,0.015384615384615385
TFMN4.exp2.ACN3788.concY_largeLib_PCR_DpnI_cleanup.2,concY_largeLib_PCR_DpnI_cleanup,2,C9,4,A78,B101,A78-B101,1,195,0.005128205128205128
TFMN4.exp2.ACN3788.concY_largeLib_PCR_DpnI_cleanup.2,concY_largeLib_PCR_DpnI_cleanup,2,C9,4,A78,B75,A78-B75,1,195,0.005128205128205128
TFMN4.exp2.ACN3788.concY_largeLib_PCR_DpnI_cleanup.2,concY_largeLib_PCR_DpnI_cleanup,2,C9,4,A81,B145,A81-B145,2,195,0.010256410256410256
TFMN4.exp2.ACN3788.concY_largeLib_PCR_DpnI_cleanup.2,concY_largeLib_PCR_DpnI_cleanup,2,C9,4,A81,B2,A81-B2,15,195,0.07692307692307693
TFMN4.exp2.ACN3788.concY_largeLib_PCR_DpnI_cleanup.2,concY_largeLib_PCR_DpnI_cleanup,2,C9,4,A81,B87,A81-B87,6,195,0.03076923076923077
TFMN4.exp2.ACN3788.concY_largeLib_PCR_DpnI_cleanup.2,concY_largeLib_PCR_DpnI_cleanup,2,C9,4,A83,B40,A83-B40,2,195,0.010256410256410256
TFMN4.exp2.ACN3788.concY_largeLib_PCR_DpnI_cleanup.2,concY_largeLib_PCR_DpnI_cleanup,2,C9,4,A90,B18,A90-B18,2,195,0.010256410256410256
TFMN4.exp2.ACN3788.concY_largeLib_PCR_DpnI_cleanup.2,concY_largeLib_PCR_DpnI_cleanup,2,C9,4,A90,B3,A90-B3,2,195,0.010256410256410256
TFMN4.exp2.ACN3788.concY_largeLib_PCR_DpnI_cleanup.2,concY_largeLib_PCR_DpnI_cleanup,2,C9,4,A90,B38,A90-B38,1,195,0.005128205128205128
TFMN4.exp2.ACN3788.concY_largeLib_PCR_DpnI_cleanup.2,concY_largeLib_PCR_DpnI_cleanup,2,C9,4,A96,B79,A96-B79,1,195,0.005128205128205128
TFMN4.exp2.ACN3788.concY_largeLib_PCR_DpnI_cleanup.2,concY_largeLib_PCR_DpnI_cleanup,2,C9,6,A143,B137,A143-B137,6,217,0.027649769585253458
TFMN4.exp2.ACN3788.concY_largeLib_PCR_DpnI_cleanup.2,concY_largeLib_PCR_DpnI_cleanup,2,C9,6,A152,B47,A152-B47,1,217,0.004608294930875576
TFMN4.exp2.ACN3788.concY_largeLib_PCR_DpnI_cleanup.2,concY_largeLib_PCR_DpnI_cleanup,2,C9,6,A16,B117,A16-B117,1,217,0.004608294930875576
TFMN4.exp2.ACN3788.concY_largeLib_PCR_DpnI_cleanup.2,concY_largeLib_PCR_DpnI_cleanup,2,C9,6,A16,B140,A16-B140,1,217,0.004608294930875576
TFMN4.exp2.ACN3788.concY_largeLib_PCR_DpnI_cleanup.2,concY_largeLib_PCR_DpnI_cleanup,2,C9,6,A16,B145,A16-B145,3,217,0.013824884792626729
TFMN4.exp2.ACN3788.concY_largeLib_PCR_DpnI_cleanup.2,concY_largeLib_PCR_DpnI_cleanup,2,C9,6,A186,B117,A186-B117,2,217,0.009216589861751152
TFMN4.exp2.ACN3788.concY_largeLib_PCR_DpnI_cleanup.2,concY_largeLib_PCR_DpnI_cleanup,2,C9,6,A186,B62,A186-B62,1,217,0.004608294930875576
TFMN4.exp2.ACN3788.concY_largeLib_PCR_DpnI_cleanup.2,concY_largeLib_PCR_DpnI_cleanup,2,C9,6,A196,B119,A196-B119,13,217,0.059907834101382486
TFMN4.exp2.ACN3788.concY_largeLib_PCR_DpnI_cleanup.2,concY_largeLib_PCR_DpnI_cleanup,2,C9,6,A196,B15,A196-B15,1,217,0.004608294930875576
TFMN4.exp2.ACN3788.concY_largeLib_PCR_DpnI_cleanup.2,concY_largeLib_PCR_DpnI_cleanup,2,C9,6,A196,B151,A196-B151,68,217,0.31336405529953915
TFMN4.exp2.ACN3788.concY_largeLib_PCR_DpnI_cleanup.2,concY_largeLib_PCR_DpnI_cleanup,2,C9,6,A196,B38,A196-B38,11,217,0.05069124423963134
TFMN4.exp2.ACN3788.concY_largeLib_PCR_DpnI_cleanup.2,concY_largeLib_PCR_DpnI_cleanup,2,C9,6,A196,B40,A196-B40,1,217,0.004608294930875576
TFMN4.exp2.ACN3788.concY_largeLib_PCR_DpnI_cleanup.2,concY_largeLib_PCR_DpnI_cleanup,2,C9,6,A196,B46,A196-B46,3,217,0.013824884792626729
TFMN4.exp2.ACN3788.concY_largeLib_PCR_DpnI_cleanup.2,concY_largeLib_PCR_DpnI_cleanup,2,C9,6,A196,B52,A196-B52,5,217,0.02304147465437788
TFMN4.exp2.ACN3788.concY_largeLib_PCR_DpnI_cleanup.2,concY_largeLib_PCR_DpnI_cleanup,2,C9,6,A196,B84,A196-B84,19,217,0.08755760368663594
TFMN4.exp2.ACN3788.concY_largeLib_PCR_DpnI_cleanup.2,concY_largeLib_PCR_DpnI_cleanup,2,C9,6,A20,B126,A20-B126,6,217,0.027649769585253458
TFMN4.exp2.ACN3788.concY_largeLib_PCR_DpnI_cleanup.2,concY_largeLib_PCR_DpnI_cleanup,2,C9,6,A20,B6,A20-B6,12,217,0.055299539170506916
TFMN4.exp2.ACN3788.concY_largeLib_PCR_DpnI_cleanup.2,concY_largeLib_PCR_DpnI_cleanup,2,C9,6,A20,B84,A20-B84,8,217,0.03686635944700461
TFMN4.exp2.ACN3788.concY_largeLib_PCR_DpnI_cleanup.2,concY_largeLib_PCR_DpnI_cleanup,2,C9,6,A63,B79,A63-B79,1,217,0.004608294930875576
TFMN4.exp2.ACN3788.concY_largeLib_PCR_DpnI_cleanup.2,concY_largeLib_PCR_DpnI_cleanup,2,C9,6,A78,B101,A78-B101,3,217,0.013824884792626729
TFMN4.exp2.ACN3788.concY_largeLib_PCR_DpnI_cleanup.2,concY_largeLib_PCR_DpnI_cleanup,2,C9,6,A78,B75,A78-B75,2,217,0.009216589861751152
TFMN4.exp2.ACN3788.concY_largeLib_PCR_DpnI_cleanup.2,concY_largeLib_PCR_DpnI_cleanup,2,C9,6,A81,B145,A81-B145,10,217,0.04608294930875576
TFMN4.exp2.ACN3788.concY_largeLib_PCR_DpnI_cleanup.2,concY_largeLib_PCR_DpnI_cleanup,2,C9,6,A81,B2,A81-B2,22,217,0.10138248847926268
TFMN4.exp2.ACN3788.concY_largeLib_PCR_DpnI_cleanup.2,concY_largeLib_PCR_DpnI_cleanup,2,C9,6,A81,B87,A81-B87,5,217,0.02304147465437788
TFMN4.exp2.ACN3788.concY_largeLib_PCR_DpnI_cleanup.2,concY_largeLib_PCR_DpnI_cleanup,2,C9,6,A83,B40,A83-B40,1,217,0.004608294930875576
TFMN4.exp2.ACN3788.concY_largeLib_PCR_DpnI_cleanup.2,concY_largeLib_PCR_DpnI_cleanup,2,C9,6,A90,B26,A90-B26,1,217,0.004608294930875576
TFMN4.exp2.ACN3788.concY_largeLib_PCR_DpnI_cleanup.2,concY_largeLib_PCR_DpnI_cleanup,2,C9,6,A90,B3,A90-B3,4,217,0.018433179723502304
TFMN4.exp2.ACN3788.concY_largeLib_PCR_DpnI_cleanup.2,concY_largeLib_PCR_DpnI_cleanup,2,C9,6,A90,B59,A90-B59,1,217,0.004608294930875576
TFMN4.exp2.ACN3788.concY_largeLib_PCR_DpnI_cleanup.2,concY_largeLib_PCR_DpnI_cleanup,2,C9,6,A96,B79,A96-B79,5,217,0.02304147465437788
TFMN4.exp2.ACN3788.concY_largeLib_PCR_DpnI_cleanup.2,concY_largeLib_PCR_DpnI_cleanup,2,C9,13,A196,B151,A196-B151,14,210,0.06666666666666667
TFMN4.exp2.ACN3788.concY_largeLib_PCR_DpnI_cleanup.2,concY_largeLib_PCR_DpnI_cleanup,2,C9,13,A196,B38,A196-B38,4,210,0.01904761904761905
TFMN4.exp2.ACN3788.concY_largeLib_PCR_DpnI_cleanup.2,concY_largeLib_PCR_DpnI_cleanup,2,C9,13,A20,B6,A20-B6,4,210,0.01904761904761905
TFMN4.exp2.ACN3788.concY_largeLib_PCR_DpnI_cleanup.2,concY_largeLib_PCR_DpnI_cleanup,2,C9,13,A20,B84,A20-B84,1,210,0.004761904761904762
TFMN4.exp2.ACN3788.concY_largeLib_PCR_DpnI_cleanup.2,concY_largeLib_PCR_DpnI_cleanup,2,C9,13,A81,B130,A81-B130,1,210,0.004761904761904762
TFMN4.exp2.ACN3788.concY_largeLib_PCR_DpnI_cleanup.2,concY_largeLib_PCR_DpnI_cleanup,2,C9,13,A81,B2,A81-B2,46,210,0.21904761904761905
TFMN4.exp2.ACN3788.concY_largeLib_PCR_DpnI_cleanup.2,concY_largeLib_PCR_DpnI_cleanup,2,C9,13,A81,B84,A81-B84,3,210,0.014285714285714285
TFMN4.exp2.ACN3788.concY_largeLib_PCR_DpnI_cleanup.2,concY_largeLib_PCR_DpnI_cleanup,2,C9,13,A83,B40,A83-B40,123,210,0.5857142857142857
TFMN4.exp2.ACN3788.concY_largeLib_PCR_DpnI_cleanup.2,concY_largeLib_PCR_DpnI_cleanup,2,C9,13,A90,B26,A90-B26,7,210,0.03333333333333333
TFMN4.exp2.ACN3788.concY_largeLib_PCR_DpnI_cleanup.2,concY_largeLib_PCR_DpnI_cleanup,2,C9,13,A90,B3,A90-B3,7,210,0.03333333333333333
TFMN4.exp2.ACN3788.concY_largeLib_PCR_DpnI_cleanup.3,concY_largeLib_PCR_DpnI_cleanup,3,D9,3,A143,B117,A143-B117,2,158,0.012658227848101266
TFMN4.exp2.ACN3788.concY_largeLib_PCR_DpnI_cleanup.3,concY_largeLib_PCR_DpnI_cleanup,3,D9,3,A152,B151,A152-B151,6,158,0.0379746835443038
TFMN4.exp2.ACN3788.concY_largeLib_PCR_DpnI_cleanup.3,concY_largeLib_PCR_DpnI_cleanup,3,D9,3,A153,B6,A153-B6,9,158,0.056962025316455694
TFMN4.exp2.ACN3788.concY_largeLib_PCR_DpnI_cleanup.3,concY_largeLib_PCR_DpnI_cleanup,3,D9,3,A159,B69,A159-B69,2,158,0.012658227848101266
TFMN4.exp2.ACN3788.concY_largeLib_PCR_DpnI_cleanup.3,concY_largeLib_PCR_DpnI_cleanup,3,D9,3,A16,B117,A16-B117,3,158,0.0189873417721519
TFMN4.exp2.ACN3788.concY_largeLib_PCR_DpnI_cleanup.3,concY_largeLib_PCR_DpnI_cleanup,3,D9,3,A16,B137,A16-B137,3,158,0.0189873417721519
TFMN4.exp2.ACN3788.concY_largeLib_PCR_DpnI_cleanup.3,concY_largeLib_PCR_DpnI_cleanup,3,D9,3,A16,B154,A16-B154,1,158,0.006329113924050633
TFMN4.exp2.ACN3788.concY_largeLib_PCR_DpnI_cleanup.3,concY_largeLib_PCR_DpnI_cleanup,3,D9,3,A16,B3,A16-B3,2,158,0.012658227848101266
TFMN4.exp2.ACN3788.concY_largeLib_PCR_DpnI_cleanup.3,concY_largeLib_PCR_DpnI_cleanup,3,D9,3,A16,B4,A16-B4,4,158,0.02531645569620253
TFMN4.exp2.ACN3788.concY_largeLib_PCR_DpnI_cleanup.3,concY_largeLib_PCR_DpnI_cleanup,3,D9,3,A186,B13,A186-B13,2,158,0.012658227848101266
TFMN4.exp2.ACN3788.concY_largeLib_PCR_DpnI_cleanup.3,concY_largeLib_PCR_DpnI_cleanup,3,D9,3,A186,B147,A186-B147,2,158,0.012658227848101266
TFMN4.exp2.ACN3788.concY_largeLib_PCR_DpnI_cleanup.3,concY_largeLib_PCR_DpnI_cleanup,3,D9,3,A186,B26,A186-B26,5,158,0.03164556962025317
TFMN4.exp2.ACN3788.concY_largeLib_PCR_DpnI_cleanup.3,concY_largeLib_PCR_DpnI_cleanup,3,D9,3,A186,B3,A186-B3,2,158,0.012658227848101266
TFMN4.exp2.ACN3788.concY_largeLib_PCR_DpnI_cleanup.3,concY_largeLib_PCR_DpnI_cleanup,3,D9,3,A196,B123,A196-B123,1,158,0.006329113924050633
TFMN4.exp2.ACN3788.concY_largeLib_PCR_DpnI_cleanup.3,concY_largeLib_PCR_DpnI_cleanup,3,D9,3,A196,B136,A196-B136,4,158,0.02531645569620253
TFMN4.exp2.ACN3788.concY_largeLib_PCR_DpnI_cleanup.3,concY_largeLib_PCR_DpnI_cleanup,3,D9,3,A196,B152,A196-B152,2,158,0.012658227848101266
TFMN4.exp2.ACN3788.concY_largeLib_PCR_DpnI_cleanup.3,concY_largeLib_PCR_DpnI_cleanup,3,D9,3,A196,B171,A196-B171,7,158,0.04430379746835443
TFMN4.exp2.ACN3788.concY_largeLib_PCR_DpnI_cleanup.3,concY_largeLib_PCR_DpnI_cleanup,3,D9,3,A196,B2,A196-B2,5,158,0.03164556962025317
TFMN4.exp2.ACN3788.concY_largeLib_PCR_DpnI_cleanup.3,concY_largeLib_PCR_DpnI_cleanup,3,D9,3,A196,B27,A196-B27,8,158,0.05063291139240506
TFMN4.exp2.ACN3788.concY_largeLib_PCR_DpnI_cleanup.3,concY_largeLib_PCR_DpnI_cleanup,3,D9,3,A196,B4,A196-B4,4,158,0.02531645569620253
TFMN4.exp2.ACN3788.concY_largeLib_PCR_DpnI_cleanup.3,concY_largeLib_PCR_DpnI_cleanup,3,D9,3,A196,B51,A196-B51,3,158,0.0189873417721519
TFMN4.exp2.ACN3788.concY_largeLib_PCR_DpnI_cleanup.3,concY_largeLib_PCR_DpnI_cleanup,3,D9,3,A196,B52,A196-B52,1,158,0.006329113924050633
TFMN4.exp2.ACN3788.concY_largeLib_PCR_DpnI_cleanup.3,concY_largeLib_PCR_DpnI_cleanup,3,D9,3,A196,B75,A196-B75,1,158,0.006329113924050633
TFMN4.exp2.ACN3788.concY_largeLib_PCR_DpnI_cleanup.3,concY_largeLib_PCR_DpnI_cleanup,3,D9,3,A196,B79,A196-B79,8,158,0.05063291139240506
TFMN4.exp2.ACN3788.concY_largeLib_PCR_DpnI_cleanup.3,concY_largeLib_PCR_DpnI_cleanup,3,D9,3,A196,B87,A196-B87,16,158,0.10126582278481013
TFMN4.exp2.ACN3788.concY_largeLib_PCR_DpnI_cleanup.3,concY_largeLib_PCR_DpnI_cleanup,3,D9,3,A196,B93,A196-B93,1,158,0.006329113924050633
TFMN4.exp2.ACN3788.concY_largeLib_PCR_DpnI_cleanup.3,concY_largeLib_PCR_DpnI_cleanup,3,D9,3,A20,B34,A20-B34,1,158,0.006329113924050633
TFMN4.exp2.ACN3788.concY_largeLib_PCR_DpnI_cleanup.3,concY_largeLib_PCR_DpnI_cleanup,3,D9,3,A20,B71,A20-B71,2,158,0.012658227848101266
TFMN4.exp2.ACN3788.concY_largeLib_PCR_DpnI_cleanup.3,concY_largeLib_PCR_DpnI_cleanup,3,D9,3,A21,B6,A21-B6,8,158,0.05063291139240506
TFMN4.exp2.ACN3788.concY_largeLib_PCR_DpnI_cleanup.3,concY_largeLib_PCR_DpnI_cleanup,3,D9,3,A63,B6,A63-B6,7,158,0.04430379746835443
TFMN4.exp2.ACN3788.concY_largeLib_PCR_DpnI_cleanup.3,concY_largeLib_PCR_DpnI_cleanup,3,D9,3,A63,B75,A63-B75,2,158,0.012658227848101266
TFMN4.exp2.ACN3788.concY_largeLib_PCR_DpnI_cleanup.3,concY_largeLib_PCR_DpnI_cleanup,3,D9,3,A78,B137,A78-B137,3,158,0.0189873417721519
TFMN4.exp2.ACN3788.concY_largeLib_PCR_DpnI_cleanup.3,concY_largeLib_PCR_DpnI_cleanup,3,D9,3,A78,B159,A78-B159,2,158,0.012658227848101266
TFMN4.exp2.ACN3788.concY_largeLib_PCR_DpnI_cleanup.3,concY_largeLib_PCR_DpnI_cleanup,3,D9,3,A78,B40,A78-B40,1,158,0.006329113924050633
TFMN4.exp2.ACN3788.concY_largeLib_PCR_DpnI_cleanup.3,concY_largeLib_PCR_DpnI_cleanup,3,D9,3,A81,B117,A81-B117,1,158,0.006329113924050633
TFMN4.exp2.ACN3788.concY_largeLib_PCR_DpnI_cleanup.3,concY_largeLib_PCR_DpnI_cleanup,3,D9,3,A81,B132,A81-B132,4,158,0.02531645569620253
TFMN4.exp2.ACN3788.concY_largeLib_PCR_DpnI_cleanup.3,concY_largeLib_PCR_DpnI_cleanup,3,D9,3,A81,B137,A81-B137,5,158,0.03164556962025317
TFMN4.exp2.ACN3788.concY_largeLib_PCR_DpnI_cleanup.3,concY_largeLib_PCR_DpnI_cleanup,3,D9,3,A81,B165,A81-B165,2,158,0.012658227848101266
TFMN4.exp2.ACN3788.concY_largeLib_PCR_DpnI_cleanup.3,concY_largeLib_PCR_DpnI_cleanup,3,D9,3,A81,B6,A81-B6,3,158,0.0189873417721519
TFMN4.exp2.ACN3788.concY_largeLib_PCR_DpnI_cleanup.3,concY_largeLib_PCR_DpnI_cleanup,3,D9,3,A81,B91,A81-B91,3,158,0.0189873417721519
TFMN4.exp2.ACN3788.concY_largeLib_PCR_DpnI_cleanup.3,concY_largeLib_PCR_DpnI_cleanup,3,D9,3,A83,B50,A83-B50,1,158,0.006329113924050633
TFMN4.exp2.ACN3788.concY_largeLib_PCR_DpnI_cleanup.3,concY_largeLib_PCR_DpnI_cleanup,3,D9,3,A83,B84,A83-B84,2,158,0.012658227848101266
TFMN4.exp2.ACN3788.concY_largeLib_PCR_DpnI_cleanup.3,concY_largeLib_PCR_DpnI_cleanup,3,D9,3,A90,B117,A90-B117,3,158,0.0189873417721519
TFMN4.exp2.ACN3788.concY_largeLib_PCR_DpnI_cleanup.3,concY_largeLib_PCR_DpnI_cleanup,3,D9,3,A90,B18,A90-B18,1,158,0.006329113924050633
TFMN4.exp2.ACN3788.concY_largeLib_PCR_DpnI_cleanup.3,concY_largeLib_PCR_DpnI_cleanup,3,D9,3,A96,B12,A96-B12,1,158,0.006329113924050633
TFMN4.exp2.ACN3788.concY_largeLib_PCR_DpnI_cleanup.3,concY_largeLib_PCR_DpnI_cleanup,3,D9,3,A96,B27,A96-B27,2,158,0.012658227848101266
TFMN4.exp2.ACN3788.concY_largeLib_PCR_DpnI_cleanup.3,concY_largeLib_PCR_DpnI_cleanup,3,D9,4,A12,B60,A12-B60,2,184,0.010869565217391304
TFMN4.exp2.ACN3788.concY_largeLib_PCR_DpnI_cleanup.3,concY_largeLib_PCR_DpnI_cleanup,3,D9,4,A143,B117,A143-B117,1,184,0.005434782608695652
TFMN4.exp2.ACN3788.concY_largeLib_PCR_DpnI_cleanup.3,concY_largeLib_PCR_DpnI_cleanup,3,D9,4,A152,B151,A152-B151,3,184,0.016304347826086956
TFMN4.exp2.ACN3788.concY_largeLib_PCR_DpnI_cleanup.3,concY_largeLib_PCR_DpnI_cleanup,3,D9,4,A152,B27,A152-B27,1,184,0.005434782608695652
TFMN4.exp2.ACN3788.concY_largeLib_PCR_DpnI_cleanup.3,concY_largeLib_PCR_DpnI_cleanup,3,D9,4,A153,B6,A153-B6,3,184,0.016304347826086956
TFMN4.exp2.ACN3788.concY_largeLib_PCR_DpnI_cleanup.3,concY_largeLib_PCR_DpnI_cleanup,3,D9,4,A16,B117,A16-B117,1,184,0.005434782608695652
TFMN4.exp2.ACN3788.concY_largeLib_PCR_DpnI_cleanup.3,concY_largeLib_PCR_DpnI_cleanup,3,D9,4,A16,B137,A16-B137,3,184,0.016304347826086956
TFMN4.exp2.ACN3788.concY_largeLib_PCR_DpnI_cleanup.3,concY_largeLib_PCR_DpnI_cleanup,3,D9,4,A16,B65,A16-B65,2,184,0.010869565217391304
TFMN4.exp2.ACN3788.concY_largeLib_PCR_DpnI_cleanup.3,concY_largeLib_PCR_DpnI_cleanup,3,D9,4,A16,B79,A16-B79,3,184,0.016304347826086956
TFMN4.exp2.ACN3788.concY_largeLib_PCR_DpnI_cleanup.3,concY_largeLib_PCR_DpnI_cleanup,3,D9,4,A176,B59,A176-B59,1,184,0.005434782608695652
TFMN4.exp2.ACN3788.concY_largeLib_PCR_DpnI_cleanup.3,concY_largeLib_PCR_DpnI_cleanup,3,D9,4,A186,B147,A186-B147,2,184,0.010869565217391304
TFMN4.exp2.ACN3788.concY_largeLib_PCR_DpnI_cleanup.3,concY_largeLib_PCR_DpnI_cleanup,3,D9,4,A186,B26,A186-B26,4,184,0.021739130434782608
TFMN4.exp2.ACN3788.concY_largeLib_PCR_DpnI_cleanup.3,concY_largeLib_PCR_DpnI_cleanup,3,D9,4,A186,B3,A186-B3,8,184,0.043478260869565216
TFMN4.exp2.ACN3788.concY_largeLib_PCR_DpnI_cleanup.3,concY_largeLib_PCR_DpnI_cleanup,3,D9,4,A196,B136,A196-B136,5,184,0.02717391304347826
TFMN4.exp2.ACN3788.concY_largeLib_PCR_DpnI_cleanup.3,concY_largeLib_PCR_DpnI_cleanup,3,D9,4,A196,B15,A196-B15,2,184,0.010869565217391304
TFMN4.exp2.ACN3788.concY_largeLib_PCR_DpnI_cleanup.3,concY_largeLib_PCR_DpnI_cleanup,3,D9,4,A196,B152,A196-B152,1,184,0.005434782608695652
TFMN4.exp2.ACN3788.concY_largeLib_PCR_DpnI_cleanup.3,concY_largeLib_PCR_DpnI_cleanup,3,D9,4,A196,B171,A196-B171,9,184,0.04891304347826087
TFMN4.exp2.ACN3788.concY_largeLib_PCR_DpnI_cleanup.3,concY_largeLib_PCR_DpnI_cleanup,3,D9,4,A196,B2,A196-B2,8,184,0.043478260869565216
TFMN4.exp2.ACN3788.concY_largeLib_PCR_DpnI_cleanup.3,concY_largeLib_PCR_DpnI_cleanup,3,D9,4,A196,B27,A196-B27,3,184,0.016304347826086956
TFMN4.exp2.ACN3788.concY_largeLib_PCR_DpnI_cleanup.3,concY_largeLib_PCR_DpnI_cleanup,3,D9,4,A196,B4,A196-B4,6,184,0.03260869565217391
TFMN4.exp2.ACN3788.concY_largeLib_PCR_DpnI_cleanup.3,concY_largeLib_PCR_DpnI_cleanup,3,D9,4,A196,B51,A196-B51,16,184,0.08695652173913043
TFMN4.exp2.ACN3788.concY_largeLib_PCR_DpnI_cleanup.3,concY_largeLib_PCR_DpnI_cleanup,3,D9,4,A196,B52,A196-B52,9,184,0.04891304347826087
TFMN4.exp2.ACN3788.concY_largeLib_PCR_DpnI_cleanup.3,concY_largeLib_PCR_DpnI_cleanup,3,D9,4,A196,B75,A196-B75,5,184,0.02717391304347826
TFMN4.exp2.ACN3788.concY_largeLib_PCR_DpnI_cleanup.3,concY_largeLib_PCR_DpnI_cleanup,3,D9,4,A196,B79,A196-B79,12,184,0.06521739130434782
TFMN4.exp2.ACN3788.concY_largeLib_PCR_DpnI_cleanup.3,concY_largeLib_PCR_DpnI_cleanup,3,D9,4,A196,B87,A196-B87,24,184,0.13043478260869565
TFMN4.exp2.ACN3788.concY_largeLib_PCR_DpnI_cleanup.3,concY_largeLib_PCR_DpnI_cleanup,3,D9,4,A20,B101,A20-B101,1,184,0.005434782608695652
TFMN4.exp2.ACN3788.concY_largeLib_PCR_DpnI_cleanup.3,concY_largeLib_PCR_DpnI_cleanup,3,D9,4,A20,B71,A20-B71,1,184,0.005434782608695652
TFMN4.exp2.ACN3788.concY_largeLib_PCR_DpnI_cleanup.3,concY_largeLib_PCR_DpnI_cleanup,3,D9,4,A21,B6,A21-B6,9,184,0.04891304347826087
TFMN4.exp2.ACN3788.concY_largeLib_PCR_DpnI_cleanup.3,concY_largeLib_PCR_DpnI_cleanup,3,D9,4,A63,B147,A63-B147,1,184,0.005434782608695652
TFMN4.exp2.ACN3788.concY_largeLib_PCR_DpnI_cleanup.3,concY_largeLib_PCR_DpnI_cleanup,3,D9,4,A63,B6,A63-B6,5,184,0.02717391304347826
TFMN4.exp2.ACN3788.concY_largeLib_PCR_DpnI_cleanup.3,concY_largeLib_PCR_DpnI_cleanup,3,D9,4,A63,B75,A63-B75,1,184,0.005434782608695652
TFMN4.exp2.ACN3788.concY_largeLib_PCR_DpnI_cleanup.3,concY_largeLib_PCR_DpnI_cleanup,3,D9,4,A78,B137,A78-B137,5,184,0.02717391304347826
TFMN4.exp2.ACN3788.concY_largeLib_PCR_DpnI_cleanup.3,concY_largeLib_PCR_DpnI_cleanup,3,D9,4,A78,B3,A78-B3,1,184,0.005434782608695652
TFMN4.exp2.ACN3788.concY_largeLib_PCR_DpnI_cleanup.3,concY_largeLib_PCR_DpnI_cleanup,3,D9,4,A78,B40,A78-B40,1,184,0.005434782608695652
TFMN4.exp2.ACN3788.concY_largeLib_PCR_DpnI_cleanup.3,concY_largeLib_PCR_DpnI_cleanup,3,D9,4,A81,B11,A81-B11,1,184,0.005434782608695652
TFMN4.exp2.ACN3788.concY_largeLib_PCR_DpnI_cleanup.3,concY_largeLib_PCR_DpnI_cleanup,3,D9,4,A81,B117,A81-B117,2,184,0.010869565217391304
TFMN4.exp2.ACN3788.concY_largeLib_PCR_DpnI_cleanup.3,concY_largeLib_PCR_DpnI_cleanup,3,D9,4,A81,B6,A81-B6,3,184,0.016304347826086956
TFMN4.exp2.ACN3788.concY_largeLib_PCR_DpnI_cleanup.3,concY_largeLib_PCR_DpnI_cleanup,3,D9,4,A83,B138,A83-B138,3,184,0.016304347826086956
TFMN4.exp2.ACN3788.concY_largeLib_PCR_DpnI_cleanup.3,concY_largeLib_PCR_DpnI_cleanup,3,D9,4,A83,B84,A83-B84,6,184,0.03260869565217391
TFMN4.exp2.ACN3788.concY_largeLib_PCR_DpnI_cleanup.3,concY_largeLib_PCR_DpnI_cleanup,3,D9,4,A90,B6,A90-B6,5,184,0.02717391304347826
TFMN4.exp2.ACN3788.concY_largeLib_PCR_DpnI_cleanup.3,concY_largeLib_PCR_DpnI_cleanup,3,D9,4,A96,B27,A96-B27,1,184,0.005434782608695652
TFMN4.exp2.ACN3788.concY_largeLib_PCR_DpnI_cleanup.3,concY_largeLib_PCR_DpnI_cleanup,3,D9,4,A96,B87,A96-B87,4,184,0.021739130434782608
TFMN4.exp2.ACN3788.concY_largeLib_PCR_DpnI_cleanup.3,concY_largeLib_PCR_DpnI_cleanup,3,D9,6,A15,B117,A15-B117,1,212,0.0047169811320754715
TFMN4.exp2.ACN3788.concY_largeLib_PCR_DpnI_cleanup.3,concY_largeLib_PCR_DpnI_cleanup,3,D9,6,A153,B6,A153-B6,2,212,0.009433962264150943
TFMN4.exp2.ACN3788.concY_largeLib_PCR_DpnI_cleanup.3,concY_largeLib_PCR_DpnI_cleanup,3,D9,6,A16,B117,A16-B117,4,212,0.018867924528301886
TFMN4.exp2.ACN3788.concY_largeLib_PCR_DpnI_cleanup.3,concY_largeLib_PCR_DpnI_cleanup,3,D9,6,A16,B137,A16-B137,9,212,0.04245283018867924
TFMN4.exp2.ACN3788.concY_largeLib_PCR_DpnI_cleanup.3,concY_largeLib_PCR_DpnI_cleanup,3,D9,6,A16,B154,A16-B154,3,212,0.014150943396226415
TFMN4.exp2.ACN3788.concY_largeLib_PCR_DpnI_cleanup.3,concY_largeLib_PCR_DpnI_cleanup,3,D9,6,A176,B18,A176-B18,1,212,0.0047169811320754715
TFMN4.exp2.ACN3788.concY_largeLib_PCR_DpnI_cleanup.3,concY_largeLib_PCR_DpnI_cleanup,3,D9,6,A186,B26,A186-B26,4,212,0.018867924528301886
TFMN4.exp2.ACN3788.concY_largeLib_PCR_DpnI_cleanup.3,concY_largeLib_PCR_DpnI_cleanup,3,D9,6,A186,B3,A186-B3,6,212,0.02830188679245283
TFMN4.exp2.ACN3788.concY_largeLib_PCR_DpnI_cleanup.3,concY_largeLib_PCR_DpnI_cleanup,3,D9,6,A196,B123,A196-B123,2,212,0.009433962264150943
TFMN4.exp2.ACN3788.concY_largeLib_PCR_DpnI_cleanup.3,concY_largeLib_PCR_DpnI_cleanup,3,D9,6,A196,B136,A196-B136,8,212,0.03773584905660377
TFMN4.exp2.ACN3788.concY_largeLib_PCR_DpnI_cleanup.3,concY_largeLib_PCR_DpnI_cleanup,3,D9,6,A196,B15,A196-B15,2,212,0.009433962264150943
TFMN4.exp2.ACN3788.concY_largeLib_PCR_DpnI_cleanup.3,concY_largeLib_PCR_DpnI_cleanup,3,D9,6,A196,B171,A196-B171,11,212,0.05188679245283019
TFMN4.exp2.ACN3788.concY_largeLib_PCR_DpnI_cleanup.3,concY_largeLib_PCR_DpnI_cleanup,3,D9,6,A196,B2,A196-B2,11,212,0.05188679245283019
TFMN4.exp2.ACN3788.concY_largeLib_PCR_DpnI_cleanup.3,concY_largeLib_PCR_DpnI_cleanup,3,D9,6,A196,B27,A196-B27,5,212,0.02358490566037736
TFMN4.exp2.ACN3788.concY_largeLib_PCR_DpnI_cleanup.3,concY_largeLib_PCR_DpnI_cleanup,3,D9,6,A196,B4,A196-B4,1,212,0.0047169811320754715
TFMN4.exp2.ACN3788.concY_largeLib_PCR_DpnI_cleanup.3,concY_largeLib_PCR_DpnI_cleanup,3,D9,6,A196,B51,A196-B51,7,212,0.0330188679245283
TFMN4.exp2.ACN3788.concY_largeLib_PCR_DpnI_cleanup.3,concY_largeLib_PCR_DpnI_cleanup,3,D9,6,A196,B52,A196-B52,2,212,0.009433962264150943
TFMN4.exp2.ACN3788.concY_largeLib_PCR_DpnI_cleanup.3,concY_largeLib_PCR_DpnI_cleanup,3,D9,6,A196,B75,A196-B75,2,212,0.009433962264150943
TFMN4.exp2.ACN3788.concY_largeLib_PCR_DpnI_cleanup.3,concY_largeLib_PCR_DpnI_cleanup,3,D9,6,A196,B79,A196-B79,8,212,0.03773584905660377
TFMN4.exp2.ACN3788.concY_largeLib_PCR_DpnI_cleanup.3,concY_largeLib_PCR_DpnI_cleanup,3,D9,6,A196,B87,A196-B87,33,212,0.15566037735849056
TFMN4.exp2.ACN3788.concY_largeLib_PCR_DpnI_cleanup.3,concY_largeLib_PCR_DpnI_cleanup,3,D9,6,A20,B69,A20-B69,1,212,0.0047169811320754715
TFMN4.exp2.ACN3788.concY_largeLib_PCR_DpnI_cleanup.3,concY_largeLib_PCR_DpnI_cleanup,3,D9,6,A20,B71,A20-B71,4,212,0.018867924528301886
TFMN4.exp2.ACN3788.concY_largeLib_PCR_DpnI_cleanup.3,concY_largeLib_PCR_DpnI_cleanup,3,D9,6,A21,B6,A21-B6,8,212,0.03773584905660377
TFMN4.exp2.ACN3788.concY_largeLib_PCR_DpnI_cleanup.3,concY_largeLib_PCR_DpnI_cleanup,3,D9,6,A63,B122,A63-B122,2,212,0.009433962264150943
TFMN4.exp2.ACN3788.concY_largeLib_PCR_DpnI_cleanup.3,concY_largeLib_PCR_DpnI_cleanup,3,D9,6,A63,B6,A63-B6,10,212,0.04716981132075472
TFMN4.exp2.ACN3788.concY_largeLib_PCR_DpnI_cleanup.3,concY_largeLib_PCR_DpnI_cleanup,3,D9,6,A78,B137,A78-B137,20,212,0.09433962264150944
TFMN4.exp2.ACN3788.concY_largeLib_PCR_DpnI_cleanup.3,concY_largeLib_PCR_DpnI_cleanup,3,D9,6,A78,B3,A78-B3,1,212,0.0047169811320754715
TFMN4.exp2.ACN3788.concY_largeLib_PCR_DpnI_cleanup.3,concY_largeLib_PCR_DpnI_cleanup,3,D9,6,A78,B40,A78-B40,3,212,0.014150943396226415
TFMN4.exp2.ACN3788.concY_largeLib_PCR_DpnI_cleanup.3,concY_largeLib_PCR_DpnI_cleanup,3,D9,6,A78,B47,A78-B47,2,212,0.009433962264150943
TFMN4.exp2.ACN3788.concY_largeLib_PCR_DpnI_cleanup.3,concY_largeLib_PCR_DpnI_cleanup,3,D9,6,A81,B117,A81-B117,1,212,0.0047169811320754715
TFMN4.exp2.ACN3788.concY_largeLib_PCR_DpnI_cleanup.3,concY_largeLib_PCR_DpnI_cleanup,3,D9,6,A81,B132,A81-B132,2,212,0.009433962264150943
TFMN4.exp2.ACN3788.concY_largeLib_PCR_DpnI_cleanup.3,concY_largeLib_PCR_DpnI_cleanup,3,D9,6,A81,B137,A81-B137,3,212,0.014150943396226415
TFMN4.exp2.ACN3788.concY_largeLib_PCR_DpnI_cleanup.3,concY_largeLib_PCR_DpnI_cleanup,3,D9,6,A81,B174,A81-B174,3,212,0.014150943396226415
TFMN4.exp2.ACN3788.concY_largeLib_PCR_DpnI_cleanup.3,concY_largeLib_PCR_DpnI_cleanup,3,D9,6,A81,B6,A81-B6,15,212,0.07075471698113207
TFMN4.exp2.ACN3788.concY_largeLib_PCR_DpnI_cleanup.3,concY_largeLib_PCR_DpnI_cleanup,3,D9,6,A81,B91,A81-B91,1,212,0.0047169811320754715
TFMN4.exp2.ACN3788.concY_largeLib_PCR_DpnI_cleanup.3,concY_largeLib_PCR_DpnI_cleanup,3,D9,6,A83,B137,A83-B137,1,212,0.0047169811320754715
TFMN4.exp2.ACN3788.concY_largeLib_PCR_DpnI_cleanup.3,concY_largeLib_PCR_DpnI_cleanup,3,D9,6,A83,B138,A83-B138,3,212,0.014150943396226415
TFMN4.exp2.ACN3788.concY_largeLib_PCR_DpnI_cleanup.3,concY_largeLib_PCR_DpnI_cleanup,3,D9,6,A83,B84,A83-B84,3,212,0.014150943396226415
TFMN4.exp2.ACN3788.concY_largeLib_PCR_DpnI_cleanup.3,concY_largeLib_PCR_DpnI_cleanup,3,D9,6,A90,B6,A90-B6,1,212,0.0047169811320754715
TFMN4.exp2.ACN3788.concY_largeLib_PCR_DpnI_cleanup.3,concY_largeLib_PCR_DpnI_cleanup,3,D9,6,A96,B132,A96-B132,1,212,0.0047169811320754715
TFMN4.exp2.ACN3788.concY_largeLib_PCR_DpnI_cleanup.3,concY_largeLib_PCR_DpnI_cleanup,3,D9,6,A96,B27,A96-B27,4,212,0.018867924528301886
TFMN4.exp2.ACN3788.concY_largeLib_PCR_DpnI_cleanup.3,concY_largeLib_PCR_DpnI_cleanup,3,D9,6,A96,B75,A96-B75,1,212,0.0047169811320754715
TFMN4.exp2.ACN3788.concY_largeLib_PCR_DpnI_cleanup.3,concY_largeLib_PCR_DpnI_cleanup,3,D9,13,A153,B6,A153-B6,29,161,0.18012422360248448
TFMN4.exp2.ACN3788.concY_largeLib_PCR_DpnI_cleanup.3,concY_largeLib_PCR_DpnI_cleanup,3,D9,13,A16,B137,A16-B137,2,161,0.012422360248447204
TFMN4.exp2.ACN3788.concY_largeLib_PCR_DpnI_cleanup.3,concY_largeLib_PCR_DpnI_cleanup,3,D9,13,A186,B26,A186-B26,2,161,0.012422360248447204
TFMN4.exp2.ACN3788.concY_largeLib_PCR_DpnI_cleanup.3,concY_largeLib_PCR_DpnI_cleanup,3,D9,13,A186,B3,A186-B3,1,161,0.006211180124223602
TFMN4.exp2.ACN3788.concY_largeLib_PCR_DpnI_cleanup.3,concY_largeLib_PCR_DpnI_cleanup,3,D9,13,A196,B164,A196-B164,1,161,0.006211180124223602
TFMN4.exp2.ACN3788.concY_largeLib_PCR_DpnI_cleanup.3,concY_largeLib_PCR_DpnI_cleanup,3,D9,13,A196,B2,A196-B2,5,161,0.031055900621118012
TFMN4.exp2.ACN3788.concY_largeLib_PCR_DpnI_cleanup.3,concY_largeLib_PCR_DpnI_cleanup,3,D9,13,A196,B51,A196-B51,4,161,0.024844720496894408
TFMN4.exp2.ACN3788.concY_largeLib_PCR_DpnI_cleanup.3,concY_largeLib_PCR_DpnI_cleanup,3,D9,13,A196,B55,A196-B55,1,161,0.006211180124223602
TFMN4.exp2.ACN3788.concY_largeLib_PCR_DpnI_cleanup.3,concY_largeLib_PCR_DpnI_cleanup,3,D9,13,A196,B79,A196-B79,4,161,0.024844720496894408
TFMN4.exp2.ACN3788.concY_largeLib_PCR_DpnI_cleanup.3,concY_largeLib_PCR_DpnI_cleanup,3,D9,13,A196,B87,A196-B87,9,161,0.055900621118012424
TFMN4.exp2.ACN3788.concY_largeLib_PCR_DpnI_cleanup.3,concY_largeLib_PCR_DpnI_cleanup,3,D9,13,A20,B71,A20-B71,1,161,0.006211180124223602
TFMN4.exp2.ACN3788.concY_largeLib_PCR_DpnI_cleanup.3,concY_largeLib_PCR_DpnI_cleanup,3,D9,13,A21,B6,A21-B6,3,161,0.018633540372670808
TFMN4.exp2.ACN3788.concY_largeLib_PCR_DpnI_cleanup.3,concY_largeLib_PCR_DpnI_cleanup,3,D9,13,A63,B6,A63-B6,15,161,0.09316770186335403
TFMN4.exp2.ACN3788.concY_largeLib_PCR_DpnI_cleanup.3,concY_largeLib_PCR_DpnI_cleanup,3,D9,13,A78,B137,A78-B137,11,161,0.06832298136645963
TFMN4.exp2.ACN3788.concY_largeLib_PCR_DpnI_cleanup.3,concY_largeLib_PCR_DpnI_cleanup,3,D9,13,A78,B159,A78-B159,1,161,0.006211180124223602
TFMN4.exp2.ACN3788.concY_largeLib_PCR_DpnI_cleanup.3,concY_largeLib_PCR_DpnI_cleanup,3,D9,13,A81,B117,A81-B117,3,161,0.018633540372670808
TFMN4.exp2.ACN3788.concY_largeLib_PCR_DpnI_cleanup.3,concY_largeLib_PCR_DpnI_cleanup,3,D9,13,A81,B132,A81-B132,1,161,0.006211180124223602
TFMN4.exp2.ACN3788.concY_largeLib_PCR_DpnI_cleanup.3,concY_largeLib_PCR_DpnI_cleanup,3,D9,13,A81,B137,A81-B137,2,161,0.012422360248447204
TFMN4.exp2.ACN3788.concY_largeLib_PCR_DpnI_cleanup.3,concY_largeLib_PCR_DpnI_cleanup,3,D9,13,A81,B6,A81-B6,48,161,0.2981366459627329
TFMN4.exp2.ACN3788.concY_largeLib_PCR_DpnI_cleanup.3,concY_largeLib_PCR_DpnI_cleanup,3,D9,13,A83,B134,A83-B134,1,161,0.006211180124223602
TFMN4.exp2.ACN3788.concY_largeLib_PCR_DpnI_cleanup.3,concY_largeLib_PCR_DpnI_cleanup,3,D9,13,A83,B138,A83-B138,4,161,0.024844720496894408
TFMN4.exp2.ACN3788.concY_largeLib_PCR_DpnI_cleanup.3,concY_largeLib_PCR_DpnI_cleanup,3,D9,13,A83,B6,A83-B6,1,161,0.006211180124223602
TFMN4.exp2.ACN3788.concY_largeLib_PCR_DpnI_cleanup.3,concY_largeLib_PCR_DpnI_cleanup,3,D9,13,A83,B84,A83-B84,4,161,0.024844720496894408
TFMN4.exp2.ACN3788.concY_largeLib_PCR_DpnI_cleanup.3,concY_largeLib_PCR_DpnI_cleanup,3,D9,13,A90,B18,A90-B18,4,161,0.024844720496894408
TFMN4.exp2.ACN3788.concY_largeLib_PCR_DpnI_cleanup.3,concY_largeLib_PCR_DpnI_cleanup,3,D9,13,A90,B6,A90-B6,1,161,0.006211180124223602
TFMN4.exp2.ACN3788.concY_largeLib_PCR_DpnI_cleanup.3,concY_largeLib_PCR_DpnI_cleanup,3,D9,13,A96,B26,A96-B26,3,161,0.018633540372670808
TFMN4.exp2.ACN3788.concY_largeLib_PCR_DpnI_cleanup.4,concY_largeLib_PCR_DpnI_cleanup,4,E9,3,A143,B130,A143-B130,2,150,0.013333333333333334
TFMN4.exp2.ACN3788.concY_largeLib_PCR_DpnI_cleanup.4,concY_largeLib_PCR_DpnI_cleanup,4,E9,3,A152,B15,A152-B15,3,150,0.02
TFMN4.exp2.ACN3788.concY_largeLib_PCR_DpnI_cleanup.4,concY_largeLib_PCR_DpnI_cleanup,4,E9,3,A152,B151,A152-B151,4,150,0.02666666666666667
TFMN4.exp2.ACN3788.concY_largeLib_PCR_DpnI_cleanup.4,concY_largeLib_PCR_DpnI_cleanup,4,E9,3,A152,B154,A152-B154,4,150,0.02666666666666667
TFMN4.exp2.ACN3788.concY_largeLib_PCR_DpnI_cleanup.4,concY_largeLib_PCR_DpnI_cleanup,4,E9,3,A152,B171,A152-B171,1,150,0.006666666666666667
TFMN4.exp2.ACN3788.concY_largeLib_PCR_DpnI_cleanup.4,concY_largeLib_PCR_DpnI_cleanup,4,E9,3,A152,B32,A152-B32,4,150,0.02666666666666667
TFMN4.exp2.ACN3788.concY_largeLib_PCR_DpnI_cleanup.4,concY_largeLib_PCR_DpnI_cleanup,4,E9,3,A152,B9,A152-B9,1,150,0.006666666666666667
TFMN4.exp2.ACN3788.concY_largeLib_PCR_DpnI_cleanup.4,concY_largeLib_PCR_DpnI_cleanup,4,E9,3,A153,B117,A153-B117,1,150,0.006666666666666667
TFMN4.exp2.ACN3788.concY_largeLib_PCR_DpnI_cleanup.4,concY_largeLib_PCR_DpnI_cleanup,4,E9,3,A153,B6,A153-B6,6,150,0.04
TFMN4.exp2.ACN3788.concY_largeLib_PCR_DpnI_cleanup.4,concY_largeLib_PCR_DpnI_cleanup,4,E9,3,A16,B101,A16-B101,1,150,0.006666666666666667
TFMN4.exp2.ACN3788.concY_largeLib_PCR_DpnI_cleanup.4,concY_largeLib_PCR_DpnI_cleanup,4,E9,3,A16,B117,A16-B117,11,150,0.07333333333333333
TFMN4.exp2.ACN3788.concY_largeLib_PCR_DpnI_cleanup.4,concY_largeLib_PCR_DpnI_cleanup,4,E9,3,A16,B12,A16-B12,1,150,0.006666666666666667
TFMN4.exp2.ACN3788.concY_largeLib_PCR_DpnI_cleanup.4,concY_largeLib_PCR_DpnI_cleanup,4,E9,3,A16,B51,A16-B51,4,150,0.02666666666666667
TFMN4.exp2.ACN3788.concY_largeLib_PCR_DpnI_cleanup.4,concY_largeLib_PCR_DpnI_cleanup,4,E9,3,A16,B75,A16-B75,2,150,0.013333333333333334
TFMN4.exp2.ACN3788.concY_largeLib_PCR_DpnI_cleanup.4,concY_largeLib_PCR_DpnI_cleanup,4,E9,3,A176,B101,A176-B101,1,150,0.006666666666666667
TFMN4.exp2.ACN3788.concY_largeLib_PCR_DpnI_cleanup.4,concY_largeLib_PCR_DpnI_cleanup,4,E9,3,A176,B103,A176-B103,1,150,0.006666666666666667
TFMN4.exp2.ACN3788.concY_largeLib_PCR_DpnI_cleanup.4,concY_largeLib_PCR_DpnI_cleanup,4,E9,3,A176,B30,A176-B30,1,150,0.006666666666666667
TFMN4.exp2.ACN3788.concY_largeLib_PCR_DpnI_cleanup.4,concY_largeLib_PCR_DpnI_cleanup,4,E9,3,A176,B6,A176-B6,1,150,0.006666666666666667
TFMN4.exp2.ACN3788.concY_largeLib_PCR_DpnI_cleanup.4,concY_largeLib_PCR_DpnI_cleanup,4,E9,3,A186,B137,A186-B137,1,150,0.006666666666666667
TFMN4.exp2.ACN3788.concY_largeLib_PCR_DpnI_cleanup.4,concY_largeLib_PCR_DpnI_cleanup,4,E9,3,A196,B103,A196-B103,2,150,0.013333333333333334
TFMN4.exp2.ACN3788.concY_largeLib_PCR_DpnI_cleanup.4,concY_largeLib_PCR_DpnI_cleanup,4,E9,3,A196,B136,A196-B136,3,150,0.02
TFMN4.exp2.ACN3788.concY_largeLib_PCR_DpnI_cleanup.4,concY_largeLib_PCR_DpnI_cleanup,4,E9,3,A196,B150,A196-B150,9,150,0.06
TFMN4.exp2.ACN3788.concY_largeLib_PCR_DpnI_cleanup.4,concY_largeLib_PCR_DpnI_cleanup,4,E9,3,A196,B165,A196-B165,1,150,0.006666666666666667
TFMN4.exp2.ACN3788.concY_largeLib_PCR_DpnI_cleanup.4,concY_largeLib_PCR_DpnI_cleanup,4,E9,3,A196,B171,A196-B171,9,150,0.06
TFMN4.exp2.ACN3788.concY_largeLib_PCR_DpnI_cleanup.4,concY_largeLib_PCR_DpnI_cleanup,4,E9,3,A196,B174,A196-B174,5,150,0.03333333333333333
TFMN4.exp2.ACN3788.concY_largeLib_PCR_DpnI_cleanup.4,concY_largeLib_PCR_DpnI_cleanup,4,E9,3,A196,B4,A196-B4,7,150,0.04666666666666667
TFMN4.exp2.ACN3788.concY_largeLib_PCR_DpnI_cleanup.4,concY_largeLib_PCR_DpnI_cleanup,4,E9,3,A196,B70,A196-B70,4,150,0.02666666666666667
TFMN4.exp2.ACN3788.concY_largeLib_PCR_DpnI_cleanup.4,concY_largeLib_PCR_DpnI_cleanup,4,E9,3,A196,B75,A196-B75,2,150,0.013333333333333334
TFMN4.exp2.ACN3788.concY_largeLib_PCR_DpnI_cleanup.4,concY_largeLib_PCR_DpnI_cleanup,4,E9,3,A196,B79,A196-B79,4,150,0.02666666666666667
TFMN4.exp2.ACN3788.concY_largeLib_PCR_DpnI_cleanup.4,concY_largeLib_PCR_DpnI_cleanup,4,E9,3,A196,B85,A196-B85,5,150,0.03333333333333333
TFMN4.exp2.ACN3788.concY_largeLib_PCR_DpnI_cleanup.4,concY_largeLib_PCR_DpnI_cleanup,4,E9,3,A196,B9,A196-B9,6,150,0.04
TFMN4.exp2.ACN3788.concY_largeLib_PCR_DpnI_cleanup.4,concY_largeLib_PCR_DpnI_cleanup,4,E9,3,A196,B98,A196-B98,5,150,0.03333333333333333
TFMN4.exp2.ACN3788.concY_largeLib_PCR_DpnI_cleanup.4,concY_largeLib_PCR_DpnI_cleanup,4,E9,3,A63,B117,A63-B117,1,150,0.006666666666666667
TFMN4.exp2.ACN3788.concY_largeLib_PCR_DpnI_cleanup.4,concY_largeLib_PCR_DpnI_cleanup,4,E9,3,A63,B2,A63-B2,2,150,0.013333333333333334
TFMN4.exp2.ACN3788.concY_largeLib_PCR_DpnI_cleanup.4,concY_largeLib_PCR_DpnI_cleanup,4,E9,3,A78,B117,A78-B117,3,150,0.02
TFMN4.exp2.ACN3788.concY_largeLib_PCR_DpnI_cleanup.4,concY_largeLib_PCR_DpnI_cleanup,4,E9,3,A78,B143,A78-B143,1,150,0.006666666666666667
TFMN4.exp2.ACN3788.concY_largeLib_PCR_DpnI_cleanup.4,concY_largeLib_PCR_DpnI_cleanup,4,E9,3,A78,B155,A78-B155,2,150,0.013333333333333334
TFMN4.exp2.ACN3788.concY_largeLib_PCR_DpnI_cleanup.4,concY_largeLib_PCR_DpnI_cleanup,4,E9,3,A78,B18,A78-B18,4,150,0.02666666666666667
TFMN4.exp2.ACN3788.concY_largeLib_PCR_DpnI_cleanup.4,concY_largeLib_PCR_DpnI_cleanup,4,E9,3,A78,B70,A78-B70,1,150,0.006666666666666667
TFMN4.exp2.ACN3788.concY_largeLib_PCR_DpnI_cleanup.4,concY_largeLib_PCR_DpnI_cleanup,4,E9,3,A81,B117,A81-B117,1,150,0.006666666666666667
TFMN4.exp2.ACN3788.concY_largeLib_PCR_DpnI_cleanup.4,concY_largeLib_PCR_DpnI_cleanup,4,E9,3,A81,B18,A81-B18,1,150,0.006666666666666667
TFMN4.exp2.ACN3788.concY_largeLib_PCR_DpnI_cleanup.4,concY_largeLib_PCR_DpnI_cleanup,4,E9,3,A81,B42,A81-B42,1,150,0.006666666666666667
TFMN4.exp2.ACN3788.concY_largeLib_PCR_DpnI_cleanup.4,concY_largeLib_PCR_DpnI_cleanup,4,E9,3,A81,B70,A81-B70,3,150,0.02
TFMN4.exp2.ACN3788.concY_largeLib_PCR_DpnI_cleanup.4,concY_largeLib_PCR_DpnI_cleanup,4,E9,3,A83,B101,A83-B101,3,150,0.02
TFMN4.exp2.ACN3788.concY_largeLib_PCR_DpnI_cleanup.4,concY_largeLib_PCR_DpnI_cleanup,4,E9,3,A83,B130,A83-B130,2,150,0.013333333333333334
TFMN4.exp2.ACN3788.concY_largeLib_PCR_DpnI_cleanup.4,concY_largeLib_PCR_DpnI_cleanup,4,E9,3,A83,B18,A83-B18,1,150,0.006666666666666667
TFMN4.exp2.ACN3788.concY_largeLib_PCR_DpnI_cleanup.4,concY_largeLib_PCR_DpnI_cleanup,4,E9,3,A90,B11,A90-B11,3,150,0.02
TFMN4.exp2.ACN3788.concY_largeLib_PCR_DpnI_cleanup.4,concY_largeLib_PCR_DpnI_cleanup,4,E9,3,A90,B123,A90-B123,1,150,0.006666666666666667
TFMN4.exp2.ACN3788.concY_largeLib_PCR_DpnI_cleanup.4,concY_largeLib_PCR_DpnI_cleanup,4,E9,3,A96,B101,A96-B101,2,150,0.013333333333333334
TFMN4.exp2.ACN3788.concY_largeLib_PCR_DpnI_cleanup.4,concY_largeLib_PCR_DpnI_cleanup,4,E9,3,A96,B75,A96-B75,3,150,0.02
TFMN4.exp2.ACN3788.concY_largeLib_PCR_DpnI_cleanup.4,concY_largeLib_PCR_DpnI_cleanup,4,E9,3,A96,B79,A96-B79,3,150,0.02
TFMN4.exp2.ACN3788.concY_largeLib_PCR_DpnI_cleanup.4,concY_largeLib_PCR_DpnI_cleanup,4,E9,4,A152,B151,A152-B151,3,267,0.011235955056179775
TFMN4.exp2.ACN3788.concY_largeLib_PCR_DpnI_cleanup.4,concY_largeLib_PCR_DpnI_cleanup,4,E9,4,A152,B154,A152-B154,1,267,0.003745318352059925
TFMN4.exp2.ACN3788.concY_largeLib_PCR_DpnI_cleanup.4,concY_largeLib_PCR_DpnI_cleanup,4,E9,4,A152,B171,A152-B171,1,267,0.003745318352059925
TFMN4.exp2.ACN3788.concY_largeLib_PCR_DpnI_cleanup.4,concY_largeLib_PCR_DpnI_cleanup,4,E9,4,A152,B2,A152-B2,1,267,0.003745318352059925
TFMN4.exp2.ACN3788.concY_largeLib_PCR_DpnI_cleanup.4,concY_largeLib_PCR_DpnI_cleanup,4,E9,4,A152,B32,A152-B32,1,267,0.003745318352059925
TFMN4.exp2.ACN3788.concY_largeLib_PCR_DpnI_cleanup.4,concY_largeLib_PCR_DpnI_cleanup,4,E9,4,A153,B101,A153-B101,2,267,0.00749063670411985
TFMN4.exp2.ACN3788.concY_largeLib_PCR_DpnI_cleanup.4,concY_largeLib_PCR_DpnI_cleanup,4,E9,4,A153,B117,A153-B117,3,267,0.011235955056179775
TFMN4.exp2.ACN3788.concY_largeLib_PCR_DpnI_cleanup.4,concY_largeLib_PCR_DpnI_cleanup,4,E9,4,A153,B165,A153-B165,2,267,0.00749063670411985
TFMN4.exp2.ACN3788.concY_largeLib_PCR_DpnI_cleanup.4,concY_largeLib_PCR_DpnI_cleanup,4,E9,4,A153,B6,A153-B6,8,267,0.0299625468164794
TFMN4.exp2.ACN3788.concY_largeLib_PCR_DpnI_cleanup.4,concY_largeLib_PCR_DpnI_cleanup,4,E9,4,A16,B51,A16-B51,7,267,0.026217228464419477
TFMN4.exp2.ACN3788.concY_largeLib_PCR_DpnI_cleanup.4,concY_largeLib_PCR_DpnI_cleanup,4,E9,4,A176,B101,A176-B101,1,267,0.003745318352059925
TFMN4.exp2.ACN3788.concY_largeLib_PCR_DpnI_cleanup.4,concY_largeLib_PCR_DpnI_cleanup,4,E9,4,A176,B30,A176-B30,4,267,0.0149812734082397
TFMN4.exp2.ACN3788.concY_largeLib_PCR_DpnI_cleanup.4,concY_largeLib_PCR_DpnI_cleanup,4,E9,4,A176,B6,A176-B6,4,267,0.0149812734082397
TFMN4.exp2.ACN3788.concY_largeLib_PCR_DpnI_cleanup.4,concY_largeLib_PCR_DpnI_cleanup,4,E9,4,A196,B103,A196-B103,6,267,0.02247191011235955
TFMN4.exp2.ACN3788.concY_largeLib_PCR_DpnI_cleanup.4,concY_largeLib_PCR_DpnI_cleanup,4,E9,4,A196,B117,A196-B117,1,267,0.003745318352059925
TFMN4.exp2.ACN3788.concY_largeLib_PCR_DpnI_cleanup.4,concY_largeLib_PCR_DpnI_cleanup,4,E9,4,A196,B136,A196-B136,3,267,0.011235955056179775
TFMN4.exp2.ACN3788.concY_largeLib_PCR_DpnI_cleanup.4,concY_largeLib_PCR_DpnI_cleanup,4,E9,4,A196,B147,A196-B147,6,267,0.02247191011235955
TFMN4.exp2.ACN3788.concY_largeLib_PCR_DpnI_cleanup.4,concY_largeLib_PCR_DpnI_cleanup,4,E9,4,A196,B150,A196-B150,10,267,0.03745318352059925
TFMN4.exp2.ACN3788.concY_largeLib_PCR_DpnI_cleanup.4,concY_largeLib_PCR_DpnI_cleanup,4,E9,4,A196,B171,A196-B171,5,267,0.018726591760299626
TFMN4.exp2.ACN3788.concY_largeLib_PCR_DpnI_cleanup.4,concY_largeLib_PCR_DpnI_cleanup,4,E9,4,A196,B174,A196-B174,11,267,0.04119850187265917
TFMN4.exp2.ACN3788.concY_largeLib_PCR_DpnI_cleanup.4,concY_largeLib_PCR_DpnI_cleanup,4,E9,4,A196,B4,A196-B4,77,267,0.2883895131086142
TFMN4.exp2.ACN3788.concY_largeLib_PCR_DpnI_cleanup.4,concY_largeLib_PCR_DpnI_cleanup,4,E9,4,A196,B6,A196-B6,15,267,0.056179775280898875
TFMN4.exp2.ACN3788.concY_largeLib_PCR_DpnI_cleanup.4,concY_largeLib_PCR_DpnI_cleanup,4,E9,4,A196,B65,A196-B65,3,267,0.011235955056179775
TFMN4.exp2.ACN3788.concY_largeLib_PCR_DpnI_cleanup.4,concY_largeLib_PCR_DpnI_cleanup,4,E9,4,A196,B70,A196-B70,2,267,0.00749063670411985
TFMN4.exp2.ACN3788.concY_largeLib_PCR_DpnI_cleanup.4,concY_largeLib_PCR_DpnI_cleanup,4,E9,4,A196,B75,A196-B75,12,267,0.0449438202247191
TFMN4.exp2.ACN3788.concY_largeLib_PCR_DpnI_cleanup.4,concY_largeLib_PCR_DpnI_cleanup,4,E9,4,A196,B79,A196-B79,14,267,0.052434456928838954
TFMN4.exp2.ACN3788.concY_largeLib_PCR_DpnI_cleanup.4,concY_largeLib_PCR_DpnI_cleanup,4,E9,4,A196,B85,A196-B85,8,267,0.0299625468164794
TFMN4.exp2.ACN3788.concY_largeLib_PCR_DpnI_cleanup.4,concY_largeLib_PCR_DpnI_cleanup,4,E9,4,A196,B9,A196-B9,14,267,0.052434456928838954
TFMN4.exp2.ACN3788.concY_largeLib_PCR_DpnI_cleanup.4,concY_largeLib_PCR_DpnI_cleanup,4,E9,4,A196,B98,A196-B98,4,267,0.0149812734082397
TFMN4.exp2.ACN3788.concY_largeLib_PCR_DpnI_cleanup.4,concY_largeLib_PCR_DpnI_cleanup,4,E9,4,A63,B117,A63-B117,5,267,0.018726591760299626
TFMN4.exp2.ACN3788.concY_largeLib_PCR_DpnI_cleanup.4,concY_largeLib_PCR_DpnI_cleanup,4,E9,4,A63,B18,A63-B18,1,267,0.003745318352059925
TFMN4.exp2.ACN3788.concY_largeLib_PCR_DpnI_cleanup.4,concY_largeLib_PCR_DpnI_cleanup,4,E9,4,A78,B101,A78-B101,2,267,0.00749063670411985
TFMN4.exp2.ACN3788.concY_largeLib_PCR_DpnI_cleanup.4,concY_largeLib_PCR_DpnI_cleanup,4,E9,4,A78,B117,A78-B117,5,267,0.018726591760299626
TFMN4.exp2.ACN3788.concY_largeLib_PCR_DpnI_cleanup.4,concY_largeLib_PCR_DpnI_cleanup,4,E9,4,A78,B144,A78-B144,1,267,0.003745318352059925
TFMN4.exp2.ACN3788.concY_largeLib_PCR_DpnI_cleanup.4,concY_largeLib_PCR_DpnI_cleanup,4,E9,4,A78,B70,A78-B70,2,267,0.00749063670411985
TFMN4.exp2.ACN3788.concY_largeLib_PCR_DpnI_cleanup.4,concY_largeLib_PCR_DpnI_cleanup,4,E9,4,A81,B117,A81-B117,1,267,0.003745318352059925
TFMN4.exp2.ACN3788.concY_largeLib_PCR_DpnI_cleanup.4,concY_largeLib_PCR_DpnI_cleanup,4,E9,4,A81,B18,A81-B18,3,267,0.011235955056179775
TFMN4.exp2.ACN3788.concY_largeLib_PCR_DpnI_cleanup.4,concY_largeLib_PCR_DpnI_cleanup,4,E9,4,A81,B30,A81-B30,5,267,0.018726591760299626
TFMN4.exp2.ACN3788.concY_largeLib_PCR_DpnI_cleanup.4,concY_largeLib_PCR_DpnI_cleanup,4,E9,4,A81,B87,A81-B87,1,267,0.003745318352059925
TFMN4.exp2.ACN3788.concY_largeLib_PCR_DpnI_cleanup.4,concY_largeLib_PCR_DpnI_cleanup,4,E9,4,A83,B18,A83-B18,3,267,0.011235955056179775
TFMN4.exp2.ACN3788.concY_largeLib_PCR_DpnI_cleanup.4,concY_largeLib_PCR_DpnI_cleanup,4,E9,4,A96,B75,A96-B75,5,267,0.018726591760299626
TFMN4.exp2.ACN3788.concY_largeLib_PCR_DpnI_cleanup.4,concY_largeLib_PCR_DpnI_cleanup,4,E9,4,A96,B79,A96-B79,4,267,0.0149812734082397
TFMN4.exp2.ACN3788.concY_largeLib_PCR_DpnI_cleanup.4,concY_largeLib_PCR_DpnI_cleanup,4,E9,6,A153,B6,A153-B6,1,173,0.005780346820809248
TFMN4.exp2.ACN3788.concY_largeLib_PCR_DpnI_cleanup.4,concY_largeLib_PCR_DpnI_cleanup,4,E9,6,A196,B117,A196-B117,2,173,0.011560693641618497
TFMN4.exp2.ACN3788.concY_largeLib_PCR_DpnI_cleanup.4,concY_largeLib_PCR_DpnI_cleanup,4,E9,6,A196,B4,A196-B4,150,173,0.8670520231213873
TFMN4.exp2.ACN3788.concY_largeLib_PCR_DpnI_cleanup.4,concY_largeLib_PCR_DpnI_cleanup,4,E9,6,A196,B52,A196-B52,1,173,0.005780346820809248
TFMN4.exp2.ACN3788.concY_largeLib_PCR_DpnI_cleanup.4,concY_largeLib_PCR_DpnI_cleanup,4,E9,6,A196,B6,A196-B6,7,173,0.04046242774566474
TFMN4.exp2.ACN3788.concY_largeLib_PCR_DpnI_cleanup.4,concY_largeLib_PCR_DpnI_cleanup,4,E9,6,A196,B70,A196-B70,1,173,0.005780346820809248
TFMN4.exp2.ACN3788.concY_largeLib_PCR_DpnI_cleanup.4,concY_largeLib_PCR_DpnI_cleanup,4,E9,6,A196,B85,A196-B85,2,173,0.011560693641618497
TFMN4.exp2.ACN3788.concY_largeLib_PCR_DpnI_cleanup.4,concY_largeLib_PCR_DpnI_cleanup,4,E9,6,A196,B9,A196-B9,2,173,0.011560693641618497
TFMN4.exp2.ACN3788.concY_largeLib_PCR_DpnI_cleanup.4,concY_largeLib_PCR_DpnI_cleanup,4,E9,6,A63,B26,A63-B26,1,173,0.005780346820809248
TFMN4.exp2.ACN3788.concY_largeLib_PCR_DpnI_cleanup.4,concY_largeLib_PCR_DpnI_cleanup,4,E9,6,A81,B30,A81-B30,2,173,0.011560693641618497
TFMN4.exp2.ACN3788.concY_largeLib_PCR_DpnI_cleanup.4,concY_largeLib_PCR_DpnI_cleanup,4,E9,6,A83,B101,A83-B101,3,173,0.017341040462427744
TFMN4.exp2.ACN3788.concY_largeLib_PCR_DpnI_cleanup.4,concY_largeLib_PCR_DpnI_cleanup,4,E9,6,A96,B6,A96-B6,1,173,0.005780346820809248
TFMN4.exp2.ACN3788.concY_largeLib_PCR_DpnI_cleanup.4,concY_largeLib_PCR_DpnI_cleanup,4,E9,13,A176,B30,A176-B30,2,244,0.00819672131147541
TFMN4.exp2.ACN3788.concY_largeLib_PCR_DpnI_cleanup.4,concY_largeLib_PCR_DpnI_cleanup,4,E9,13,A196,B4,A196-B4,240,244,0.9836065573770492
TFMN4.exp2.ACN3788.concY_largeLib_PCR_DpnI_cleanup.4,concY_largeLib_PCR_DpnI_cleanup,4,E9,13,A81,B12,A81-B12,2,244,0.00819672131147541
