Sample,DNA_construct,Replicate,Candidate,verA,verB,n_obs_timepoints,total_reads,max_count,transfers_observed,freq_T3,freq_T13,s_per_cycle,se_per_cycle,r2_per_cycle,s_per_generation,se_per_generation,s_per_hour_measured,s_per_hour_nominal,monotonic,quality,estimable,sweep_winner
TFMN4.exp2.ACN3788.concX_largeLib_SpeI.1,concX_largeLib_SpeI,1,A138-B79,A138,B79,1,1,1,13,0.0,0.005025125628140704,0.2147437480700931,0.025188792566899945,0.973219754527924,0.06291873977070792,0.006855674627662668,0.008134232881442922,0.02147437480700931,False,none,False,False
TFMN4.exp2.ACN3788.concX_largeLib_SpeI.1,concX_largeLib_SpeI,1,A81-B8,A81,B8,4,348,181,"3,4,6,13",0.12631578947368421,0.9095477386934674,0.21153338348194936,0.09139492105244938,0.7281464428842371,0.06300735818838277,0.026183117543424828,0.008012628162195052,0.021153338348194935,True,good,True,True
TFMN4.exp2.ACN3788.concX_largeLib_SpeI.1,concX_largeLib_SpeI,1,A186-B79,A186,B79,3,12,7,"3,4,13",0.021052631578947368,0.035175879396984924,0.20047562558482343,0.050912444956562324,0.8857477396658784,0.05802411500613353,0.015220852843164736,0.007593773696394827,0.02004756255848234,False,good,True,False
TFMN4.exp2.ACN3788.concX_largeLib_SpeI.1,concX_largeLib_SpeI,1,A196-B2,A196,B2,3,11,8,"3,4,6",0.010526315789473684,0.0,0.17119684218015546,0.35422764458480166,0.10457455654082559,0.05444618734979541,0.09960234405000144,0.006484728870460434,0.017119684218015546,False,fair,True,False
TFMN4.exp2.ACN3788.concX_largeLib_SpeI.1,concX_largeLib_SpeI,1,A186-B78,A186,B78,2,2,1,"4,13",0.0,0.005025125628140704,0.12564013235954413,0.09338183825103642,0.47509625573647996,0.037038595146242095,0.027192190094661943,0.004759095922710005,0.012564013235954413,True,fair,True,False
TFMN4.exp2.ACN3788.concX_largeLib_SpeI.1,concX_largeLib_SpeI,1,A63-B145,A63,B145,1,1,1,6,0.0,0.0,0.07995108303281064,0.16581898859956784,0.1041341474823716,0.025260001282419058,0.04791678839072168,0.003028450114879191,0.007995108303281064,False,none,False,False
TFMN4.exp2.ACN3788.concX_largeLib_SpeI.1,concX_largeLib_SpeI,1,A79-B77,A79,B77,1,1,1,6,0.0,0.0,0.07995108303281064,0.16581898859956784,0.1041341474823716,0.025260001282419058,0.04791678839072168,0.003028450114879191,0.007995108303281064,False,none,False,False
TFMN4.exp2.ACN3788.concX_largeLib_SpeI.1,concX_largeLib_SpeI,1,A196-B117,A196,B117,3,33,13,"3,4,6",0.06842105263157895,0.0,0.05309395793373315,0.18796619127880917,0.03836294285385056,0.017787542954381945,0.051993193051004714,0.0020111347702171647,0.005309395793373315,False,fair,True,False
TFMN4.exp2.ACN3788.concX_largeLib_SpeI.1,concX_largeLib_SpeI,1,A81-B132,A81,B132,4,12,5,"3,4,6,13",0.02631578947368421,0.010050251256281407,0.044975689363261136,0.019822350228657703,0.7202046235209858,0.013154004430295354,0.00563562539896366,0.0017036245970932248,0.004497568936326113,True,good,True,False
TFMN4.exp2.ACN3788.concX_largeLib_SpeI.1,concX_largeLib_SpeI,1,A143-B84,A143,B84,4,32,16,"3,4,6,13",0.015789473684210527,0.01507537688442211,0.027824530338961567,0.20362662038594984,0.009249555412971677,0.010571821998476012,0.059184365418343224,0.001053959482536423,0.0027824530338961566,False,fair,True,False
TFMN4.exp2.ACN3788.concX_largeLib_SpeI.1,concX_largeLib_SpeI,1,A196-B171,A196,B171,3,10,4,"3,4,6",0.021052631578947368,0.0,0.027445003307243653,0.1670609841178332,0.01331451187081012,0.010273504007424421,0.04728024343736324,0.0010395834586077143,0.0027445003307243654,False,fair,True,False
TFMN4.exp2.ACN3788.concX_largeLib_SpeI.1,concX_largeLib_SpeI,1,A196-B150,A196,B150,1,1,1,3,0.005263157894736842,0.0,0.025964213197632282,0.027391798967306546,0.3099835613243149,0.007297467663761873,0.008032276025450475,0.000983492924152738,0.0025964213197632283,False,none,False,False
TFMN4.exp2.ACN3788.concX_largeLib_SpeI.1,concX_largeLib_SpeI,1,A20-B126,A20,B126,1,1,1,3,0.005263157894736842,0.0,0.025964213197632282,0.027391798967306546,0.3099835613243149,0.007297467663761873,0.008032276025450475,0.000983492924152738,0.0025964213197632283,False,none,False,False
TFMN4.exp2.ACN3788.concX_largeLib_SpeI.1,concX_largeLib_SpeI,1,A20-B60,A20,B60,1,1,1,3,0.005263157894736842,0.0,0.025964213197632282,0.027391798967306546,0.3099835613243149,0.007297467663761873,0.008032276025450475,0.000983492924152738,0.0025964213197632283,False,none,False,False
TFMN4.exp2.ACN3788.concX_largeLib_SpeI.1,concX_largeLib_SpeI,1,A63-B75,A63,B75,1,1,1,3,0.005263157894736842,0.0,0.025964213197632282,0.027391798967306546,0.3099835613243149,0.007297467663761873,0.008032276025450475,0.000983492924152738,0.0025964213197632283,False,none,False,False
TFMN4.exp2.ACN3788.concX_largeLib_SpeI.1,concX_largeLib_SpeI,1,A78-B150,A78,B150,1,1,1,3,0.005263157894736842,0.0,0.025964213197632282,0.027391798967306546,0.3099835613243149,0.007297467663761873,0.008032276025450475,0.000983492924152738,0.0025964213197632283,False,none,False,False
TFMN4.exp2.ACN3788.concX_largeLib_SpeI.1,concX_largeLib_SpeI,1,A81-B3,A81,B3,1,1,1,3,0.005263157894736842,0.0,0.025964213197632282,0.027391798967306546,0.3099835613243149,0.007297467663761873,0.008032276025450475,0.000983492924152738,0.0025964213197632283,False,none,False,False
TFMN4.exp2.ACN3788.concX_largeLib_SpeI.1,concX_largeLib_SpeI,1,A83-B50,A83,B50,1,1,1,3,0.005263157894736842,0.0,0.025964213197632282,0.027391798967306546,0.3099835613243149,0.007297467663761873,0.008032276025450475,0.000983492924152738,0.0025964213197632283,False,none,False,False
TFMN4.exp2.ACN3788.concX_largeLib_SpeI.1,concX_largeLib_SpeI,1,A90-B59,A90,B59,1,1,1,3,0.005263157894736842,0.0,0.025964213197632282,0.027391798967306546,0.3099835613243149,0.007297467663761873,0.008032276025450475,0.000983492924152738,0.0025964213197632283,False,none,False,False
TFMN4.exp2.ACN3788.concX_largeLib_SpeI.1,concX_largeLib_SpeI,1,A196-B87,A196,B87,4,23,10,"3,4,6,13",0.05263157894736842,0.005025125628140704,0.01783027171592421,0.15012963753861494,0.007003270051551547,0.006895016635418786,0.04276736695354818,0.0006753890801486443,0.001783027171592421,False,fair,True,False
TFMN4.exp2.ACN3788.concX_largeLib_SpeI.1,concX_largeLib_SpeI,1,A196-B151,A196,B151,1,1,1,4,0.0,0.0,0.009835846123016608,0.13947445023346008,0.002480421960275536,0.0035732887369547615,0.04070218050459584,0.0003725699289021443,0.0009835846123016608,False,none,False,False
TFMN4.exp2.ACN3788.concX_largeLib_SpeI.1,concX_largeLib_SpeI,1,A81-B137,A81,B137,1,1,1,4,0.0,0.0,0.009835846123016608,0.13947445023346008,0.002480421960275536,0.0035732887369547615,0.04070218050459584,0.0003725699289021443,0.0009835846123016608,False,none,False,False
TFMN4.exp2.ACN3788.concX_largeLib_SpeI.1,concX_largeLib_SpeI,1,A96-B47,A96,B47,1,1,1,4,0.0,0.0,0.009835846123016608,0.13947445023346008,0.002480421960275536,0.0035732887369547615,0.04070218050459584,0.0003725699289021443,0.0009835846123016608,False,none,False,False
TFMN4.exp2.ACN3788.concX_largeLib_SpeI.1,concX_largeLib_SpeI,1,A78-B77,A78,B77,4,37,15,"3,4,6,13",0.03684210526315789,0.010050251256281407,-0.00433840199114042,0.19204496033779545,0.00025510146508700426,0.0013278040522712868,0.055466093606006246,-0.00016433340875531897,-0.000433840199114042,False,fair,True,False
TFMN4.exp2.ACN3788.concX_largeLib_SpeI.1,concX_largeLib_SpeI,1,A81-B84,A81,B84,2,2,1,"3,4",0.005263157894736842,0.0,-0.008504423385903211,0.08147032559759967,0.005418774809858751,-0.0020919495538490912,0.02365150128024198,-0.00032213724946603074,-0.0008504423385903211,True,fair,True,False
TFMN4.exp2.ACN3788.concX_largeLib_SpeI.1,concX_largeLib_SpeI,1,A196-B123,A196,B123,1,2,2,3,0.010526315789473684,0.0,-0.03051903477836267,0.06587221191092489,0.09692401426613306,-0.009389005988038622,0.018885840139330843,-0.0011560240446349497,-0.003051903477836267,False,none,False,False
TFMN4.exp2.ACN3788.concX_largeLib_SpeI.1,concX_largeLib_SpeI,1,A196-B30,A196,B30,1,2,2,3,0.010526315789473684,0.0,-0.03051903477836267,0.06587221191092489,0.09692401426613306,-0.009389005988038622,0.018885840139330843,-0.0011560240446349497,-0.003051903477836267,False,none,False,False
TFMN4.exp2.ACN3788.concX_largeLib_SpeI.1,concX_largeLib_SpeI,1,A63-B117,A63,B117,1,2,2,3,0.010526315789473684,0.0,-0.03051903477836267,0.06587221191092489,0.09692401426613306,-0.009389005988038622,0.018885840139330843,-0.0011560240446349497,-0.003051903477836267,False,none,False,False
TFMN4.exp2.ACN3788.concX_largeLib_SpeI.1,concX_largeLib_SpeI,1,A63-B147,A63,B147,1,2,2,3,0.010526315789473684,0.0,-0.03051903477836267,0.06587221191092489,0.09692401426613306,-0.009389005988038622,0.018885840139330843,-0.0011560240446349497,-0.003051903477836267,False,none,False,False
TFMN4.exp2.ACN3788.concX_largeLib_SpeI.1,concX_largeLib_SpeI,1,A63-B151,A63,B151,1,2,2,3,0.010526315789473684,0.0,-0.03051903477836267,0.06587221191092489,0.09692401426613306,-0.009389005988038622,0.018885840139330843,-0.0011560240446349497,-0.003051903477836267,False,none,False,False
TFMN4.exp2.ACN3788.concX_largeLib_SpeI.1,concX_largeLib_SpeI,1,A78-B103,A78,B103,1,2,2,3,0.010526315789473684,0.0,-0.03051903477836267,0.06587221191092489,0.09692401426613306,-0.009389005988038622,0.018885840139330843,-0.0011560240446349497,-0.003051903477836267,False,none,False,False
TFMN4.exp2.ACN3788.concX_largeLib_SpeI.1,concX_largeLib_SpeI,1,A81-B140,A81,B140,1,2,2,3,0.010526315789473684,0.0,-0.03051903477836267,0.06587221191092489,0.09692401426613306,-0.009389005988038622,0.018885840139330843,-0.0011560240446349497,-0.003051903477836267,False,none,False,False
TFMN4.exp2.ACN3788.concX_largeLib_SpeI.1,concX_largeLib_SpeI,1,A96-B79,A96,B79,1,2,2,3,0.010526315789473684,0.0,-0.03051903477836267,0.06587221191092489,0.09692401426613306,-0.009389005988038622,0.018885840139330843,-0.0011560240446349497,-0.003051903477836267,False,none,False,False
TFMN4.exp2.ACN3788.concX_largeLib_SpeI.1,concX_largeLib_SpeI,1,A90-B155,A90,B155,3,5,2,"3,4,6",0.010526315789473684,0.0,-0.03693135374917157,0.09848018360377844,0.06569770171389144,-0.009456302636778281,0.02859471533637118,-0.0013989149147413476,-0.0036931353749171574,False,fair,True,False
TFMN4.exp2.ACN3788.concX_largeLib_SpeI.1,concX_largeLib_SpeI,1,A196-B27,A196,B27,3,8,3,"3,4,6",0.015789473684210527,0.0,-0.03963848075909235,0.12595077846909433,0.04718571634734492,-0.00949594839458862,0.03636964204296643,-0.0015014576045110739,-0.0039638480759092345,False,fair,True,False
TFMN4.exp2.ACN3788.concX_largeLib_SpeI.1,concX_largeLib_SpeI,1,A153-B30,A153,B30,2,3,2,"3,4",0.010526315789473684,0.0,-0.04428892037467653,0.053135905251950166,0.25780971962543464,-0.012863187020686348,0.015341604581741098,-0.001677610620252899,-0.0044288920374676525,True,fair,True,False
TFMN4.exp2.ACN3788.concX_largeLib_SpeI.1,concX_largeLib_SpeI,1,A196-B8,A196,B8,1,2,2,4,0.0,0.0,-0.052660412144227293,0.19373445020686447,0.035626255694991005,-0.014520754655835785,0.05672769187523672,-0.001994712581220731,-0.0052660412144227295,False,none,False,False
TFMN4.exp2.ACN3788.concX_largeLib_SpeI.1,concX_largeLib_SpeI,1,A81-B18,A81,B18,2,4,2,"3,4",0.010526315789473684,0.0,-0.06167560306514563,0.11542002512000492,0.12493265320137403,-0.017259427317887877,0.03355810357810361,-0.002336197085800971,-0.006167560306514563,True,fair,True,False
TFMN4.exp2.ACN3788.concX_largeLib_SpeI.1,concX_largeLib_SpeI,1,A152-B110,A152,B110,1,3,3,3,0.015789473684210527,0.0,-0.07225336005664687,0.09133287359141652,0.2383383573679937,-0.021645611916755382,0.02601688551886301,-0.002736869699115412,-0.007225336005664687,False,none,False,False
TFMN4.exp2.ACN3788.concX_largeLib_SpeI.1,concX_largeLib_SpeI,1,A152-B151,A152,B151,1,3,3,3,0.015789473684210527,0.0,-0.07225336005664687,0.09133287359141652,0.2383383573679937,-0.021645611916755382,0.02601688551886301,-0.002736869699115412,-0.007225336005664687,False,none,False,False
TFMN4.exp2.ACN3788.concX_largeLib_SpeI.1,concX_largeLib_SpeI,1,A176-B120,A176,B120,1,3,3,3,0.015789473684210527,0.0,-0.07225336005664687,0.09133287359141652,0.2383383573679937,-0.021645611916755382,0.02601688551886301,-0.002736869699115412,-0.007225336005664687,False,none,False,False
TFMN4.exp2.ACN3788.concX_largeLib_SpeI.1,concX_largeLib_SpeI,1,A81-B40,A81,B40,1,3,3,3,0.015789473684210527,0.0,-0.07225336005664687,0.09133287359141652,0.2383383573679937,-0.021645611916755382,0.02601688551886301,-0.002736869699115412,-0.007225336005664687,False,none,False,False
TFMN4.exp2.ACN3788.concX_largeLib_SpeI.1,concX_largeLib_SpeI,1,A96-B87,A96,B87,1,3,3,3,0.015789473684210527,0.0,-0.07225336005664687,0.09133287359141652,0.2383383573679937,-0.021645611916755382,0.02601688551886301,-0.002736869699115412,-0.007225336005664687,False,none,False,False
TFMN4.exp2.ACN3788.concX_largeLib_SpeI.1,concX_largeLib_SpeI,1,A81-B27,A81,B27,2,5,4,"3,6",0.021052631578947368,0.0,-0.07584414750286511,0.09585278543761115,0.23841060300297812,-0.02188332601715027,0.027405831743906633,-0.002872884375108527,-0.007584414750286511,True,fair,True,False
TFMN4.exp2.ACN3788.concX_largeLib_SpeI.1,concX_largeLib_SpeI,1,A196-B59,A196,B59,3,10,6,"3,4,6",0.005263157894736842,0.0,-0.07749692680436734,0.2698089773206103,0.03961604091251558,-0.01929674157313218,0.07826462297156925,-0.0029354896516805814,-0.007749692680436735,False,fair,True,False
TFMN4.exp2.ACN3788.concX_largeLib_SpeI.1,concX_largeLib_SpeI,1,A78-B70,A78,B70,2,5,3,"3,4",0.015789473684210527,0.0,-0.0857015674779726,0.09145087102289132,0.3051253597433673,-0.024521390620067564,0.026513638237849236,-0.00324627149537775,-0.00857015674779726,True,fair,True,False
TFMN4.exp2.ACN3788.concX_largeLib_SpeI.1,concX_largeLib_SpeI,1,A78-B151,A78,B151,4,24,11,"3,4,6,13",0.05789473684210526,0.005025125628140704,-0.08679949465304448,0.09101218916144753,0.3126127805214294,-0.024205747570029214,0.026541296284436085,-0.003287859645948655,-0.008679949465304449,False,fair,True,False
TFMN4.exp2.ACN3788.concX_largeLib_SpeI.1,concX_largeLib_SpeI,1,A153-B6,A153,B6,2,6,4,"3,4",0.010526315789473684,0.0,-0.09258368364795855,0.21556639576793676,0.08444273815721037,-0.025094384789996326,0.06280867169522135,-0.003506957713937824,-0.009258368364795854,True,fair,True,False
TFMN4.exp2.ACN3788.concX_largeLib_SpeI.1,concX_largeLib_SpeI,1,A81-B51,A81,B51,1,3,3,4,0.0,0.0,-0.09769558489380444,0.2303866162238599,0.08249259484550786,-0.02757597064260236,0.06755309268375773,-0.003700590336886532,-0.009769558489380444,False,none,False,False
TFMN4.exp2.ACN3788.concX_largeLib_SpeI.1,concX_largeLib_SpeI,1,A90-B151,A90,B151,2,6,5,"3,6",0.02631578947368421,0.0,-0.10466368107341992,0.1037035588297705,0.33744172159143293,-0.030334467157116705,0.029494533351456343,-0.0039645333739931786,-0.010466368107341991,True,fair,True,False
TFMN4.exp2.ACN3788.concX_largeLib_SpeI.1,concX_largeLib_SpeI,1,A196-B122,A196,B122,1,4,4,3,0.021052631578947368,0.0,-0.10486798629352913,0.11022230906074643,0.3115803743020087,-0.031197935904486263,0.03129334083643359,-0.003972272208088224,-0.010486798629352912,False,none,False,False
TFMN4.exp2.ACN3788.concX_largeLib_SpeI.1,concX_largeLib_SpeI,1,A90-B120,A90,B120,1,5,5,3,0.02631578947368421,0.0,-0.1314737119243208,0.12521878173782594,0.35533764281364655,-0.03897893337518159,0.03547700607538106,-0.004980064845618213,-0.01314737119243208,False,none,False,False
TFMN4.exp2.ACN3788.concX_largeLib_SpeI.1,concX_largeLib_SpeI,1,A78-B171,A78,B171,2,6,5,"3,4",0.02631578947368421,0.0,-0.13147371192432084,0.08406093246115894,0.5501762443979463,-0.03878961383109308,0.023471492383093807,-0.004980064845618214,-0.013147371192432084,True,fair,True,False
TFMN4.exp2.ACN3788.concX_largeLib_SpeI.1,concX_largeLib_SpeI,1,A81-B171,A81,B171,2,7,6,"3,4",0.031578947368421054,0.0,-0.15353674599620848,0.0993842722921976,0.5440715617441647,-0.04531400852705393,0.027717928827917317,-0.0058157858331897155,-0.015353674599620847,True,fair,True,False
TFMN4.exp2.ACN3788.concX_largeLib_SpeI.1,concX_largeLib_SpeI,1,A78-B137,A78,B137,3,12,8,"3,4,6",0.042105263157894736,0.0,-0.1690461615910191,0.03141990754093201,0.9353729991134327,-0.04851285236921716,0.008306669443865588,-0.006403263696629511,-0.01690461615910191,True,good,True,False
TFMN4.exp2.ACN3788.concX_largeLib_SpeI.1,concX_largeLib_SpeI,1,A78-B84,A78,B84,1,7,7,3,0.03684210526315789,0.0,-0.1731627202793455,0.1482687373560612,0.40546704278501855,-0.05115754919418169,0.0419021642380667,-0.006559193949975209,-0.01731627202793455,False,none,False,False
TFMN4.exp2.ACN3788.concX_largeLib_SpeI.1,concX_largeLib_SpeI,1,A81-B75,A81,B75,1,8,8,3,0.042105263157894736,0.0,-0.1900898221547119,0.15753599557211279,0.42129447179041357,-0.05609931540118305,0.04448448592394353,-0.007200372051314845,-0.01900898221547119,False,none,False,False
TFMN4.exp2.ACN3788.concX_largeLib_SpeI.2,concX_largeLib_SpeI,2,A78-B26,A78,B26,4,38,25,"3,4,6,13",0.02962962962962963,0.10416666666666667,0.2613795529537483,0.03290120263535385,0.9692842258904529,0.076349108026434,0.010172343141100862,0.009900740642187437,0.026137955295374833,False,high,True,False
TFMN4.exp2.ACN3788.concX_largeLib_SpeI.2,concX_largeLib_SpeI,2,A84-B174,A84,B174,1,1,1,13,0.0,0.004166666666666667,0.2033636967577174,0.017908652322848766,0.9847269846122629,0.05934908729843288,0.005908506341014265,0.00770317033173172,0.02033636967577174,False,none,False,False
TFMN4.exp2.ACN3788.concX_largeLib_SpeI.2,concX_largeLib_SpeI,2,A89-B174,A89,B174,1,1,1,13,0.0,0.004166666666666667,0.2033636967577174,0.017908652322848766,0.9847269846122629,0.05934908729843288,0.005908506341014265,0.00770317033173172,0.02033636967577174,False,none,False,False
TFMN4.exp2.ACN3788.concX_largeLib_SpeI.2,concX_largeLib_SpeI,2,A81-B174,A81,B174,4,322,197,"3,4,6,13",0.007407407407407408,0.8208333333333333,0.16566253845883375,0.09017405487548508,0.627913243159707,0.049638649233015184,0.02665891272504038,0.006275096153743703,0.016566253845883373,True,good,True,True
TFMN4.exp2.ACN3788.concX_largeLib_SpeI.2,concX_largeLib_SpeI,2,A196-B18,A196,B18,3,11,8,"3,4,6",0.014814814814814815,0.0,0.1003585588001011,0.310314957921325,0.04969758106908173,0.03288279746243658,0.08777770526050113,0.00380146056060989,0.01003585588001011,False,fair,True,False
TFMN4.exp2.ACN3788.concX_largeLib_SpeI.2,concX_largeLib_SpeI,2,A20-B66,A20,B66,4,13,4,"3,4,6,13",0.02962962962962963,0.016666666666666666,0.09894931625950137,0.04457358368344842,0.7113162984542282,0.028589941350712196,0.013229377720941994,0.003748080161344749,0.009894931625950138,False,good,True,False
TFMN4.exp2.ACN3788.concX_largeLib_SpeI.2,concX_largeLib_SpeI,2,A113-B174,A113,B174,1,1,1,6,0.0,0.0,0.063658105999145,0.1331803006806049,0.10252288769971485,0.019910356711848324,0.03854439131303369,0.0024112918939070077,0.0063658105999144995,False,none,False,False
TFMN4.exp2.ACN3788.concX_largeLib_SpeI.2,concX_largeLib_SpeI,2,A176-B154,A176,B154,1,1,1,6,0.0,0.0,0.063658105999145,0.1331803006806049,0.10252288769971485,0.019910356711848324,0.03854439131303369,0.0024112918939070077,0.0063658105999144995,False,none,False,False
TFMN4.exp2.ACN3788.concX_largeLib_SpeI.2,concX_largeLib_SpeI,2,A196-B139,A196,B139,1,1,1,6,0.0,0.0,0.063658105999145,0.1331803006806049,0.10252288769971485,0.019910356711848324,0.03854439131303369,0.0024112918939070077,0.0063658105999144995,False,none,False,False
TFMN4.exp2.ACN3788.concX_largeLib_SpeI.2,concX_largeLib_SpeI,2,A38-B128,A38,B128,1,1,1,6,0.0,0.0,0.063658105999145,0.1331803006806049,0.10252288769971485,0.019910356711848324,0.03854439131303369,0.0024112918939070077,0.0063658105999144995,False,none,False,False
TFMN4.exp2.ACN3788.concX_largeLib_SpeI.2,concX_largeLib_SpeI,2,A81-B41,A81,B41,1,1,1,6,0.0,0.0,0.063658105999145,0.1331803006806049,0.10252288769971485,0.019910356711848324,0.03854439131303369,0.0024112918939070077,0.0063658105999144995,False,none,False,False
TFMN4.exp2.ACN3788.concX_largeLib_SpeI.2,concX_largeLib_SpeI,2,A90-B103,A90,B103,1,1,1,6,0.0,0.0,0.063658105999145,0.1331803006806049,0.10252288769971485,0.019910356711848324,0.03854439131303369,0.0024112918939070077,0.0063658105999144995,False,none,False,False
TFMN4.exp2.ACN3788.concX_largeLib_SpeI.2,concX_largeLib_SpeI,2,A97-B174,A97,B174,1,1,1,6,0.0,0.0,0.063658105999145,0.1331803006806049,0.10252288769971485,0.019910356711848324,0.03854439131303369,0.0024112918939070077,0.0063658105999144995,False,none,False,False
TFMN4.exp2.ACN3788.concX_largeLib_SpeI.2,concX_largeLib_SpeI,2,A153-B30,A153,B30,4,47,17,"3,4,6,13",0.08888888888888889,0.041666666666666664,0.04926633846146133,0.02897266765317206,0.5911276921740698,0.014269227810981822,0.008520199446667502,0.0018661491841462626,0.004926633846146133,False,fair,True,False
TFMN4.exp2.ACN3788.concX_largeLib_SpeI.2,concX_largeLib_SpeI,2,A78-B101,A78,B101,1,2,2,6,0.0,0.0,0.048427935259690934,0.21085081898089195,0.025698322587468514,0.01655934565137798,0.061280579197769774,0.0018343914871095052,0.0048427935259690936,False,none,False,False
TFMN4.exp2.ACN3788.concX_largeLib_SpeI.2,concX_largeLib_SpeI,2,A83-B84,A83,B84,3,5,3,"3,4,6",0.007407407407407408,0.0,0.027499138085279536,0.17564583090013663,0.012107160884670343,0.01013046851283264,0.05045031113479293,0.0010416340183818007,0.0027499138085279535,False,fair,True,False
TFMN4.exp2.ACN3788.concX_largeLib_SpeI.2,concX_largeLib_SpeI,2,A153-B101,A153,B101,1,1,1,4,0.0,0.0,0.009544611482457614,0.08118730583079324,0.006863085031063032,0.0030294916580352023,0.02369380058910527,0.0003615383137294551,0.0009544611482457614,False,none,False,False
TFMN4.exp2.ACN3788.concX_largeLib_SpeI.2,concX_largeLib_SpeI,2,A193-B11,A193,B11,1,1,1,4,0.0,0.0,0.009544611482457614,0.08118730583079324,0.006863085031063032,0.0030294916580352023,0.02369380058910527,0.0003615383137294551,0.0009544611482457614,False,none,False,False
TFMN4.exp2.ACN3788.concX_largeLib_SpeI.2,concX_largeLib_SpeI,2,A196-B6,A196,B6,1,1,1,4,0.0,0.0,0.009544611482457614,0.08118730583079324,0.006863085031063032,0.0030294916580352023,0.02369380058910527,0.0003615383137294551,0.0009544611482457614,False,none,False,False
TFMN4.exp2.ACN3788.concX_largeLib_SpeI.2,concX_largeLib_SpeI,2,A20-B71,A20,B71,1,1,1,4,0.0,0.0,0.009544611482457614,0.08118730583079324,0.006863085031063032,0.0030294916580352023,0.02369380058910527,0.0003615383137294551,0.0009544611482457614,False,none,False,False
TFMN4.exp2.ACN3788.concX_largeLib_SpeI.2,concX_largeLib_SpeI,2,A83-B101,A83,B101,1,1,1,4,0.0,0.0,0.009544611482457614,0.08118730583079324,0.006863085031063032,0.0030294916580352023,0.02369380058910527,0.0003615383137294551,0.0009544611482457614,False,none,False,False
TFMN4.exp2.ACN3788.concX_largeLib_SpeI.2,concX_largeLib_SpeI,2,A83-B137,A83,B137,1,1,1,4,0.0,0.0,0.009544611482457614,0.08118730583079324,0.006863085031063032,0.0030294916580352023,0.02369380058910527,0.0003615383137294551,0.0009544611482457614,False,none,False,False
TFMN4.exp2.ACN3788.concX_largeLib_SpeI.2,concX_largeLib_SpeI,2,A90-B3,A90,B3,1,1,1,4,0.0,0.0,0.009544611482457614,0.08118730583079324,0.006863085031063032,0.0030294916580352023,0.02369380058910527,0.0003615383137294551,0.0009544611482457614,False,none,False,False
TFMN4.exp2.ACN3788.concX_largeLib_SpeI.2,concX_largeLib_SpeI,2,A153-B27,A153,B27,1,1,1,3,0.007407407407407408,0.0,-0.020789789318077793,0.09150145359094855,0.0251620839399872,-0.0067980387997779845,0.026396770831913465,-0.0007874920196241588,-0.0020789789318077794,False,none,False,False
TFMN4.exp2.ACN3788.concX_largeLib_SpeI.2,concX_largeLib_SpeI,2,A169-B27,A169,B27,1,1,1,3,0.007407407407407408,0.0,-0.020789789318077793,0.09150145359094855,0.0251620839399872,-0.0067980387997779845,0.026396770831913465,-0.0007874920196241588,-0.0020789789318077794,False,none,False,False
TFMN4.exp2.ACN3788.concX_largeLib_SpeI.2,concX_largeLib_SpeI,2,A81-B132,A81,B132,1,1,1,3,0.007407407407407408,0.0,-0.020789789318077793,0.09150145359094855,0.0251620839399872,-0.0067980387997779845,0.026396770831913465,-0.0007874920196241588,-0.0020789789318077794,False,none,False,False
TFMN4.exp2.ACN3788.concX_largeLib_SpeI.2,concX_largeLib_SpeI,2,A89-B27,A89,B27,1,1,1,3,0.007407407407407408,0.0,-0.020789789318077793,0.09150145359094855,0.0251620839399872,-0.0067980387997779845,0.026396770831913465,-0.0007874920196241588,-0.0020789789318077794,False,none,False,False
TFMN4.exp2.ACN3788.concX_largeLib_SpeI.2,concX_largeLib_SpeI,2,A96-B87,A96,B87,1,1,1,3,0.007407407407407408,0.0,-0.020789789318077793,0.09150145359094855,0.0251620839399872,-0.0067980387997779845,0.026396770831913465,-0.0007874920196241588,-0.0020789789318077794,False,none,False,False
TFMN4.exp2.ACN3788.concX_largeLib_SpeI.2,concX_largeLib_SpeI,2,A143-B6,A143,B6,1,2,2,4,0.0,0.0,-0.04545719686308298,0.1344394423405145,0.05407288916856745,-0.012873804615800859,0.03935412079544071,-0.001721863517541022,-0.004545719686308298,False,none,False,False
TFMN4.exp2.ACN3788.concX_largeLib_SpeI.2,concX_largeLib_SpeI,2,A90-B70,A90,B70,1,2,2,4,0.0,0.0,-0.04545719686308298,0.1344394423405145,0.05407288916856745,-0.012873804615800859,0.03935412079544071,-0.001721863517541022,-0.004545719686308298,False,none,False,False
TFMN4.exp2.ACN3788.concX_largeLib_SpeI.2,concX_largeLib_SpeI,2,A78-B137,A78,B137,3,8,3,"3,4,6",0.022222222222222223,0.0,-0.05604756533705815,0.1094618526557904,0.11589430786429722,-0.015110822013208144,0.03150587684981894,-0.00212301383852493,-0.0056047565337058155,False,fair,True,False
TFMN4.exp2.ACN3788.concX_largeLib_SpeI.2,concX_largeLib_SpeI,2,A196-B132,A196,B132,3,14,5,"3,4,6",0.037037037037037035,0.0,-0.06506538292902461,0.1234354010794411,0.12198155339961092,-0.017161925776705854,0.03532466861255972,-0.0024645978382206294,-0.006506538292902461,False,fair,True,False
TFMN4.exp2.ACN3788.concX_largeLib_SpeI.2,concX_largeLib_SpeI,2,A196-B11,A196,B11,4,150,65,"3,4,6,13",0.2814814814814815,0.008333333333333333,-0.06777026580406428,0.1456143239948758,0.09771960577046501,-0.01658584936795433,0.04156671410692125,-0.002567055522881223,-0.006777026580406428,False,fair,True,False
TFMN4.exp2.ACN3788.concX_largeLib_SpeI.2,concX_largeLib_SpeI,2,A81-B66,A81,B66,3,7,3,"3,4,6",0.014814814814814815,0.0,-0.07007916715128172,0.06246430996228397,0.3862538140500552,-0.019207323275591718,0.018474874230934777,-0.00265451390724552,-0.007007916715128172,True,fair,True,False
TFMN4.exp2.ACN3788.concX_largeLib_SpeI.2,concX_largeLib_SpeI,2,A83-B103,A83,B103,1,2,2,3,0.014814814814814815,0.0,-0.087404877656025,0.13091400633060082,0.18225759481968495,-0.026388458662612066,0.037414737241326296,-0.0033107908203039776,-0.0087404877656025,False,none,False,False
TFMN4.exp2.ACN3788.concX_largeLib_SpeI.2,concX_largeLib_SpeI,2,A196-B15,A196,B15,2,4,3,"3,4",0.007407407407407408,0.0,-0.0900143143185477,0.12591618045116607,0.2035192004710521,-0.02574451300087288,0.03674115780741132,-0.003409633118126807,-0.00900143143185477,True,fair,True,False
TFMN4.exp2.ACN3788.concX_largeLib_SpeI.2,concX_largeLib_SpeI,2,A143-B123,A143,B123,2,3,2,"3,4",0.014814814814814815,0.0,-0.09228739059962937,0.08726576100880609,0.35864536076287246,-0.027639019317262155,0.024716358954455196,-0.0034957344924102037,-0.009228739059962937,True,fair,True,False
TFMN4.exp2.ACN3788.concX_largeLib_SpeI.2,concX_largeLib_SpeI,2,A96-B140,A96,B140,2,5,4,"3,4",0.007407407407407408,0.0,-0.1102303003106856,0.16111454975383424,0.18965787404484546,-0.03130595998731163,0.04709869027213147,-0.004175390163283546,-0.01102303003106856,True,fair,True,False
TFMN4.exp2.ACN3788.concX_largeLib_SpeI.2,concX_largeLib_SpeI,2,A78-B84,A78,B84,2,5,3,"3,4",0.014814814814814815,0.0,-0.11604755430804116,0.09839522962803499,0.4102016788571641,-0.033667524408594156,0.028456069727327775,-0.004395740693486408,-0.011604755430804116,True,fair,True,False
TFMN4.exp2.ACN3788.concX_largeLib_SpeI.2,concX_largeLib_SpeI,2,A81-B75,A81,B75,1,4,4,4,0.0,0.0,-0.11843226870720426,0.19761505539200555,0.15224421732733517,-0.03401338528286682,0.05796449433926439,-0.004486070784363798,-0.011843226870720426,False,none,False,False
TFMN4.exp2.ACN3788.concX_largeLib_SpeI.2,concX_largeLib_SpeI,2,A90-B154,A90,B154,1,3,3,3,0.022222222222222223,0.0,-0.1343396165714174,0.15642970884323473,0.269409887065459,-0.040124469198754543,0.04451425025165696,-0.005088621839826417,-0.013433961657141742,False,none,False,False
TFMN4.exp2.ACN3788.concX_largeLib_SpeI.2,concX_largeLib_SpeI,2,A81-B40,A81,B40,2,5,3,"3,4",0.022222222222222223,0.0,-0.1392903295245549,0.09461547039484339,0.5200721413747535,-0.04121072086444623,0.026575637111440273,-0.005276148845627079,-0.013929032952455489,True,fair,True,False
TFMN4.exp2.ACN3788.concX_largeLib_SpeI.2,concX_largeLib_SpeI,2,A81-B127,A81,B127,3,16,7,"3,4,6",0.05185185185185185,0.0,-0.14929913467983885,0.07191484103713777,0.683042919551818,-0.041966821628330986,0.020686958257531626,-0.005655270253024199,-0.014929913467983886,True,good,True,False
TFMN4.exp2.ACN3788.concX_largeLib_SpeI.2,concX_largeLib_SpeI,2,A83-B151,A83,B151,2,8,7,"3,4",0.007407407407407408,0.0,-0.15695260291288435,0.23941359492882588,0.17687794101415166,-0.04418311522634106,0.07015655077448055,-0.005945174352760771,-0.015695260291288433,True,fair,True,False
TFMN4.exp2.ACN3788.concX_largeLib_SpeI.2,concX_largeLib_SpeI,2,A90-B75,A90,B75,2,9,6,"3,4",0.022222222222222223,0.0,-0.16208016063074335,0.15826694540028755,0.3439972341921028,-0.04609651266104276,0.046132832604786615,-0.006139400023891794,-0.016208016063074336,True,fair,True,False
TFMN4.exp2.ACN3788.concX_largeLib_SpeI.2,concX_largeLib_SpeI,2,A153-B84,A153,B84,2,5,4,"3,4",0.02962962962962963,0.0,-0.16946146530474188,0.14649274518264577,0.4008684484484738,-0.050515717923115266,0.04124038791096442,-0.006418994897906889,-0.016946146530474188,True,fair,True,False
TFMN4.exp2.ACN3788.concX_largeLib_SpeI.2,concX_largeLib_SpeI,2,A153-B151,A153,B151,1,4,4,3,0.02962962962962963,0.0,-0.17011890733479615,0.17524240981476485,0.32027848068816034,-0.050573413794951554,0.04974062676498708,-0.006443898005105915,-0.017011890733479616,False,none,False,False
TFMN4.exp2.ACN3788.concX_largeLib_SpeI.2,concX_largeLib_SpeI,2,A196-B123,A196,B123,3,71,44,"3,4,6",0.1111111111111111,0.0,-0.18145554394593802,0.28251167914933306,0.17099872529234217,-0.04633460947396754,0.08021538029594728,-0.006873316058558259,-0.018145554394593803,False,fair,True,False
TFMN4.exp2.ACN3788.concX_largeLib_SpeI.2,concX_largeLib_SpeI,2,A81-B100,A81,B100,3,9,5,"3,4,6",0.037037037037037035,0.0,-0.18834059937162526,0.07125533490093658,0.7774413388108121,-0.05499144415605609,0.018981399749576557,-0.007134113612561563,-0.018834059937162525,True,good,True,False
TFMN4.exp2.ACN3788.concX_largeLib_SpeI.2,concX_largeLib_SpeI,2,A78-B75,A78,B75,2,13,8,"3,4",0.037037037037037035,0.0,-0.19885324660543366,0.16373078159568408,0.4244675651487321,-0.056459871284112687,0.04761693968596694,-0.007532319947175518,-0.019885324660543366,True,fair,True,False
TFMN4.exp2.ACN3788.concX_largeLib_SpeI.3,concX_largeLib_SpeI,3,A90-B108,A90,B108,4,138,83,"3,4,6,13",0.06220095693779904,0.3029197080291971,0.19898802490749617,0.023648601703703857,0.9725280687344349,0.058532854316774185,0.0063037441086735,0.007537425185890007,0.019898802490749618,True,high,True,False
TFMN4.exp2.ACN3788.concX_largeLib_SpeI.3,concX_largeLib_SpeI,3,A20-B151,A20,B151,4,822,236,"3,4,6,13",0.9090909090909091,0.6970802919708029,0.026135322134739434,0.03550976244807685,0.213125593257116,0.007954507926575791,0.010231316825366503,0.0009899743232855847,0.0026135322134739434,True,fair,True,True
TFMN4.exp2.ACN3788.concX_largeLib_SpeI.3,concX_largeLib_SpeI,3,A28-B151,A28,B151,1,1,1,4,0.0,0.0,-0.04026334958891185,0.09424635311721001,0.08362461210342986,-0.011274845908924674,0.02762309553255042,-0.0015251268783678731,-0.004026334958891185,False,none,False,False
TFMN4.exp2.ACN3788.concX_largeLib_SpeI.3,concX_largeLib_SpeI,3,A32-B151,A32,B151,1,1,1,4,0.0,0.0,-0.04026334958891185,0.09424635311721001,0.08362461210342986,-0.011274845908924674,0.02762309553255042,-0.0015251268783678731,-0.004026334958891185,False,none,False,False
TFMN4.exp2.ACN3788.concX_largeLib_SpeI.3,concX_largeLib_SpeI,3,A78-B26,A78,B26,1,1,1,3,0.004784688995215311,0.0,-0.05530053051122138,0.06700652628830724,0.2540434155773251,-0.016494913875726044,0.019195458338946654,-0.0020947170648189916,-0.005530053051122138,False,none,False,False
TFMN4.exp2.ACN3788.concX_largeLib_SpeI.3,concX_largeLib_SpeI,3,A81-B151,A81,B151,1,1,1,3,0.004784688995215311,0.0,-0.05530053051122138,0.06700652628830724,0.2540434155773251,-0.016494913875726044,0.019195458338946654,-0.0020947170648189916,-0.005530053051122138,False,none,False,False
TFMN4.exp2.ACN3788.concX_largeLib_SpeI.3,concX_largeLib_SpeI,3,A83-B151,A83,B151,1,1,1,3,0.004784688995215311,0.0,-0.05530053051122138,0.06700652628830724,0.2540434155773251,-0.016494913875726044,0.019195458338946654,-0.0020947170648189916,-0.005530053051122138,False,none,False,False
TFMN4.exp2.ACN3788.concX_largeLib_SpeI.3,concX_largeLib_SpeI,3,A96-B77,A96,B77,1,1,1,3,0.004784688995215311,0.0,-0.05530053051122138,0.06700652628830724,0.2540434155773251,-0.016494913875726044,0.019195458338946654,-0.0020947170648189916,-0.005530053051122138,False,none,False,False
TFMN4.exp2.ACN3788.concX_largeLib_SpeI.3,concX_largeLib_SpeI,3,A82-B108,A82,B108,1,2,2,3,0.009569377990430622,0.0,-0.11755923514969092,0.10473071606324551,0.3865002353517879,-0.03480256747318878,0.029758471074751866,-0.004453001331427686,-0.011755923514969093,False,none,False,False
TFMN4.exp2.ACN3788.concX_largeLib_SpeI.3,concX_largeLib_SpeI,3,A63-B18,A63,B18,1,4,4,4,0.0,0.0,-0.17066326153772948,0.2090485135473029,0.24994697538739108,-0.04906237231934979,0.061463632909286636,-0.006464517482489753,-0.01706632615377295,False,none,False,False
TFMN4.exp2.ACN3788.concX_largeLib_SpeI.4,concX_largeLib_SpeI,4,A196-B151,A196,B151,3,156,117,"3,4,6",0.050359712230215826,0.0,0.6679040438962488,0.40657361738002223,0.5743476216706938,0.19077332937670766,0.10944534091461652,0.02529939560213064,0.06679040438962489,True,fair,True,False
TFMN4.exp2.ACN3788.concX_largeLib_SpeI.4,concX_largeLib_SpeI,4,A78-B3,A78,B3,4,53,47,"3,4,6,13",0.014388489208633094,0.21658986175115208,0.396271193100921,0.027342086528988663,0.9905682409553825,0.11589898017763035,0.009050918590853567,0.01501027246594398,0.0396271193100921,False,high,True,False
TFMN4.exp2.ACN3788.concX_largeLib_SpeI.4,concX_largeLib_SpeI,4,A81-B151,A81,B151,4,87,72,"3,4,6,13",0.050359712230215826,0.3317972350230415,0.33121067758327444,0.04804853512370236,0.959609772188991,0.09646072279935237,0.01470249504838469,0.012545858999366456,0.03312106775832745,False,high,True,True
TFMN4.exp2.ACN3788.concX_largeLib_SpeI.4,concX_largeLib_SpeI,4,A78-B26,A78,B26,4,33,24,"3,4,6,13",0.03597122302158273,0.11059907834101383,0.25587823284530314,0.05191989704018927,0.92392083843131,0.07432188065200977,0.01573442401032669,0.009692357304746331,0.025587823284530315,False,high,True,False
TFMN4.exp2.ACN3788.concX_largeLib_SpeI.4,concX_largeLib_SpeI,4,A97-B155,A97,B155,1,1,1,13,0.0,0.004608294930875576,0.1876155849758208,0.007259370644196245,0.9970146746801439,0.054815108884782776,0.002735225244712815,0.007106650946053818,0.018761558497582077,False,none,False,False
TFMN4.exp2.ACN3788.concX_largeLib_SpeI.4,concX_largeLib_SpeI,4,A81-B30,A81,B30,4,110,50,"3,4,6,13",0.19424460431654678,0.2304147465437788,0.14848117176152204,0.039892257852488434,0.8738464224826207,0.0430663943451208,0.012047999414469105,0.005624286809148562,0.014848117176152203,False,high,True,False
TFMN4.exp2.ACN3788.concX_largeLib_SpeI.4,concX_largeLib_SpeI,4,A78-B2,A78,B2,4,20,7,"3,4,6,13",0.014388489208633094,0.03225806451612903,0.11499059761217921,0.047249765865536406,0.7475632419813945,0.034014774479072224,0.013493172301030063,0.0043557044550067885,0.011499059761217921,False,good,True,False
TFMN4.exp2.ACN3788.concX_largeLib_SpeI.4,concX_largeLib_SpeI,4,A83-B120,A83,B120,1,1,1,6,0.0,0.0,0.049345653545278936,0.14528383140567067,0.05453540185577299,0.015932349719883363,0.04213344843469243,0.001869153543381778,0.004934565354527893,False,none,False,False
TFMN4.exp2.ACN3788.concX_largeLib_SpeI.4,concX_largeLib_SpeI,4,A96-B132,A96,B132,1,1,1,6,0.0,0.0,0.049345653545278936,0.14528383140567067,0.05453540185577299,0.015932349719883363,0.04213344843469243,0.001869153543381778,0.004934565354527893,False,none,False,False
TFMN4.exp2.ACN3788.concX_largeLib_SpeI.4,concX_largeLib_SpeI,4,A196-B145,A196,B145,3,5,2,"4,6,13",0.0,0.004608294930875576,0.043831315723140064,0.09605116810603764,0.09430125716735915,0.013607292147281111,0.028018016798074533,0.0016602771107250025,0.004383131572314006,False,fair,True,False
TFMN4.exp2.ACN3788.concX_largeLib_SpeI.4,concX_largeLib_SpeI,4,A81-B120,A81,B120,4,19,8,"3,4,6,13",0.02158273381294964,0.013824884792626729,0.041330027714582024,0.10128006657672103,0.07686337054730186,0.013155571919211769,0.029321021083537267,0.0015655313528250767,0.004133002771458202,False,fair,True,False
TFMN4.exp2.ACN3788.concX_largeLib_SpeI.4,concX_largeLib_SpeI,4,A159-B49,A159,B49,1,2,2,6,0.0,0.0,0.03365154722470568,0.2246311592385743,0.011096701582607338,0.012476631640759985,0.06538165934953334,0.0012746798191176395,0.003365154722470568,False,none,False,False
TFMN4.exp2.ACN3788.concX_largeLib_SpeI.4,concX_largeLib_SpeI,4,A196-B119,A196,B119,2,2,1,"4,6",0.0,0.0,0.0025915398917432052,0.11752009236754705,0.00024308377379789192,0.0020520120466695404,0.03425971244876242,9.816438983875778e-05,0.0002591539891743205,True,fair,True,False
TFMN4.exp2.ACN3788.concX_largeLib_SpeI.4,concX_largeLib_SpeI,4,A153-B151,A153,B151,1,1,1,4,0.0,0.0,-0.006852738110839807,0.09112123875834274,0.0028198931310391417,-0.0016314498171322565,0.026622227181519333,-0.00025957341328938663,-0.0006852738110839807,False,none,False,False
TFMN4.exp2.ACN3788.concX_largeLib_SpeI.4,concX_largeLib_SpeI,4,A196-B34,A196,B34,1,1,1,4,0.0,0.0,-0.006852738110839807,0.09112123875834274,0.0028198931310391417,-0.0016314498171322565,0.026622227181519333,-0.00025957341328938663,-0.0006852738110839807,False,none,False,False
TFMN4.exp2.ACN3788.concX_largeLib_SpeI.4,concX_largeLib_SpeI,4,A78-B42,A78,B42,1,1,1,4,0.0,0.0,-0.006852738110839807,0.09112123875834274,0.0028198931310391417,-0.0016314498171322565,0.026622227181519333,-0.00025957341328938663,-0.0006852738110839807,False,none,False,False
TFMN4.exp2.ACN3788.concX_largeLib_SpeI.4,concX_largeLib_SpeI,4,A20-B103,A20,B103,1,1,1,3,0.007194244604316547,0.0,-0.02711932835767206,0.07621102874607505,0.05954305754918232,-0.008474797104377886,0.021948736160081653,-0.001027247286275457,-0.002711932835767206,False,none,False,False
TFMN4.exp2.ACN3788.concX_largeLib_SpeI.4,concX_largeLib_SpeI,4,A20-B84,A20,B84,1,1,1,3,0.007194244604316547,0.0,-0.02711932835767206,0.07621102874607505,0.05954305754918232,-0.008474797104377886,0.021948736160081653,-0.001027247286275457,-0.002711932835767206,False,none,False,False
TFMN4.exp2.ACN3788.concX_largeLib_SpeI.4,concX_largeLib_SpeI,4,A63-B79,A63,B79,1,1,1,3,0.007194244604316547,0.0,-0.02711932835767206,0.07621102874607505,0.05954305754918232,-0.008474797104377886,0.021948736160081653,-0.001027247286275457,-0.002711932835767206,False,none,False,False
TFMN4.exp2.ACN3788.concX_largeLib_SpeI.4,concX_largeLib_SpeI,4,A78-B51,A78,B51,1,1,1,3,0.007194244604316547,0.0,-0.02711932835767206,0.07621102874607505,0.05954305754918232,-0.008474797104377886,0.021948736160081653,-0.001027247286275457,-0.002711932835767206,False,none,False,False
TFMN4.exp2.ACN3788.concX_largeLib_SpeI.4,concX_largeLib_SpeI,4,A81-B174,A81,B174,1,1,1,3,0.007194244604316547,0.0,-0.02711932835767206,0.07621102874607505,0.05954305754918232,-0.008474797104377886,0.021948736160081653,-0.001027247286275457,-0.002711932835767206,False,none,False,False
TFMN4.exp2.ACN3788.concX_largeLib_SpeI.4,concX_largeLib_SpeI,4,A81-B51,A81,B51,1,1,1,3,0.007194244604316547,0.0,-0.02711932835767206,0.07621102874607505,0.05954305754918232,-0.008474797104377886,0.021948736160081653,-0.001027247286275457,-0.002711932835767206,False,none,False,False
TFMN4.exp2.ACN3788.concX_largeLib_SpeI.4,concX_largeLib_SpeI,4,A20-B70,A20,B70,3,3,1,"3,4,6",0.007194244604316547,0.0,-0.02775845718547972,0.05757701501925602,0.10411528415282811,-0.00736384837552558,0.016807328173984913,-0.0010514567115712016,-0.002775845718547972,False,fair,True,False
TFMN4.exp2.ACN3788.concX_largeLib_SpeI.4,concX_largeLib_SpeI,4,A153-B30,A153,B30,4,22,10,"3,4,6,13",0.02158273381294964,0.004608294930875576,-0.04322841145893046,0.15620066892323292,0.03688263918502255,-0.010420302418135413,0.04547079831886247,-0.00163743982798979,-0.004322841145893046,False,fair,True,False
TFMN4.exp2.ACN3788.concX_largeLib_SpeI.4,concX_largeLib_SpeI,4,A81-B65,A81,B65,3,4,2,"3,4,6",0.007194244604316547,0.0,-0.05616916330280156,0.07275315792224088,0.22960269055412186,-0.015381631087092723,0.021388651798597894,-0.002127619822075817,-0.005616916330280156,False,fair,True,False
TFMN4.exp2.ACN3788.concX_largeLib_SpeI.4,concX_largeLib_SpeI,4,A81-B84,A81,B84,4,15,8,"3,4,6,13",0.02158273381294964,0.004608294930875576,-0.06765386181941943,0.10285691908092724,0.1778450699816544,-0.018791966539449697,0.030138861541250037,-0.002562646281038615,-0.006765386181941943,False,fair,True,False
TFMN4.exp2.ACN3788.concX_largeLib_SpeI.4,concX_largeLib_SpeI,4,A20-B151,A20,B151,2,3,2,"3,6",0.014388489208633094,0.0,-0.06769144098493364,0.10984806449914138,0.15957092827489616,-0.01954280562378516,0.03157398882522009,-0.0025640697342777896,-0.006769144098493364,True,fair,True,False
TFMN4.exp2.ACN3788.concX_largeLib_SpeI.4,concX_largeLib_SpeI,4,A90-B171,A90,B171,2,3,2,"3,4",0.007194244604316547,0.0,-0.07744709786093149,0.09283774157751298,0.25813903710510955,-0.022240212587252575,0.027065222112733458,-0.0029336021917019503,-0.007744709786093149,True,fair,True,False
TFMN4.exp2.ACN3788.concX_largeLib_SpeI.4,concX_largeLib_SpeI,4,A143-B6,A143,B6,1,2,2,3,0.014388489208633094,0.0,-0.09122041879039751,0.11516556830213001,0.23878881436153565,-0.027333370842228366,0.03285843216269319,-0.0034553188935756633,-0.009122041879039752,False,none,False,False
TFMN4.exp2.ACN3788.concX_largeLib_SpeI.4,concX_largeLib_SpeI,4,A81-B143,A81,B143,1,2,2,3,0.014388489208633094,0.0,-0.09122041879039751,0.11516556830213001,0.23878881436153565,-0.027333370842228366,0.03285843216269319,-0.0034553188935756633,-0.009122041879039752,False,none,False,False
TFMN4.exp2.ACN3788.concX_largeLib_SpeI.4,concX_largeLib_SpeI,4,A81-B156,A81,B156,1,2,2,3,0.014388489208633094,0.0,-0.09122041879039751,0.11516556830213001,0.23878881436153565,-0.027333370842228366,0.03285843216269319,-0.0034553188935756633,-0.009122041879039752,False,none,False,False
TFMN4.exp2.ACN3788.concX_largeLib_SpeI.4,concX_largeLib_SpeI,4,A83-B151,A83,B151,4,109,71,"3,4,6,13",0.1079136690647482,0.04608294930875576,-0.09481131574397728,0.1628861538025099,0.1448630677117665,-0.02689992115498958,0.047728459526860424,-0.003591337717574897,-0.009481131574397728,False,fair,True,False
TFMN4.exp2.ACN3788.concX_largeLib_SpeI.4,concX_largeLib_SpeI,4,A90-B75,A90,B75,3,8,4,"3,4,6",0.02158273381294964,0.0,-0.142726746995079,0.06977866557085799,0.6765715033923592,-0.040538391651630014,0.02059713275512882,-0.0054063161740560235,-0.0142726746995079,True,good,True,False
TFMN4.exp2.ACN3788.concX_largeLib_SpeI.4,concX_largeLib_SpeI,4,A176-B151,A176,B151,2,5,3,"3,4",0.02158273381294964,0.0,-0.14354174098406358,0.07907501292830812,0.6222973284756055,-0.04215073279456384,0.022184140671779186,-0.005437187158487257,-0.014354174098406359,True,fair,True,False
TFMN4.exp2.ACN3788.concX_largeLib_SpeI.4,concX_largeLib_SpeI,4,A81-B177,A81,B177,3,7,4,"3,4,6",0.02877697841726619,0.0,-0.1542835259462076,0.05058814844674351,0.8230285015002025,-0.0448402823018013,0.013583087820987653,-0.005844072952507864,-0.015428352594620758,True,good,True,False
TFMN4.exp2.ACN3788.concX_largeLib_SpeI.4,concX_largeLib_SpeI,4,A83-B40,A83,B40,3,9,7,"3,4,6",0.007194244604316547,0.0,-0.1688303831407358,0.22826898974722476,0.2147702521736249,-0.04726441547632524,0.06680544616575386,-0.006395090270482418,-0.016883038314073583,False,fair,True,False
TFMN4.exp2.ACN3788.concX_largeLib_SpeI.4,concX_largeLib_SpeI,4,A81-B75,A81,B75,3,18,11,"3,4,6",0.07913669064748201,0.0,-0.2786161289742047,0.07891174403241068,0.8617453574086275,-0.08020329530577129,0.020186834079185704,-0.010553641249022905,-0.02786161289742047,True,good,True,False
TFMN4.exp2.ACN3788.concX_largeLib_SpeI.4,concX_largeLib_SpeI,4,A63-B151,A63,B151,2,15,10,"3,4",0.07194244604316546,0.0,-0.28813258546524145,0.13523498473050918,0.694165545779285,-0.08418858009777694,0.036974973078745726,-0.0109141130858046,-0.028813258546524147,True,fair,True,False
TFMN4.exp2.ACN3788.concX_largeLib_SpeI.4,concX_largeLib_SpeI,4,A78-B171,A78,B171,2,20,16,"3,4",0.11510791366906475,0.0,-0.3722037076011372,0.21331418438312877,0.6035318691037528,-0.10964382534395027,0.05816506088661066,-0.014098625287921863,-0.03722037076011372,True,fair,True,False
TFMN4.exp2.ACN3788.concX_largeLib_SpeI.5,concX_largeLib_SpeI,5,A83-B42,A83,B42,4,539,231,"3,4,6,13",0.18857142857142858,1.0,0.1683365280389203,0.08815368725693715,0.6457980441554344,0.04999041792916395,0.025471704911633204,0.00637638363783789,0.01683365280389203,True,good,True,True
TFMN4.exp2.ACN3788.concX_largeLib_SpeI.5,concX_largeLib_SpeI,5,A83-B26,A83,B26,1,1,1,6,0.0,0.0,0.09713651244766543,0.1964477541392403,0.10893116221420673,0.030622718976394164,0.05675580323089765,0.0036794133502903574,0.009713651244766542,False,none,False,False
TFMN4.exp2.ACN3788.concX_largeLib_SpeI.5,concX_largeLib_SpeI,5,A153-B171,A153,B171,1,1,1,3,0.005714285714285714,0.0,0.05214967822936281,0.024640975778570762,0.6913135322485005,0.015074052354048989,0.00715943861448815,0.001975366599597076,0.005214967822936281,False,none,False,False
TFMN4.exp2.ACN3788.concX_largeLib_SpeI.5,concX_largeLib_SpeI,5,A176-B34,A176,B34,1,1,1,3,0.005714285714285714,0.0,0.05214967822936281,0.024640975778570762,0.6913135322485005,0.015074052354048989,0.00715943861448815,0.001975366599597076,0.005214967822936281,False,none,False,False
TFMN4.exp2.ACN3788.concX_largeLib_SpeI.5,concX_largeLib_SpeI,5,A186-B151,A186,B151,1,1,1,3,0.005714285714285714,0.0,0.05214967822936281,0.024640975778570762,0.6913135322485005,0.015074052354048989,0.00715943861448815,0.001975366599597076,0.005214967822936281,False,none,False,False
TFMN4.exp2.ACN3788.concX_largeLib_SpeI.5,concX_largeLib_SpeI,5,A186-B74,A186,B74,1,1,1,3,0.005714285714285714,0.0,0.05214967822936281,0.024640975778570762,0.6913135322485005,0.015074052354048989,0.00715943861448815,0.001975366599597076,0.005214967822936281,False,none,False,False
TFMN4.exp2.ACN3788.concX_largeLib_SpeI.5,concX_largeLib_SpeI,5,A66-B30,A66,B30,1,1,1,3,0.005714285714285714,0.0,0.05214967822936281,0.024640975778570762,0.6913135322485005,0.015074052354048989,0.00715943861448815,0.001975366599597076,0.005214967822936281,False,none,False,False
TFMN4.exp2.ACN3788.concX_largeLib_SpeI.5,concX_largeLib_SpeI,5,A81-B42,A81,B42,1,1,1,3,0.005714285714285714,0.0,0.05214967822936281,0.024640975778570762,0.6913135322485005,0.015074052354048989,0.00715943861448815,0.001975366599597076,0.005214967822936281,False,none,False,False
TFMN4.exp2.ACN3788.concX_largeLib_SpeI.5,concX_largeLib_SpeI,5,A81-B59,A81,B59,1,1,1,3,0.005714285714285714,0.0,0.05214967822936281,0.024640975778570762,0.6913135322485005,0.015074052354048989,0.00715943861448815,0.001975366599597076,0.005214967822936281,False,none,False,False
TFMN4.exp2.ACN3788.concX_largeLib_SpeI.5,concX_largeLib_SpeI,5,A81-B65,A81,B65,1,1,1,3,0.005714285714285714,0.0,0.05214967822936281,0.024640975778570762,0.6913135322485005,0.015074052354048989,0.00715943861448815,0.001975366599597076,0.005214967822936281,False,none,False,False
TFMN4.exp2.ACN3788.concX_largeLib_SpeI.5,concX_largeLib_SpeI,5,A90-B61,A90,B61,1,1,1,3,0.005714285714285714,0.0,0.05214967822936281,0.024640975778570762,0.6913135322485005,0.015074052354048989,0.00715943861448815,0.001975366599597076,0.005214967822936281,False,none,False,False
TFMN4.exp2.ACN3788.concX_largeLib_SpeI.5,concX_largeLib_SpeI,5,A96-B84,A96,B84,1,1,1,3,0.005714285714285714,0.0,0.05214967822936281,0.024640975778570762,0.6913135322485005,0.015074052354048989,0.00715943861448815,0.001975366599597076,0.005214967822936281,False,none,False,False
TFMN4.exp2.ACN3788.concX_largeLib_SpeI.5,concX_largeLib_SpeI,5,A185-B30,A185,B30,1,1,1,4,0.0,0.0,0.03098426244040963,0.14201818741835784,0.023246071283814285,0.009908468526758056,0.04137432991088504,0.001173646304560971,0.0030984262440409633,False,none,False,False
TFMN4.exp2.ACN3788.concX_largeLib_SpeI.5,concX_largeLib_SpeI,5,A196-B2,A196,B2,1,1,1,4,0.0,0.0,0.03098426244040963,0.14201818741835784,0.023246071283814285,0.009908468526758056,0.04137432991088504,0.001173646304560971,0.0030984262440409633,False,none,False,False
TFMN4.exp2.ACN3788.concX_largeLib_SpeI.5,concX_largeLib_SpeI,5,A196-B6,A196,B6,1,1,1,4,0.0,0.0,0.03098426244040963,0.14201818741835784,0.023246071283814285,0.009908468526758056,0.04137432991088504,0.001173646304560971,0.0030984262440409633,False,none,False,False
TFMN4.exp2.ACN3788.concX_largeLib_SpeI.5,concX_largeLib_SpeI,5,A196-B117,A196,B117,2,2,1,"3,4",0.005714285714285714,0.0,0.01741805549499838,0.08223705600889633,0.02193817729366576,0.005621535568110702,0.023792126187366782,0.0006597748293559993,0.0017418055494998381,True,fair,True,False
TFMN4.exp2.ACN3788.concX_largeLib_SpeI.5,concX_largeLib_SpeI,5,A78-B79,A78,B79,1,2,2,3,0.011428571428571429,0.0,-0.0019221729243535071,0.054290463079762104,0.000626376860872746,-0.0009384135149338196,0.01566996923282114,-7.280958046793588e-05,-0.0001922172924353507,False,none,False,False
TFMN4.exp2.ACN3788.concX_largeLib_SpeI.5,concX_largeLib_SpeI,5,A90-B150,A90,B150,1,2,2,3,0.011428571428571429,0.0,-0.0019221729243535071,0.054290463079762104,0.000626376860872746,-0.0009384135149338196,0.01566996923282114,-7.280958046793588e-05,-0.0001922172924353507,False,none,False,False
TFMN4.exp2.ACN3788.concX_largeLib_SpeI.5,concX_largeLib_SpeI,5,A83-B151,A83,B151,2,3,2,"3,4",0.011428571428571429,0.0,-0.01606781877801156,0.044096267572979735,0.06225375141718359,-0.0044989971899042245,0.012777556314296121,-0.0006086294991671045,-0.0016067818778011558,True,fair,True,False
TFMN4.exp2.ACN3788.concX_largeLib_SpeI.5,concX_largeLib_SpeI,5,A78-B2,A78,B2,1,3,3,3,0.017142857142857144,0.0,-0.04241879009916725,0.07834203425539932,0.1278467451025065,-0.012851648683010227,0.022424775316975187,-0.0016067723522411837,-0.004241879009916725,False,none,False,False
TFMN4.exp2.ACN3788.concX_largeLib_SpeI.5,concX_largeLib_SpeI,5,A81-B171,A81,B171,1,3,3,3,0.017142857142857144,0.0,-0.04241879009916725,0.07834203425539932,0.1278467451025065,-0.012851648683010227,0.022424775316975187,-0.0016067723522411837,-0.004241879009916725,False,none,False,False
TFMN4.exp2.ACN3788.concX_largeLib_SpeI.5,concX_largeLib_SpeI,5,A186-B75,A186,B75,1,4,4,3,0.022857142857142857,0.0,-0.07428022030155326,0.09669362033008844,0.22783921278422903,-0.022195866450989258,0.027558656865073205,-0.0028136447083921693,-0.007428022030155326,False,none,False,False
TFMN4.exp2.ACN3788.concX_largeLib_SpeI.5,concX_largeLib_SpeI,5,A153-B77,A153,B77,2,5,4,"3,4",0.022857142857142857,0.0,-0.07587265028244962,0.046686464393401975,0.5690697629252605,-0.022351189030591016,0.013059474561865096,-0.0028739640258503645,-0.007587265028244962,True,fair,True,False
TFMN4.exp2.ACN3788.concX_largeLib_SpeI.5,concX_largeLib_SpeI,5,A78-B77,A78,B77,2,8,4,"3,4",0.022857142857142857,0.0,-0.08576232051677793,0.16338099283274465,0.12108904822752453,-0.02330623750217591,0.04748069301031272,-0.003248572746847649,-0.008576232051677794,True,fair,True,False
TFMN4.exp2.ACN3788.concX_largeLib_SpeI.5,concX_largeLib_SpeI,5,A78-B59,A78,B59,3,9,6,"3,4,6",0.03428571428571429,0.0,-0.09023133497343236,0.02009218013226838,0.9097794483519439,-0.025601430633280534,0.006206562228019781,-0.0034178535974784987,-0.009023133497343235,True,good,True,False
TFMN4.exp2.ACN3788.concX_largeLib_SpeI.5,concX_largeLib_SpeI,5,A90-B120,A90,B120,2,10,5,"3,4",0.02857142857142857,0.0,-0.10037933193295163,0.18293527320216565,0.1308459953186013,-0.027141469653307677,0.05314286721786773,-0.0038022474217027135,-0.010037933193295163,True,fair,True,False
TFMN4.exp2.ACN3788.concX_largeLib_SpeI.5,concX_largeLib_SpeI,5,A90-B99,A90,B99,1,5,5,3,0.02857142857142857,0.0,-0.10037933193295163,0.11141163891580932,0.28870165737927134,-0.029837247202354405,0.031669118647690224,-0.0038022474217027135,-0.010037933193295163,False,none,False,False
TFMN4.exp2.ACN3788.concX_largeLib_SpeI.5,concX_largeLib_SpeI,5,A78-B75,A78,B75,3,13,9,"3,4,6",0.05142857142857143,0.0,-0.10218462756977373,0.07620987311876368,0.4733835034566706,-0.028733975970182502,0.021853186250032144,-0.003870629832188399,-0.010218462756977372,False,fair,True,False
TFMN4.exp2.ACN3788.concX_largeLib_SpeI.5,concX_largeLib_SpeI,5,A81-B145,A81,B145,2,15,9,"3,4",0.05142857142857143,0.0,-0.14605001704891735,0.1538769471466387,0.3105486924068752,-0.04054844927135706,0.04471784379893465,-0.005532197615489294,-0.014605001704891735,True,fair,True,False
TFMN4.exp2.ACN3788.concX_largeLib_SpeI.5,concX_largeLib_SpeI,5,A81-B30,A81,B30,2,11,10,"3,4",0.05714285714285714,0.0,-0.1883114322000307,0.12979973437562456,0.5127626263239049,-0.05561088833684128,0.036197147156170166,-0.007133008795455708,-0.01883114322000307,True,fair,True,False
TFMN4.exp2.ACN3788.concX_largeLib_SpeI.5,concX_largeLib_SpeI,5,A153-B30,A153,B30,3,22,18,"3,4,6",0.10285714285714286,0.0,-0.22146671924349778,0.12290392776753896,0.6188315081042043,-0.0636571530598754,0.033928276122256525,-0.008388890880435523,-0.022146671924349777,False,good,True,False
TFMN4.exp2.ACN3788.concX_largeLib_SpeI.5,concX_largeLib_SpeI,5,A78-B30,A78,B30,3,64,45,"3,4,6",0.2571428571428571,0.0,-0.3267042456709066,0.10204654625069672,0.836731255755458,-0.09064797443315951,0.029343316688910458,-0.012375160820867676,-0.03267042456709066,True,good,True,False
TFMN4.exp2.ACN3788.concX_largeLib_SpeI_cleanup.1,concX_largeLib_SpeI_cleanup,1,A78-B79,A78,B79,4,119,110,"3,4,6,13",0.02564102564102564,0.5945945945945946,0.4838173846865996,0.04938056907264105,0.9795908941946401,0.14171415749907576,0.015531610791596491,0.018326416086613624,0.048381738468659966,False,high,True,True
TFMN4.exp2.ACN3788.concX_largeLib_SpeI_cleanup.1,concX_largeLib_SpeI_cleanup,1,A78-B30,A78,B30,4,117,49,"3,4,6,13",0.03418803418803419,0.2594594594594595,0.17526046763616648,0.09712223405607658,0.6195075767615836,0.05242774675019826,0.02812013354541626,0.006638654077127519,0.01752604676361665,True,good,True,False
TFMN4.exp2.ACN3788.concX_largeLib_SpeI_cleanup.1,concX_largeLib_SpeI_cleanup,1,A153-B127,A153,B127,1,1,1,6,0.0,0.0,0.07504190462161853,0.13297401029496372,0.13736367725720322,0.023113396103145164,0.03846236533606528,0.0028424963871825203,0.007504190462161853,False,none,False,False
TFMN4.exp2.ACN3788.concX_largeLib_SpeI_cleanup.1,concX_largeLib_SpeI_cleanup,1,A90-B123,A90,B123,1,1,1,6,0.0,0.0,0.07504190462161853,0.13297401029496372,0.13736367725720322,0.023113396103145164,0.03846236533606528,0.0028424963871825203,0.007504190462161853,False,none,False,False
TFMN4.exp2.ACN3788.concX_largeLib_SpeI_cleanup.1,concX_largeLib_SpeI_cleanup,1,A186-B126,A186,B126,1,2,2,6,0.0,0.0,0.05991198735270215,0.20938784590560366,0.039325197961060154,0.019786346131845142,0.060805326241579874,0.002269393460329627,0.005991198735270215,False,none,False,False
TFMN4.exp2.ACN3788.concX_largeLib_SpeI_cleanup.1,concX_largeLib_SpeI_cleanup,1,A81-B47,A81,B47,2,6,4,"4,6",0.0,0.0,0.043406107687256064,0.23503713518571198,0.016766992535928504,0.015708010482942184,0.06804914536515329,0.0016441707457293963,0.0043406107687256066,True,fair,True,False
TFMN4.exp2.ACN3788.concX_largeLib_SpeI_cleanup.1,concX_largeLib_SpeI_cleanup,1,A90-B70,A90,B70,2,2,1,"4,6",0.0,0.0,0.035894392314411994,0.091293510338595,0.071747922691344,0.011494712091893095,0.026423017529263224,0.001359636072515606,0.0035894392314411994,True,fair,True,False
TFMN4.exp2.ACN3788.concX_largeLib_SpeI_cleanup.1,concX_largeLib_SpeI_cleanup,1,A78-B117,A78,B117,4,120,53,"3,4,6,13",0.08547008547008547,0.06486486486486487,0.028632610245431785,0.13642805560312604,0.021548828559359356,0.00992946348591201,0.039637463412228464,0.0010845685699027191,0.0028632610245431784,False,fair,True,False
TFMN4.exp2.ACN3788.concX_largeLib_SpeI_cleanup.1,concX_largeLib_SpeI_cleanup,1,A153-B26,A153,B26,1,1,1,4,0.0,0.0,0.02677257163194951,0.06373139694403954,0.08108124734382094,0.007946586255344489,0.018583914753647544,0.0010141125618162692,0.0026772571631949508,False,none,False,False
TFMN4.exp2.ACN3788.concX_largeLib_SpeI_cleanup.1,concX_largeLib_SpeI_cleanup,1,A20-B75,A20,B75,1,1,1,4,0.0,0.0,0.02677257163194951,0.06373139694403954,0.08108124734382094,0.007946586255344489,0.018583914753647544,0.0010141125618162692,0.0026772571631949508,False,none,False,False
TFMN4.exp2.ACN3788.concX_largeLib_SpeI_cleanup.1,concX_largeLib_SpeI_cleanup,1,A81-B103,A81,B103,1,1,1,4,0.0,0.0,0.02677257163194951,0.06373139694403954,0.08108124734382094,0.007946586255344489,0.018583914753647544,0.0010141125618162692,0.0026772571631949508,False,none,False,False
TFMN4.exp2.ACN3788.concX_largeLib_SpeI_cleanup.1,concX_largeLib_SpeI_cleanup,1,A176-B120,A176,B120,4,24,10,"3,4,6,13",0.05128205128205128,0.010810810810810811,0.016596333127691133,0.10637936634838965,0.012023368713084404,0.0057241704407185075,0.030693122669774454,0.0006286489821095126,0.0016596333127691133,False,fair,True,False
TFMN4.exp2.ACN3788.concX_largeLib_SpeI_cleanup.1,concX_largeLib_SpeI_cleanup,1,A83-B101,A83,B101,4,14,5,"3,4,6,13",0.02564102564102564,0.005405405405405406,0.004220166636221456,0.07108558072447747,0.0017591444921783994,0.002038633317115302,0.020566593852881055,0.0001598547968265703,0.00042201666362214556,False,fair,True,False
TFMN4.exp2.ACN3788.concX_largeLib_SpeI_cleanup.1,concX_largeLib_SpeI_cleanup,1,A153-B77,A153,B77,4,84,41,"3,4,6,13",0.02564102564102564,0.032432432432432434,0.004162674173559435,0.18096491328382414,0.00026449118419469286,0.0032342672720939345,0.052788891170782316,0.0001576770520287665,0.0004162674173559435,False,fair,True,False
TFMN4.exp2.ACN3788.concX_largeLib_SpeI_cleanup.1,concX_largeLib_SpeI_cleanup,1,A81-B26,A81,B26,4,27,9,"3,4,6,13",0.07692307692307693,0.016216216216216217,-0.013633792776921725,0.031837994361852556,0.08398727412610718,-0.004221910241655293,0.009167965846138795,-0.0005164315445803685,-0.0013633792776921725,True,fair,True,False
TFMN4.exp2.ACN3788.concX_largeLib_SpeI_cleanup.1,concX_largeLib_SpeI_cleanup,1,A160-B27,A160,B27,1,1,1,3,0.008547008547008548,0.0,-0.01722398716080713,0.10918508689403271,0.012289673264512468,-0.00590433705774871,0.031531727287321426,-0.0006524237560911792,-0.0017223987160807132,False,none,False,False
TFMN4.exp2.ACN3788.concX_largeLib_SpeI_cleanup.1,concX_largeLib_SpeI_cleanup,1,A186-B78,A186,B78,1,1,1,3,0.008547008547008548,0.0,-0.01722398716080713,0.10918508689403271,0.012289673264512468,-0.00590433705774871,0.031531727287321426,-0.0006524237560911792,-0.0017223987160807132,False,none,False,False
TFMN4.exp2.ACN3788.concX_largeLib_SpeI_cleanup.1,concX_largeLib_SpeI_cleanup,1,A20-B144,A20,B144,1,1,1,3,0.008547008547008548,0.0,-0.01722398716080713,0.10918508689403271,0.012289673264512468,-0.00590433705774871,0.031531727287321426,-0.0006524237560911792,-0.0017223987160807132,False,none,False,False
TFMN4.exp2.ACN3788.concX_largeLib_SpeI_cleanup.1,concX_largeLib_SpeI_cleanup,1,A65-B161,A65,B161,1,1,1,3,0.008547008547008548,0.0,-0.01722398716080713,0.10918508689403271,0.012289673264512468,-0.00590433705774871,0.031531727287321426,-0.0006524237560911792,-0.0017223987160807132,False,none,False,False
TFMN4.exp2.ACN3788.concX_largeLib_SpeI_cleanup.1,concX_largeLib_SpeI_cleanup,1,A78-B158,A78,B158,1,1,1,3,0.008547008547008548,0.0,-0.01722398716080713,0.10918508689403271,0.012289673264512468,-0.00590433705774871,0.031531727287321426,-0.0006524237560911792,-0.0017223987160807132,False,none,False,False
TFMN4.exp2.ACN3788.concX_largeLib_SpeI_cleanup.1,concX_largeLib_SpeI_cleanup,1,A91-B101,A91,B101,1,1,1,3,0.008547008547008548,0.0,-0.01722398716080713,0.10918508689403271,0.012289673264512468,-0.00590433705774871,0.031531727287321426,-0.0006524237560911792,-0.0017223987160807132,False,none,False,False
TFMN4.exp2.ACN3788.concX_largeLib_SpeI_cleanup.1,concX_largeLib_SpeI_cleanup,1,A159-B128,A159,B128,1,2,2,4,0.0,0.0,-0.02572022290390223,0.11594711306985231,0.02401284852757457,-0.007222102123881257,0.03391408160818474,-0.0009742508675720542,-0.002572022290390223,False,none,False,False
TFMN4.exp2.ACN3788.concX_largeLib_SpeI_cleanup.1,concX_largeLib_SpeI_cleanup,1,A78-B18,A78,B18,2,2,1,"3,4",0.008547008547008548,0.0,-0.03298258406128082,0.06172269605563324,0.12493645430902578,-0.01018899805147507,0.017732713020591727,-0.0012493403053515464,-0.003298258406128082,True,fair,True,False
TFMN4.exp2.ACN3788.concX_largeLib_SpeI_cleanup.1,concX_largeLib_SpeI_cleanup,1,A90-B136,A90,B136,2,2,1,"3,4",0.008547008547008548,0.0,-0.03298258406128082,0.06172269605563324,0.12493645430902578,-0.01018899805147507,0.017732713020591727,-0.0012493403053515464,-0.003298258406128082,True,fair,True,False
TFMN4.exp2.ACN3788.concX_largeLib_SpeI_cleanup.1,concX_largeLib_SpeI_cleanup,1,A143-B117,A143,B117,3,4,2,"3,4,6",0.008547008547008548,0.0,-0.03669317389712118,0.028038665822797737,0.4612939315131619,-0.010251783117388164,0.008351636807753719,-0.0013898929506485295,-0.0036693173897121177,True,fair,True,False
TFMN4.exp2.ACN3788.concX_largeLib_SpeI_cleanup.1,concX_largeLib_SpeI_cleanup,1,A16-B154,A16,B154,3,9,4,"3,4,6",0.017094017094017096,0.0,-0.04707660131869959,0.09217659236843509,0.11537180490408416,-0.0121329620011141,0.026794742599900057,-0.0017832045954052876,-0.004707660131869959,True,fair,True,False
TFMN4.exp2.ACN3788.concX_largeLib_SpeI_cleanup.1,concX_largeLib_SpeI_cleanup,1,A78-B122,A78,B122,4,22,15,"3,4,6,13",0.03418803418803419,0.010810810810810811,-0.052379729246653205,0.1268882310955981,0.07851324274626015,-0.014945950221582878,0.037077185894438126,-0.0019840806532823185,-0.0052379729246653205,False,fair,True,False
TFMN4.exp2.ACN3788.concX_largeLib_SpeI_cleanup.1,concX_largeLib_SpeI_cleanup,1,A186-B79,A186,B79,2,8,5,"4,6",0.0,0.0,-0.06479832792920195,0.17189322138589277,0.06633905697450482,-0.01708371629496166,0.05024426761758527,-0.0024544821185303774,-0.006479832792920195,True,fair,True,False
TFMN4.exp2.ACN3788.concX_largeLib_SpeI_cleanup.1,concX_largeLib_SpeI_cleanup,1,A143-B151,A143,B151,1,3,3,4,0.0,0.0,-0.06527981550577,0.15156510300070336,0.08488037186502972,-0.018672735239306276,0.04439411209238811,-0.00247272028430947,-0.006527981550577,False,none,False,False
TFMN4.exp2.ACN3788.concX_largeLib_SpeI_cleanup.1,concX_largeLib_SpeI_cleanup,1,A63-B171,A63,B171,2,4,3,"3,4",0.008547008547008548,0.0,-0.07783627507603208,0.10520431671869727,0.2148827262198577,-0.02247911371700763,0.030626994804830665,-0.002948343752880003,-0.007783627507603208,True,fair,True,False
TFMN4.exp2.ACN3788.concX_largeLib_SpeI_cleanup.1,concX_largeLib_SpeI_cleanup,1,A81-B140,A81,B140,3,8,4,"3,4,6",0.017094017094017096,0.0,-0.07878932187546567,0.05309929151921442,0.5240016897929729,-0.021865479025105855,0.01585177288833593,-0.002984444010434306,-0.007878932187546567,True,fair,True,False
TFMN4.exp2.ACN3788.concX_largeLib_SpeI_cleanup.1,concX_largeLib_SpeI_cleanup,1,A152-B102,A152,B102,1,2,2,3,0.017094017094017096,0.0,-0.08655583928531123,0.14865079959559568,0.1449504396074931,-0.02628622316388097,0.042543733285822505,-0.0032786302759587587,-0.008655583928531123,False,none,False,False
TFMN4.exp2.ACN3788.concX_largeLib_SpeI_cleanup.1,concX_largeLib_SpeI_cleanup,1,A81-B177,A81,B177,2,11,7,"4,6",0.0,0.0,-0.08845698874710844,0.19187442185122627,0.0960594322370546,-0.023745776481047802,0.056034839610370334,-0.0033506435131480474,-0.008845698874710844,True,fair,True,False
TFMN4.exp2.ACN3788.concX_largeLib_SpeI_cleanup.1,concX_largeLib_SpeI_cleanup,1,A83-B50,A83,B50,3,7,3,"3,4,6",0.02564102564102564,0.0,-0.08851594757398866,0.08559242503436006,0.3484236888764699,-0.02547466749014214,0.024458760187346922,-0.0033528768020450253,-0.008851594757398867,False,fair,True,False
TFMN4.exp2.ACN3788.concX_largeLib_SpeI_cleanup.1,concX_largeLib_SpeI_cleanup,1,A186-B2,A186,B2,2,6,5,"3,4",0.008547008547008548,0.0,-0.1136591206783661,0.1651227979111124,0.19152700882352625,-0.032333962780832,0.04827755436714282,-0.004305269722665383,-0.01136591206783661,True,fair,True,False
TFMN4.exp2.ACN3788.concX_largeLib_SpeI_cleanup.1,concX_largeLib_SpeI_cleanup,1,A20-B157,A20,B157,1,3,3,3,0.02564102564102564,0.0,-0.13488502333008687,0.1741236002788235,0.23079413878671684,-0.04042544323693167,0.04961946420001377,-0.005109281186745715,-0.013488502333008686,False,none,False,False
TFMN4.exp2.ACN3788.concX_largeLib_SpeI_cleanup.1,concX_largeLib_SpeI_cleanup,1,A176-B27,A176,B27,2,8,5,"3,4",0.02564102564102564,0.0,-0.15272036783365675,0.11554112599403338,0.4662556036954352,-0.04428118983820139,0.033299211926307484,-0.005784862417941544,-0.015272036783365675,True,fair,True,False
TFMN4.exp2.ACN3788.concX_largeLib_SpeI_cleanup.1,concX_largeLib_SpeI_cleanup,1,A83-B40,A83,B40,4,59,27,"3,4,6,13",0.17094017094017094,0.005405405405405406,-0.1765353898629561,0.02430249677002467,0.963481607641447,-0.04970156068891039,0.008380085819110088,-0.006686946585718035,-0.01765353898629561,True,high,True,False
TFMN4.exp2.ACN3788.concX_largeLib_SpeI_cleanup.1,concX_largeLib_SpeI_cleanup,1,A20-B165,A20,B165,2,7,5,"3,4",0.042735042735042736,0.0,-0.20081799929936817,0.16561237023087935,0.4236886912865093,-0.059922927158064916,0.046390944707877316,-0.00760674239770334,-0.020081799929936816,True,fair,True,False
TFMN4.exp2.ACN3788.concX_largeLib_SpeI_cleanup.1,concX_largeLib_SpeI_cleanup,1,A81-B123,A81,B123,2,23,13,"3,4",0.08547008547008547,0.0,-0.2689970769279494,0.15660495394095922,0.5959940337697207,-0.0768782206410137,0.044728527858853534,-0.010189283216967781,-0.026899707692794938,True,fair,True,False
TFMN4.exp2.ACN3788.concX_largeLib_SpeI_cleanup.1,concX_largeLib_SpeI_cleanup,1,A81-B51,A81,B51,3,37,20,"3,4,6",0.11965811965811966,0.0,-0.30662997017739674,0.11089061238813659,0.7926621923975619,-0.08580331899739511,0.03205548461128345,-0.011614771597628665,-0.030662997017739675,True,good,True,False
TFMN4.exp2.ACN3788.concX_largeLib_SpeI_cleanup.3,concX_largeLib_SpeI_cleanup,3,A97-B6,A97,B6,1,1,1,13,0.0,0.006535947712418301,0.24407214844828673,0.003445061604487236,0.999601696138691,0.0713594930691813,0.0015836750850077642,0.00924515713819268,0.024407214844828672,False,none,False,False
TFMN4.exp2.ACN3788.concX_largeLib_SpeI_cleanup.3,concX_largeLib_SpeI_cleanup,3,A81-B6,A81,B6,4,371,146,"3,4,6,13",0.2077922077922078,0.954248366013072,0.1988286961849876,0.07244377474550075,0.7901978810369807,0.05902135686184746,0.020536004054943994,0.0075313900070071065,0.01988286961849876,True,good,True,True
TFMN4.exp2.ACN3788.concX_largeLib_SpeI_cleanup.3,concX_largeLib_SpeI_cleanup,3,A176-B30,A176,B30,3,34,15,"3,4,6",0.05194805194805195,0.0,0.153120441720884,0.23484509911093462,0.175295814477484,0.04649697910737907,0.06453872588134285,0.005800016731851667,0.0153120441720884,True,fair,True,False
TFMN4.exp2.ACN3788.concX_largeLib_SpeI_cleanup.3,concX_largeLib_SpeI_cleanup,3,A90-B123,A90,B123,3,5,3,"3,4,13",0.006493506493506494,0.006535947712418301,0.0701987161320752,0.09961888971420112,0.1988988617419022,0.020727294844507086,0.029005697087132538,0.002659042277730122,0.007019871613207521,False,fair,True,False
TFMN4.exp2.ACN3788.concX_largeLib_SpeI_cleanup.3,concX_largeLib_SpeI_cleanup,3,A78-B117,A78,B117,4,8,3,"3,4,6,13",0.012987012987012988,0.006535947712418301,0.06015300107510498,0.04965403103526542,0.4232310112687998,0.017974830788526686,0.014146094808900778,0.002278522767996401,0.006015300107510498,False,fair,True,False
TFMN4.exp2.ACN3788.concX_largeLib_SpeI_cleanup.3,concX_largeLib_SpeI_cleanup,3,A90-B102,A90,B102,1,1,1,4,0.0,0.0,0.04644627692226346,0.10340369571188963,0.09163475174833202,0.01400186328025513,0.030096165592319094,0.0017593286712978586,0.004644627692226346,False,none,False,False
TFMN4.exp2.ACN3788.concX_largeLib_SpeI_cleanup.3,concX_largeLib_SpeI_cleanup,3,A81-B140,A81,B140,1,1,1,3,0.006493506493506494,0.0,0.03510780538786917,0.06466277542147521,0.12845693047352635,0.009624609048607015,0.018863009409367436,0.0013298411131768626,0.0035107805387869172,False,none,False,False
TFMN4.exp2.ACN3788.concX_largeLib_SpeI_cleanup.3,concX_largeLib_SpeI_cleanup,3,A81-B38,A81,B38,1,1,1,3,0.006493506493506494,0.0,0.03510780538786917,0.06466277542147521,0.12845693047352635,0.009624609048607015,0.018863009409367436,0.0013298411131768626,0.0035107805387869172,False,none,False,False
TFMN4.exp2.ACN3788.concX_largeLib_SpeI_cleanup.3,concX_largeLib_SpeI_cleanup,3,A153-B30,A153,B30,4,94,34,"3,4,6,13",0.22077922077922077,0.013071895424836602,0.007378208619735665,0.1428270337939864,0.0013325144965166125,0.00406054575091754,0.0402653081101734,0.00027947759923241156,0.0007378208619735666,False,fair,True,False
TFMN4.exp2.ACN3788.concX_largeLib_SpeI_cleanup.3,concX_largeLib_SpeI_cleanup,3,A143-B84,A143,B84,2,3,2,"3,6",0.012987012987012988,0.0,-0.002736907792497119,0.1020155727780229,0.0003597502681059739,-0.0007447024461565453,0.02934395321856642,-0.00010367074971579997,-0.0002736907792497119,True,fair,True,False
TFMN4.exp2.ACN3788.concX_largeLib_SpeI_cleanup.3,concX_largeLib_SpeI_cleanup,3,A83-B50,A83,B50,3,6,3,"3,4,6",0.01948051948051948,0.0,-0.014713166496989514,0.09864702848452606,0.011000448264872675,-0.0036213917516314093,0.028280504899055387,-0.0005573169127647544,-0.0014713166496989514,False,fair,True,False
TFMN4.exp2.ACN3788.concX_largeLib_SpeI_cleanup.3,concX_largeLib_SpeI_cleanup,3,A90-B3,A90,B3,1,2,2,3,0.012987012987012988,0.0,-0.02723292295558637,0.10362330019280294,0.033380975085669395,-0.008767247670801916,0.029800794616338284,-0.0010315501119540292,-0.002723292295558637,False,none,False,False
TFMN4.exp2.ACN3788.concX_largeLib_SpeI_cleanup.3,concX_largeLib_SpeI_cleanup,3,A90-B59,A90,B59,2,3,2,"3,4",0.012987012987012988,0.0,-0.03568986384838287,0.05954948961948778,0.15225421919973003,-0.010899514441043118,0.017040365632891033,-0.001351888782135715,-0.0035689863848382872,True,fair,True,False
TFMN4.exp2.ACN3788.concX_largeLib_SpeI_cleanup.3,concX_largeLib_SpeI_cleanup,3,A90-B75,A90,B75,4,140,53,"3,4,6,13",0.3116883116883117,0.013071895424836602,-0.039206430679694884,0.13109439276795648,0.04280710432172452,-0.008746267607394949,0.03718133625623008,-0.0014850920712005638,-0.003920643067969488,True,fair,True,False
TFMN4.exp2.ACN3788.concX_largeLib_SpeI_cleanup.3,concX_largeLib_SpeI_cleanup,3,A81-B41,A81,B41,2,5,3,"3,4",0.012987012987012988,0.0,-0.06344497644118587,0.11959916430168079,0.1233488243991272,-0.017918771020028902,0.03475189497801605,-0.002403218804590374,-0.006344497644118587,True,fair,True,False
TFMN4.exp2.ACN3788.concX_largeLib_SpeI_cleanup.3,concX_largeLib_SpeI_cleanup,3,A81-B30,A81,B30,3,7,4,"3,4,6",0.025974025974025976,0.0,-0.08904149605882294,0.030321025148647023,0.8117429018802371,-0.025908422287374003,0.008135800355243937,-0.0033727839416220814,-0.008904149605882294,True,good,True,False
TFMN4.exp2.ACN3788.concX_largeLib_SpeI_cleanup.3,concX_largeLib_SpeI_cleanup,3,A90-B47,A90,B47,3,11,5,"3,4,6",0.032467532467532464,0.0,-0.127194594733485,0.08185299663961053,0.5469709153786941,-0.03603134353008938,0.023778770846921506,-0.004817977073238068,-0.012719459473348498,True,fair,True,False
TFMN4.exp2.ACN3788.concX_largeLib_SpeI_cleanup.3,concX_largeLib_SpeI_cleanup,3,A186-B165,A186,B165,2,9,7,"3,4",0.045454545454545456,0.0,-0.17791581083315788,0.1349134671840912,0.465108446075174,-0.05284008561869001,0.03765378140147069,-0.006739235258831739,-0.01779158108331579,True,fair,True,False
TFMN4.exp2.ACN3788.concX_smallLib_PCR_DpnI_cleanup.3,concX_smallLib_PCR_DpnI_cleanup,3,A81-B51,A81,B51,4,109,71,"3,4,6,13",0.15841584158415842,0.3776595744680851,0.20326758463728692,0.048457921650412204,0.8979368212948422,0.05908571544703604,0.014690765963432812,0.007699529721109354,0.02032675846372869,False,high,True,True
TFMN4.exp2.ACN3788.concX_smallLib_PCR_DpnI_cleanup.3,concX_smallLib_PCR_DpnI_cleanup,3,A83-B104,A83,B104,1,1,1,13,0.0,0.005319148936170213,0.15198805352649147,0.02609981670139507,0.9443071694711107,0.044300943322707814,0.008054264109236637,0.005757123239639829,0.015198805352649147,False,none,False,False
TFMN4.exp2.ACN3788.concX_smallLib_PCR_DpnI_cleanup.3,concX_smallLib_PCR_DpnI_cleanup,3,A90-B150,A90,B150,1,1,1,13,0.0,0.005319148936170213,0.15198805352649147,0.02609981670139507,0.9443071694711107,0.044300943322707814,0.008054264109236637,0.005757123239639829,0.015198805352649147,False,none,False,False
TFMN4.exp2.ACN3788.concX_smallLib_PCR_DpnI_cleanup.3,concX_smallLib_PCR_DpnI_cleanup,3,A96-B3,A96,B3,1,1,1,13,0.0,0.005319148936170213,0.15198805352649147,0.02609981670139507,0.9443071694711107,0.044300943322707814,0.008054264109236637,0.005757123239639829,0.015198805352649147,False,none,False,False
TFMN4.exp2.ACN3788.concX_smallLib_PCR_DpnI_cleanup.3,concX_smallLib_PCR_DpnI_cleanup,3,A185-B26,A185,B26,4,14,8,"3,4,6,13",0.0297029702970297,0.0425531914893617,0.14594378706015237,0.05515093063547987,0.7778444288625694,0.04222394875460739,0.01651883735413245,0.005528173752278499,0.014594378706015237,False,good,True,False
TFMN4.exp2.ACN3788.concX_smallLib_PCR_DpnI_cleanup.3,concX_smallLib_PCR_DpnI_cleanup,3,A153-B77,A153,B77,4,48,21,"3,4,6,13",0.039603960396039604,0.11170212765957446,0.12108882547125205,0.0930171741087591,0.4586777841792584,0.03624447269025582,0.02700548222691872,0.004586697934517123,0.012108882547125204,False,fair,True,False
TFMN4.exp2.ACN3788.concX_smallLib_PCR_DpnI_cleanup.3,concX_smallLib_PCR_DpnI_cleanup,3,A196-B168,A196,B168,4,141,51,"3,4,6,13",0.09900990099009901,0.2127659574468085,0.05324876988914361,0.05726318358299349,0.30184793629983264,0.015999722828850274,0.016645592466759174,0.002016998859437258,0.005324876988914361,False,fair,True,False
TFMN4.exp2.ACN3788.concX_smallLib_PCR_DpnI_cleanup.3,concX_smallLib_PCR_DpnI_cleanup,3,A78-B3,A78,B3,4,56,17,"3,4,6,13",0.16831683168316833,0.0851063829787234,0.02854822112340324,0.05102629444449446,0.13532901820486598,0.007941065127063987,0.014967141457688538,0.0010813720122501227,0.002854822112340324,False,fair,True,False
TFMN4.exp2.ACN3788.concX_smallLib_PCR_DpnI_cleanup.3,concX_smallLib_PCR_DpnI_cleanup,3,A20-B95,A20,B95,2,4,3,"6,13",0.0,0.005319148936170213,0.026853448461833285,0.1664592327715041,0.012845163435664886,0.009305846361850341,0.04891774376345309,0.0010171760780997457,0.0026853448461833284,True,fair,True,False
TFMN4.exp2.ACN3788.concX_smallLib_PCR_DpnI_cleanup.3,concX_smallLib_PCR_DpnI_cleanup,3,A96-B26,A96,B26,3,4,2,"3,4,13",0.009900990099009901,0.005319148936170213,0.009559508126693414,0.055554173318376567,0.014588986780791902,0.002600632341957205,0.016222712493080865,0.00036210258055656874,0.0009559508126693414,True,fair,True,False
TFMN4.exp2.ACN3788.concX_smallLib_PCR_DpnI_cleanup.3,concX_smallLib_PCR_DpnI_cleanup,3,A63-B40,A63,B40,4,5,2,"3,4,6,13",0.009900990099009901,0.005319148936170213,0.008657640741838137,0.008158610312090192,0.36021977857844534,0.0025555527262522736,0.0023646269194005933,0.00032794093719083853,0.0008657640741838137,True,fair,True,False
TFMN4.exp2.ACN3788.concX_smallLib_PCR_DpnI_cleanup.3,concX_smallLib_PCR_DpnI_cleanup,3,A153-B137,A153,B137,4,33,17,"3,4,6,13",0.06930693069306931,0.005319148936170213,-0.009199776211550673,0.21904882413671875,0.0008811702416440248,0.00016291425066524635,0.06266439693533445,-0.00034847637164964673,-0.0009199776211550673,False,fair,True,False
TFMN4.exp2.ACN3788.concX_smallLib_PCR_DpnI_cleanup.3,concX_smallLib_PCR_DpnI_cleanup,3,A176-B177,A176,B177,1,1,1,4,0.0,0.0,-0.035380577068727055,0.06219018277920751,0.1392880876542677,-0.010151150276027464,0.018211960283086515,-0.0013401733738154188,-0.0035380577068727056,False,none,False,False
TFMN4.exp2.ACN3788.concX_smallLib_PCR_DpnI_cleanup.3,concX_smallLib_PCR_DpnI_cleanup,3,A78-B47,A78,B47,1,1,1,4,0.0,0.0,-0.035380577068727055,0.06219018277920751,0.1392880876542677,-0.010151150276027464,0.018211960283086515,-0.0013401733738154188,-0.0035380577068727056,False,none,False,False
TFMN4.exp2.ACN3788.concX_smallLib_PCR_DpnI_cleanup.3,concX_smallLib_PCR_DpnI_cleanup,3,A83-B151,A83,B151,4,147,83,"3,4,6,13",0.24752475247524752,0.13297872340425532,-0.04453592561221421,0.08699902909657428,0.11584813004137906,-0.01288578691525705,0.025449690480511343,-0.0016869668792505383,-0.004453592561221421,False,fair,True,False
TFMN4.exp2.ACN3788.concX_smallLib_PCR_DpnI_cleanup.3,concX_smallLib_PCR_DpnI_cleanup,3,A96-B87,A96,B87,3,7,3,"3,4,6",0.019801980198019802,0.0,-0.07273508052080012,0.13462404233088662,0.1273637527640752,-0.019489768503137935,0.03897107961859727,-0.002755116686393944,-0.007273508052080012,False,fair,True,False
TFMN4.exp2.ACN3788.concX_smallLib_PCR_DpnI_cleanup.3,concX_smallLib_PCR_DpnI_cleanup,3,A81-B165,A81,B165,1,1,1,3,0.009900990099009901,0.0,-0.07779720038000497,0.1054134633527075,0.21404436896289836,-0.023376927218437094,0.03019635536229877,-0.002946863650757764,-0.007779720038000497,False,none,False,False
TFMN4.exp2.ACN3788.concX_smallLib_PCR_DpnI_cleanup.3,concX_smallLib_PCR_DpnI_cleanup,3,A152-B154,A152,B154,3,19,7,"3,4,6",0.04950495049504951,0.0,-0.07917826235154489,0.15359441423870057,0.11728717592596027,-0.020344018769820782,0.04397899197916376,-0.002999176604225185,-0.007917826235154489,False,fair,True,False
TFMN4.exp2.ACN3788.concX_smallLib_PCR_DpnI_cleanup.3,concX_smallLib_PCR_DpnI_cleanup,3,A81-B101,A81,B101,3,12,7,"3,4,6",0.009900990099009901,0.0,-0.11574996293779813,0.17972133080085392,0.1717752792175522,-0.03087505756867982,0.05253619234634777,-0.004384468293098414,-0.011574996293779814,False,fair,True,False
TFMN4.exp2.ACN3788.concX_smallLib_PCR_DpnI_cleanup.3,concX_smallLib_PCR_DpnI_cleanup,3,A153-B55,A153,B55,1,3,3,4,0.0,0.0,-0.12713329533550238,0.15002837304967404,0.2641860271759573,-0.036707122006966235,0.044049780567460645,-0.004815655126344787,-0.012713329533550238,False,none,False,False
TFMN4.exp2.ACN3788.concX_smallLib_PCR_DpnI_cleanup.3,concX_smallLib_PCR_DpnI_cleanup,3,A162-B137,A162,B137,1,3,3,4,0.0,0.0,-0.12713329533550238,0.15002837304967404,0.2641860271759573,-0.036707122006966235,0.044049780567460645,-0.004815655126344787,-0.012713329533550238,False,none,False,False
TFMN4.exp2.ACN3788.concX_smallLib_PCR_DpnI_cleanup.3,concX_smallLib_PCR_DpnI_cleanup,3,A16-B161,A16,B161,1,2,2,3,0.019801980198019802,0.0,-0.14639896708281377,0.14452745599547734,0.3390758887682106,-0.043505648634110154,0.041105016159677675,-0.005545415419803553,-0.014639896708281377,False,none,False,False
TFMN4.exp2.ACN3788.concX_smallLib_PCR_DpnI_cleanup.3,concX_smallLib_PCR_DpnI_cleanup,3,A90-B2,A90,B2,1,2,2,3,0.019801980198019802,0.0,-0.14639896708281377,0.14452745599547734,0.3390758887682106,-0.043505648634110154,0.041105016159677675,-0.005545415419803553,-0.014639896708281377,False,none,False,False
TFMN4.exp2.ACN3788.concX_smallLib_PCR_DpnI_cleanup.3,concX_smallLib_PCR_DpnI_cleanup,3,A83-B70,A83,B70,1,4,4,4,0.0,0.0,-0.15824208936872422,0.17686824386946237,0.2858338014325459,-0.04572443616241532,0.05195739994414887,-0.005994018536694099,-0.015824208936872423,False,none,False,False
TFMN4.exp2.ACN3788.concX_smallLib_PCR_DpnI_cleanup.3,concX_smallLib_PCR_DpnI_cleanup,3,A81-B61,A81,B61,3,13,6,"3,4,6",0.039603960396039604,0.0,-0.1742328206298932,0.05338037117314541,0.8419423273083653,-0.048856448756240095,0.016604996382442515,-0.0065997280541626215,-0.01742328206298932,True,good,True,False
TFMN4.exp2.ACN3788.concY_largeLib_PCR_DpnI_cleanup.2,concY_largeLib_PCR_DpnI_cleanup,2,A83-B40,A83,B40,4,127,123,"3,4,6,13",0.007575757575757576,0.5857142857142857,0.5570387051180263,0.05863105588517108,0.9783231090165826,0.1630522416427002,0.01824856702776258,0.02109995095144039,0.05570387051180263,False,high,True,True
TFMN4.exp2.ACN3788.concY_largeLib_PCR_DpnI_cleanup.2,concY_largeLib_PCR_DpnI_cleanup,2,A81-B84,A81,B84,1,3,3,13,0.0,0.014285714285714285,0.30333329416389154,0.037258673677200635,0.9707090345718011,0.0885682631884201,0.011790855378541505,0.011489897506208014,0.030333329416389155,False,none,False,False
TFMN4.exp2.ACN3788.concY_largeLib_PCR_DpnI_cleanup.2,concY_largeLib_PCR_DpnI_cleanup,2,A81-B2,A81,B2,4,86,46,"3,4,6,13",0.022727272727272728,0.21904761904761905,0.23017820092885952,0.03789334644674692,0.9485834337477016,0.06804441757023999,0.01063904049357376,0.008718871247305285,0.02301782009288595,True,high,True,False
TFMN4.exp2.ACN3788.concY_largeLib_PCR_DpnI_cleanup.2,concY_largeLib_PCR_DpnI_cleanup,2,A90-B26,A90,B26,3,10,7,"3,6,13",0.015151515151515152,0.03333333333333333,0.22983874382577327,0.0733786127112277,0.8306644525548885,0.06655823141176777,0.022021244402802415,0.008706013023703532,0.022983874382577325,False,good,True,False
TFMN4.exp2.ACN3788.concY_largeLib_PCR_DpnI_cleanup.2,concY_largeLib_PCR_DpnI_cleanup,2,A90-B3,A90,B3,3,13,7,"4,6,13",0.0,0.03333333333333333,0.2162855110338872,0.04756092642931583,0.9118172650901668,0.06410756176266132,0.013443729749621524,0.008192632993707849,0.02162855110338872,True,good,True,False
TFMN4.exp2.ACN3788.concY_largeLib_PCR_DpnI_cleanup.2,concY_largeLib_PCR_DpnI_cleanup,2,A81-B130,A81,B130,1,1,1,13,0.0,0.004761904761904762,0.20601741686404534,0.03031815561793541,0.9584842711599423,0.06003439993793802,0.009573401655233132,0.007803690032728991,0.020601741686404534,False,none,False,False
TFMN4.exp2.ACN3788.concY_largeLib_PCR_DpnI_cleanup.2,concY_largeLib_PCR_DpnI_cleanup,2,A196-B119,A196,B119,3,22,13,"3,4,6",0.015151515151515152,0.0,0.08917816943599982,0.2635903792511116,0.05413252592247786,0.029553545929713626,0.07422524318025316,0.003377960963484842,0.008917816943599981,True,fair,True,False
TFMN4.exp2.ACN3788.concY_largeLib_PCR_DpnI_cleanup.2,concY_largeLib_PCR_DpnI_cleanup,2,A186-B62,A186,B62,1,1,1,6,0.0,0.0,0.06449745449950343,0.10397776343217563,0.16134563564424853,0.019833785841046156,0.030028168733705476,0.0024430853977084636,0.006449745449950343,False,none,False,False
TFMN4.exp2.ACN3788.concY_largeLib_PCR_DpnI_cleanup.2,concY_largeLib_PCR_DpnI_cleanup,2,A196-B40,A196,B40,1,1,1,6,0.0,0.0,0.06449745449950343,0.10397776343217563,0.16134563564424853,0.019833785841046156,0.030028168733705476,0.0024430853977084636,0.006449745449950343,False,none,False,False
TFMN4.exp2.ACN3788.concY_largeLib_PCR_DpnI_cleanup.2,concY_largeLib_PCR_DpnI_cleanup,2,A90-B59,A90,B59,1,1,1,6,0.0,0.0,0.06449745449950343,0.10397776343217563,0.16134563564424853,0.019833785841046156,0.030028168733705476,0.0024430853977084636,0.006449745449950343,False,none,False,False
TFMN4.exp2.ACN3788.concY_largeLib_PCR_DpnI_cleanup.2,concY_largeLib_PCR_DpnI_cleanup,2,A81-B145,A81,B145,3,17,10,"3,4,6",0.03787878787878788,0.0,0.028257369715744062,0.22831956182295643,0.00760035412926352,0.010264435531175658,0.064162691647302,0.001070354913475154,0.002825736971574406,False,fair,True,False
TFMN4.exp2.ACN3788.concY_largeLib_PCR_DpnI_cleanup.2,concY_largeLib_PCR_DpnI_cleanup,2,A196-B151,A196,B151,4,140,68,"3,4,6,13",0.14393939393939395,0.06666666666666667,0.024447411016495644,0.11817448461844705,0.020950432761113635,0.008614902048696589,0.03421293149712473,0.0009260382960793805,0.0024447411016495645,False,fair,True,False
TFMN4.exp2.ACN3788.concY_largeLib_PCR_DpnI_cleanup.2,concY_largeLib_PCR_DpnI_cleanup,2,A16-B117,A16,B117,2,2,1,"4,6",0.0,0.0,0.012672267550704644,0.08125260381637153,0.012015838418119928,0.004527853467789068,0.023633118318922116,0.00048001013449638805,0.0012672267550704645,True,fair,True,False
TFMN4.exp2.ACN3788.concY_largeLib_PCR_DpnI_cleanup.2,concY_largeLib_PCR_DpnI_cleanup,2,A153-B26,A153,B26,1,1,1,4,0.0,0.0,0.005284552922228315,0.09107256882940691,0.001680663688597872,0.0016490715496350575,0.026592222769584575,0.00020017245917531497,0.0005284552922228315,False,none,False,False
TFMN4.exp2.ACN3788.concY_largeLib_PCR_DpnI_cleanup.2,concY_largeLib_PCR_DpnI_cleanup,2,A176-B103,A176,B103,1,1,1,4,0.0,0.0,0.005284552922228315,0.09107256882940691,0.001680663688597872,0.0016490715496350575,0.026592222769584575,0.00020017245917531497,0.0005284552922228315,False,none,False,False
TFMN4.exp2.ACN3788.concY_largeLib_PCR_DpnI_cleanup.2,concY_largeLib_PCR_DpnI_cleanup,2,A176-B138,A176,B138,1,1,1,4,0.0,0.0,0.005284552922228315,0.09107256882940691,0.001680663688597872,0.0016490715496350575,0.026592222769584575,0.00020017245917531497,0.0005284552922228315,False,none,False,False
TFMN4.exp2.ACN3788.concY_largeLib_PCR_DpnI_cleanup.2,concY_largeLib_PCR_DpnI_cleanup,2,A186-B145,A186,B145,1,1,1,4,0.0,0.0,0.005284552922228315,0.09107256882940691,0.001680663688597872,0.0016490715496350575,0.026592222769584575,0.00020017245917531497,0.0005284552922228315,False,none,False,False
TFMN4.exp2.ACN3788.concY_largeLib_PCR_DpnI_cleanup.2,concY_largeLib_PCR_DpnI_cleanup,2,A90-B38,A90,B38,1,1,1,4,0.0,0.0,0.005284552922228315,0.09107256882940691,0.001680663688597872,0.0016490715496350575,0.026592222769584575,0.00020017245917531497,0.0005284552922228315,False,none,False,False
TFMN4.exp2.ACN3788.concY_largeLib_PCR_DpnI_cleanup.2,concY_largeLib_PCR_DpnI_cleanup,2,A196-B38,A196,B38,4,36,13,"3,4,6,13",0.06060606060606061,0.01904761904761905,-0.006492669907659896,0.03155935843658729,0.020723619012672723,-0.0015549453852326915,0.00919877374607191,-0.0002459344661992385,-0.0006492669907659897,False,fair,True,False
TFMN4.exp2.ACN3788.concY_largeLib_PCR_DpnI_cleanup.2,concY_largeLib_PCR_DpnI_cleanup,2,A186-B117,A186,B117,3,4,2,"3,4,6",0.007575757575757576,0.0,-0.010168381204603765,0.08381517542365886,0.007305399753877562,-0.0020194784525791676,0.02424583465822505,-0.0003851659547198396,-0.0010168381204603764,False,fair,True,False
TFMN4.exp2.ACN3788.concY_largeLib_PCR_DpnI_cleanup.2,concY_largeLib_PCR_DpnI_cleanup,2,A143-B137,A143,B137,3,13,6,"3,4,6",0.015151515151515152,0.0,-0.021231973994433377,0.1588407347363533,0.008854507036311743,-0.0035131703825771205,0.04554852498984369,-0.0008042414391830825,-0.0021231973994433376,True,fair,True,False
TFMN4.exp2.ACN3788.concY_largeLib_PCR_DpnI_cleanup.2,concY_largeLib_PCR_DpnI_cleanup,2,A186-B63,A186,B63,1,1,1,3,0.007575757575757576,0.0,-0.027297744926765465,0.1025500582197046,0.03421618972962304,-0.008849708745014525,0.029556093206925333,-0.001034005489650207,-0.0027297744926765466,False,none,False,False
TFMN4.exp2.ACN3788.concY_largeLib_PCR_DpnI_cleanup.2,concY_largeLib_PCR_DpnI_cleanup,2,A63-B103,A63,B103,1,1,1,3,0.007575757575757576,0.0,-0.027297744926765465,0.1025500582197046,0.03421618972962304,-0.008849708745014525,0.029556093206925333,-0.001034005489650207,-0.0027297744926765466,False,none,False,False
TFMN4.exp2.ACN3788.concY_largeLib_PCR_DpnI_cleanup.2,concY_largeLib_PCR_DpnI_cleanup,2,A63-B75,A63,B75,1,1,1,3,0.007575757575757576,0.0,-0.027297744926765465,0.1025500582197046,0.03421618972962304,-0.008849708745014525,0.029556093206925333,-0.001034005489650207,-0.0027297744926765466,False,none,False,False
TFMN4.exp2.ACN3788.concY_largeLib_PCR_DpnI_cleanup.2,concY_largeLib_PCR_DpnI_cleanup,2,A78-B130,A78,B130,1,1,1,3,0.007575757575757576,0.0,-0.027297744926765465,0.1025500582197046,0.03421618972962304,-0.008849708745014525,0.029556093206925333,-0.001034005489650207,-0.0027297744926765466,False,none,False,False
TFMN4.exp2.ACN3788.concY_largeLib_PCR_DpnI_cleanup.2,concY_largeLib_PCR_DpnI_cleanup,2,A90-B155,A90,B155,1,1,1,3,0.007575757575757576,0.0,-0.027297744926765465,0.1025500582197046,0.03421618972962304,-0.008849708745014525,0.029556093206925333,-0.001034005489650207,-0.0027297744926765466,False,none,False,False
TFMN4.exp2.ACN3788.concY_largeLib_PCR_DpnI_cleanup.2,concY_largeLib_PCR_DpnI_cleanup,2,A16-B140,A16,B140,3,3,1,"3,4,6",0.007575757575757576,0.0,-0.03219356585544018,0.01762686912782603,0.6251667754946018,-0.009237381312540276,0.005166096360166354,-0.0012194532521000068,-0.003219356585544018,True,good,True,False
TFMN4.exp2.ACN3788.concY_largeLib_PCR_DpnI_cleanup.2,concY_largeLib_PCR_DpnI_cleanup,2,A196-B52,A196,B52,3,11,5,"3,4,6",0.022727272727272728,0.0,-0.03707305848144034,0.12223217820881338,0.04397298031777375,-0.008991537216365435,0.03504986062021281,-0.0014042825182363765,-0.003707305848144034,False,fair,True,False
TFMN4.exp2.ACN3788.concY_largeLib_PCR_DpnI_cleanup.2,concY_largeLib_PCR_DpnI_cleanup,2,A63-B117,A63,B117,1,2,2,4,0.0,0.0,-0.05092917246180461,0.14422783419011606,0.05868664719595351,-0.014597658937947938,0.04219613896369676,-0.001929135320522902,-0.005092917246180461,False,none,False,False
TFMN4.exp2.ACN3788.concY_largeLib_PCR_DpnI_cleanup.2,concY_largeLib_PCR_DpnI_cleanup,2,A90-B18,A90,B18,1,2,2,4,0.0,0.0,-0.05092917246180461,0.14422783419011606,0.05868664719595351,-0.014597658937947938,0.04219613896369676,-0.001929135320522902,-0.005092917246180461,False,none,False,False
TFMN4.exp2.ACN3788.concY_largeLib_PCR_DpnI_cleanup.2,concY_largeLib_PCR_DpnI_cleanup,2,A78-B75,A78,B75,3,5,2,"3,4,6",0.015151515151515152,0.0,-0.0587987039716815,0.07841691949626399,0.21943071341898224,-0.01670463754198975,0.02258971072917602,-0.002227223635290966,-0.00587987039716815,False,fair,True,False
TFMN4.exp2.ACN3788.concY_largeLib_PCR_DpnI_cleanup.2,concY_largeLib_PCR_DpnI_cleanup,2,A20-B6,A20,B6,4,47,21,"3,4,6,13",0.1590909090909091,0.01904761904761905,-0.07830776242872808,0.07513506962417134,0.3519614450169949,-0.023246510516777487,0.021279770695298364,-0.0029662031223003063,-0.007830776242872808,False,fair,True,False
TFMN4.exp2.ACN3788.concY_largeLib_PCR_DpnI_cleanup.2,concY_largeLib_PCR_DpnI_cleanup,2,A81-B87,A81,B87,3,14,6,"3,4,6",0.022727272727272728,0.0,-0.07944200794849393,0.11243046280885743,0.19976521186927798,-0.020813412217625414,0.0326890394252559,-0.0030091669677459825,-0.007944200794849393,False,fair,True,False
TFMN4.exp2.ACN3788.concY_largeLib_PCR_DpnI_cleanup.2,concY_largeLib_PCR_DpnI_cleanup,2,A196-B84,A196,B84,3,61,31,"3,4,6",0.08333333333333333,0.0,-0.08448869840862686,0.21315093346593691,0.07283650365013317,-0.020331436873073625,0.060148958771470376,-0.00320032948517526,-0.008448869840862686,False,fair,True,False
TFMN4.exp2.ACN3788.concY_largeLib_PCR_DpnI_cleanup.2,concY_largeLib_PCR_DpnI_cleanup,2,A20-B84,A20,B84,4,23,10,"3,4,6,13",0.07575757575757576,0.004761904761904762,-0.09414365226457207,0.10104968939316902,0.3026462340766066,-0.027058731615443973,0.02883999345329721,-0.0035660474342640936,-0.009414365226457206,False,fair,True,False
TFMN4.exp2.ACN3788.concY_largeLib_PCR_DpnI_cleanup.2,concY_largeLib_PCR_DpnI_cleanup,2,A20-B13,A20,B13,1,2,2,3,0.015151515151515152,0.0,-0.0957565380870187,0.14232638220376692,0.18455670335706298,-0.028963442666781556,0.04065065506740807,-0.003627141594205254,-0.00957565380870187,False,none,False,False
TFMN4.exp2.ACN3788.concY_largeLib_PCR_DpnI_cleanup.2,concY_largeLib_PCR_DpnI_cleanup,2,A90-B52,A90,B52,1,2,2,3,0.015151515151515152,0.0,-0.0957565380870187,0.14232638220376692,0.18455670335706298,-0.028963442666781556,0.04065065506740807,-0.003627141594205254,-0.00957565380870187,False,none,False,False
TFMN4.exp2.ACN3788.concY_largeLib_PCR_DpnI_cleanup.2,concY_largeLib_PCR_DpnI_cleanup,2,A152-B47,A152,B47,3,5,2,"3,4,6",0.015151515151515152,0.0,-0.09973941256435069,0.02758359416266412,0.8673274215023032,-0.029053435563538937,0.00737451120802014,-0.0037780080516799505,-0.00997394125643507,True,good,True,False
TFMN4.exp2.ACN3788.concY_largeLib_PCR_DpnI_cleanup.2,concY_largeLib_PCR_DpnI_cleanup,2,A186-B84,A186,B84,2,3,2,"3,4",0.015151515151515152,0.0,-0.10081493594660862,0.10384702313273617,0.3202959843818134,-0.03025986615632476,0.029476207388394113,-0.003818747573735175,-0.010081493594660863,True,fair,True,False
TFMN4.exp2.ACN3788.concY_largeLib_PCR_DpnI_cleanup.2,concY_largeLib_PCR_DpnI_cleanup,2,A143-B13,A143,B13,2,4,2,"3,4",0.015151515151515152,0.0,-0.11249409218887926,0.09634982540458054,0.4053271428374069,-0.03322329167667366,0.02748841250724125,-0.004261139855639366,-0.011249409218887927,True,fair,True,False
TFMN4.exp2.ACN3788.concY_largeLib_PCR_DpnI_cleanup.2,concY_largeLib_PCR_DpnI_cleanup,2,A78-B101,A78,B101,3,8,4,"3,4,6",0.030303030303030304,0.0,-0.11369122248444824,0.12538998439838342,0.2913095682655661,-0.032520238817885114,0.035655032106931106,-0.004306485700168494,-0.011369122248444824,False,fair,True,False
TFMN4.exp2.ACN3788.concY_largeLib_PCR_DpnI_cleanup.2,concY_largeLib_PCR_DpnI_cleanup,2,A96-B79,A96,B79,3,12,6,"3,4,6",0.045454545454545456,0.0,-0.12117043043032145,0.16604051318977134,0.21028395378986442,-0.03400419400164266,0.04701657394302158,-0.004589789031451571,-0.012117043043032145,False,fair,True,False
TFMN4.exp2.ACN3788.concY_largeLib_PCR_DpnI_cleanup.2,concY_largeLib_PCR_DpnI_cleanup,2,A20-B126,A20,B126,3,17,10,"3,4,6",0.007575757575757576,0.0,-0.1236595014059467,0.22133895981031795,0.1349977403727367,-0.03304235074463919,0.0642524684165447,-0.004684072022952527,-0.01236595014059467,False,fair,True,False
TFMN4.exp2.ACN3788.concY_largeLib_PCR_DpnI_cleanup.2,concY_largeLib_PCR_DpnI_cleanup,2,A196-B46,A196,B46,2,9,6,"4,6",0.0,0.0,-0.14157183477716936,0.18756646359876625,0.22169788724653383,-0.03990949099673636,0.054910009849870337,-0.005362569499135204,-0.014157183477716936,True,fair,True,False
TFMN4.exp2.ACN3788.concY_largeLib_PCR_DpnI_cleanup.2,concY_largeLib_PCR_DpnI_cleanup,2,A63-B79,A63,B79,3,7,3,"3,4,6",0.022727272727272728,0.0,-0.1477818700125819,0.05374689143689879,0.7908002428175107,-0.04299772308075598,0.014746547326649071,-0.005597798106537193,-0.01477818700125819,True,good,True,False
TFMN4.exp2.ACN3788.concY_largeLib_PCR_DpnI_cleanup.2,concY_largeLib_PCR_DpnI_cleanup,2,A16-B145,A16,B145,3,15,8,"3,4,6",0.030303030303030304,0.0,-0.17259947652448218,0.11336495493958826,0.5368271130131528,-0.04815325313935372,0.033228763365966474,-0.006537858959260689,-0.017259947652448218,False,fair,True,False
TFMN4.exp2.ACN3788.concY_largeLib_PCR_DpnI_cleanup.2,concY_largeLib_PCR_DpnI_cleanup,2,A186-B70,A186,B70,1,4,4,3,0.030303030303030304,0.0,-0.17999277245893935,0.1867796770528006,0.3170909091221982,-0.05357657632223937,0.05299309254568977,-0.0068179080476870975,-0.017999277245893935,False,none,False,False
TFMN4.exp2.ACN3788.concY_largeLib_PCR_DpnI_cleanup.2,concY_largeLib_PCR_DpnI_cleanup,2,A196-B15,A196,B15,3,11,9,"3,4,6",0.007575757575757576,0.0,-0.2039073310962359,0.26258196657202865,0.23166339475909192,-0.05777391794731957,0.07669000798148212,-0.007723762541524088,-0.02039073310962359,False,fair,True,False
TFMN4.exp2.ACN3788.concY_largeLib_PCR_DpnI_cleanup.3,concY_largeLib_PCR_DpnI_cleanup,3,A81-B6,A81,B6,4,69,48,"3,4,6,13",0.0189873417721519,0.2981366459627329,0.27363902081705593,0.04065875482895174,0.9577120119223322,0.08093354074938665,0.011280180034700367,0.010365114424888484,0.027363902081705593,False,high,True,True
TFMN4.exp2.ACN3788.concY_largeLib_PCR_DpnI_cleanup.3,concY_largeLib_PCR_DpnI_cleanup,3,A96-B26,A96,B26,1,3,3,13,0.0,0.018633540372670808,0.26767671633893914,0.03276131533847449,0.9709121644722827,0.07816823386860805,0.010331113320000149,0.010139269558293149,0.026767671633893913,False,none,False,False
TFMN4.exp2.ACN3788.concY_largeLib_PCR_DpnI_cleanup.3,concY_largeLib_PCR_DpnI_cleanup,3,A153-B6,A153,B6,4,43,29,"3,4,6,13",0.056962025316455694,0.18012422360248448,0.2036195783052704,0.07162578452331597,0.8016198644554818,0.058886882578422846,0.021357140514735314,0.007712862814593576,0.02036195783052704,False,high,True,False
TFMN4.exp2.ACN3788.concY_largeLib_PCR_DpnI_cleanup.3,concY_largeLib_PCR_DpnI_cleanup,3,A90-B18,A90,B18,2,5,4,"3,13",0.006329113924050633,0.024844720496894408,0.2013191098581196,0.07058522570235722,0.8026585027769194,0.058214697082468334,0.021086595081415,0.007625723858262106,0.02013191098581196,True,fair,True,False
TFMN4.exp2.ACN3788.concY_largeLib_PCR_DpnI_cleanup.3,concY_largeLib_PCR_DpnI_cleanup,3,A196-B164,A196,B164,1,1,1,13,0.0,0.006211180124223602,0.1707433588928748,0.024843769417711388,0.9593774806736706,0.04976996946958087,0.007811236207212258,0.006467551473214955,0.01707433588928748,False,none,False,False
TFMN4.exp2.ACN3788.concY_largeLib_PCR_DpnI_cleanup.3,concY_largeLib_PCR_DpnI_cleanup,3,A196-B55,A196,B55,1,1,1,13,0.0,0.006211180124223602,0.1707433588928748,0.024843769417711388,0.9593774806736706,0.04976996946958087,0.007811236207212258,0.006467551473214955,0.01707433588928748,False,none,False,False
TFMN4.exp2.ACN3788.concY_largeLib_PCR_DpnI_cleanup.3,concY_largeLib_PCR_DpnI_cleanup,3,A83-B134,A83,B134,1,1,1,13,0.0,0.006211180124223602,0.1707433588928748,0.024843769417711388,0.9593774806736706,0.04976996946958087,0.007811236207212258,0.006467551473214955,0.01707433588928748,False,none,False,False
TFMN4.exp2.ACN3788.concY_largeLib_PCR_DpnI_cleanup.3,concY_largeLib_PCR_DpnI_cleanup,3,A83-B6,A83,B6,1,1,1,13,0.0,0.006211180124223602,0.1707433588928748,0.024843769417711388,0.9593774806736706,0.04976996946958087,0.007811236207212258,0.006467551473214955,0.01707433588928748,False,none,False,False
TFMN4.exp2.ACN3788.concY_largeLib_PCR_DpnI_cleanup.3,concY_largeLib_PCR_DpnI_cleanup,3,A63-B6,A63,B6,4,37,15,"3,4,6,13",0.04430379746835443,0.09316770186335403,0.13067282344449874,0.02045822038265209,0.95326843107001,0.03817838148941222,0.006092322624154023,0.004949728160776467,0.013067282344449874,False,high,True,False
TFMN4.exp2.ACN3788.concY_largeLib_PCR_DpnI_cleanup.3,concY_largeLib_PCR_DpnI_cleanup,3,A81-B117,A81,B117,4,7,3,"3,4,6,13",0.006329113924050633,0.018633540372670808,0.11352190758892984,0.04178990932049358,0.7867649869273853,0.03312901161997455,0.012332789780660639,0.004300072257156434,0.011352190758892985,False,good,True,False
TFMN4.exp2.ACN3788.concY_largeLib_PCR_DpnI_cleanup.3,concY_largeLib_PCR_DpnI_cleanup,3,A83-B138,A83,B138,3,10,4,"4,6,13",0.0,0.024844720496894408,0.10477136679912553,0.06310893351200846,0.5794922014721371,0.03104990618253248,0.018420870201588693,0.003968612378754756,0.010477136679912553,False,fair,True,False
TFMN4.exp2.ACN3788.concY_largeLib_PCR_DpnI_cleanup.3,concY_largeLib_PCR_DpnI_cleanup,3,A78-B137,A78,B137,4,39,20,"3,4,6,13",0.0189873417721519,0.06832298136645963,0.08225315639321155,0.10315492191426547,0.24121907379672924,0.025105998071047964,0.02999660362810194,0.0031156498633792256,0.008225315639321155,False,fair,True,False
TFMN4.exp2.ACN3788.concY_largeLib_PCR_DpnI_cleanup.3,concY_largeLib_PCR_DpnI_cleanup,3,A83-B84,A83,B84,4,15,6,"3,4,6,13",0.012658227848101266,0.024844720496894408,0.04576384549062324,0.06513739533313934,0.19795006801960424,0.013487640115614489,0.019027066334479092,0.001733478995856941,0.004576384549062324,False,fair,True,False
TFMN4.exp2.ACN3788.concY_largeLib_PCR_DpnI_cleanup.3,concY_largeLib_PCR_DpnI_cleanup,3,A15-B117,A15,B117,1,1,1,6,0.0,0.0,0.0302471943914408,0.10641464664472627,0.038827439250384455,0.00995178546988182,0.030891779887184,0.0011457270602818486,0.00302471943914408,False,none,False,False
TFMN4.exp2.ACN3788.concY_largeLib_PCR_DpnI_cleanup.3,concY_largeLib_PCR_DpnI_cleanup,3,A176-B18,A176,B18,1,1,1,6,0.0,0.0,0.0302471943914408,0.10641464664472627,0.038827439250384455,0.00995178546988182,0.030891779887184,0.0011457270602818486,0.00302471943914408,False,none,False,False
TFMN4.exp2.ACN3788.concY_largeLib_PCR_DpnI_cleanup.3,concY_largeLib_PCR_DpnI_cleanup,3,A20-B69,A20,B69,1,1,1,6,0.0,0.0,0.0302471943914408,0.10641464664472627,0.038827439250384455,0.00995178546988182,0.030891779887184,0.0011457270602818486,0.00302471943914408,False,none,False,False
TFMN4.exp2.ACN3788.concY_largeLib_PCR_DpnI_cleanup.3,concY_largeLib_PCR_DpnI_cleanup,3,A83-B137,A83,B137,1,1,1,6,0.0,0.0,0.0302471943914408,0.10641464664472627,0.038827439250384455,0.00995178546988182,0.030891779887184,0.0011457270602818486,0.00302471943914408,False,none,False,False
TFMN4.exp2.ACN3788.concY_largeLib_PCR_DpnI_cleanup.3,concY_largeLib_PCR_DpnI_cleanup,3,A96-B132,A96,B132,1,1,1,6,0.0,0.0,0.0302471943914408,0.10641464664472627,0.038827439250384455,0.00995178546988182,0.030891779887184,0.0011457270602818486,0.00302471943914408,False,none,False,False
TFMN4.exp2.ACN3788.concY_largeLib_PCR_DpnI_cleanup.3,concY_largeLib_PCR_DpnI_cleanup,3,A96-B75,A96,B75,1,1,1,6,0.0,0.0,0.0302471943914408,0.10641464664472627,0.038827439250384455,0.00995178546988182,0.030891779887184,0.0011457270602818486,0.00302471943914408,False,none,False,False
TFMN4.exp2.ACN3788.concY_largeLib_PCR_DpnI_cleanup.3,concY_largeLib_PCR_DpnI_cleanup,3,A196-B2,A196,B2,4,29,11,"3,4,6,13",0.03164556962025317,0.031055900621118012,0.020174475850717508,0.05213983776005838,0.06964409395984561,0.006450131415884407,0.015099987256852887,0.0007641846913150572,0.002017447585071751,False,fair,True,False
TFMN4.exp2.ACN3788.concY_largeLib_PCR_DpnI_cleanup.3,concY_largeLib_PCR_DpnI_cleanup,3,A78-B159,A78,B159,2,3,2,"3,13",0.012658227848101266,0.006211180124223602,0.017284164288502924,0.09985899042077014,0.014758262648513543,0.004355338881492136,0.029014920769427736,0.0006547031927463229,0.0017284164288502925,True,fair,True,False
TFMN4.exp2.ACN3788.concY_largeLib_PCR_DpnI_cleanup.3,concY_largeLib_PCR_DpnI_cleanup,3,A63-B122,A63,B122,1,2,2,6,0.0,0.0,0.01597403312653421,0.18129340145502976,0.003866807769995373,0.006807215260391109,0.05283349969559937,0.0006050770123687201,0.0015974033126534208,False,none,False,False
TFMN4.exp2.ACN3788.concY_largeLib_PCR_DpnI_cleanup.3,concY_largeLib_PCR_DpnI_cleanup,3,A78-B47,A78,B47,1,2,2,6,0.0,0.0,0.01597403312653421,0.18129340145502976,0.003866807769995373,0.006807215260391109,0.05283349969559937,0.0006050770123687201,0.0015974033126534208,False,none,False,False
TFMN4.exp2.ACN3788.concY_largeLib_PCR_DpnI_cleanup.3,concY_largeLib_PCR_DpnI_cleanup,3,A16-B137,A16,B137,4,17,9,"3,4,6,13",0.0189873417721519,0.012422360248447204,0.010961919874155644,0.11369684462334861,0.00462628723795333,0.004490378783259448,0.03300972912636857,0.0004152242376574108,0.0010961919874155645,False,fair,True,False
TFMN4.exp2.ACN3788.concY_largeLib_PCR_DpnI_cleanup.3,concY_largeLib_PCR_DpnI_cleanup,3,A20-B71,A20,B71,4,8,4,"3,4,6,13",0.012658227848101266,0.006211180124223602,0.008386409444897443,0.0872665023937288,0.004596488276501609,0.003164968984759582,0.025310367029233397,0.00031766702442793346,0.0008386409444897443,False,fair,True,False
TFMN4.exp2.ACN3788.concY_largeLib_PCR_DpnI_cleanup.3,concY_largeLib_PCR_DpnI_cleanup,3,A81-B174,A81,B174,1,3,3,6,0.0,0.0,0.0047756874843480875,0.2351464960152262,0.0002061936192819802,0.00433564219033248,0.06864093708076122,0.00018089725319500333,0.00047756874843480875,False,none,False,False
TFMN4.exp2.ACN3788.concY_largeLib_PCR_DpnI_cleanup.3,concY_largeLib_PCR_DpnI_cleanup,3,A16-B154,A16,B154,2,4,3,"3,6",0.006329113924050633,0.0,-0.012043961798940732,0.17972627488465986,0.0022403276743387934,-0.0014590711592147461,0.05185297620635149,-0.00045621067420230046,-0.001204396179894073,True,fair,True,False
TFMN4.exp2.ACN3788.concY_largeLib_PCR_DpnI_cleanup.3,concY_largeLib_PCR_DpnI_cleanup,3,A78-B40,A78,B40,3,5,3,"3,4,6",0.006329113924050633,0.0,-0.019390013087969192,0.14161018698942676,0.009287204071933397,-0.0036795732468735305,0.040941198664083425,-0.0007344701927261058,-0.0019390013087969191,False,fair,True,False
TFMN4.exp2.ACN3788.concY_largeLib_PCR_DpnI_cleanup.3,concY_largeLib_PCR_DpnI_cleanup,3,A81-B137,A81,B137,3,10,5,"3,6,13",0.03164556962025317,0.012422360248447204,-0.0196943229017975,0.08680525921348171,0.02509134613736541,-0.006134205500478095,0.025085634580923128,-0.0007459970796135418,-0.00196943229017975,True,fair,True,False
TFMN4.exp2.ACN3788.concY_largeLib_PCR_DpnI_cleanup.3,concY_largeLib_PCR_DpnI_cleanup,3,A196-B87,A196,B87,4,82,33,"3,4,6,13",0.10126582278481013,0.055900621118012424,-0.02114273547523153,0.07537995214058682,0.03784643991235981,-0.005178166371568263,0.02201984705916879,-0.0008008611922436186,-0.002114273547523153,False,fair,True,False
TFMN4.exp2.ACN3788.concY_largeLib_PCR_DpnI_cleanup.3,concY_largeLib_PCR_DpnI_cleanup,3,A196-B123,A196,B123,2,3,2,"3,6",0.006329113924050633,0.0,-0.025734316485286683,0.13191489110597424,0.018673307338368583,-0.006307135331300107,0.038157296574861485,-0.0009747847153517683,-0.0025734316485286684,True,fair,True,False
TFMN4.exp2.ACN3788.concY_largeLib_PCR_DpnI_cleanup.3,concY_largeLib_PCR_DpnI_cleanup,3,A78-B3,A78,B3,2,2,1,"4,6",0.0,0.0,-0.02637955634288153,0.09492033251423304,0.03718182947094084,-0.00676891171655496,0.027813646126404745,-0.000999225619048543,-0.0026379556342881532,True,fair,True,False
TFMN4.exp2.ACN3788.concY_largeLib_PCR_DpnI_cleanup.3,concY_largeLib_PCR_DpnI_cleanup,3,A186-B26,A186,B26,4,15,5,"3,4,6,13",0.03164556962025317,0.012422360248447204,-0.029460736151613633,0.011905777154880006,0.7537887227428047,-0.008664744696909539,0.0033043646671373226,-0.0011159369754399104,-0.0029460736151613633,True,good,True,False
TFMN4.exp2.ACN3788.concY_largeLib_PCR_DpnI_cleanup.3,concY_largeLib_PCR_DpnI_cleanup,3,A96-B27,A96,B27,3,7,4,"3,4,6",0.012658227848101266,0.0,-0.032447627214540774,0.15585102050967792,0.021213128690034,-0.007445725897410832,0.04478156178329394,-0.0012290767884295748,-0.0032447627214540775,False,fair,True,False
TFMN4.exp2.ACN3788.concY_largeLib_PCR_DpnI_cleanup.3,concY_largeLib_PCR_DpnI_cleanup,3,A152-B27,A152,B27,1,1,1,4,0.0,0.0,-0.03369577017431763,0.10453272122328633,0.04938779670631177,-0.0096316895027284,0.030559288312443384,-0.001276354930845365,-0.003369577017431763,False,none,False,False
TFMN4.exp2.ACN3788.concY_largeLib_PCR_DpnI_cleanup.3,concY_largeLib_PCR_DpnI_cleanup,3,A176-B59,A176,B59,1,1,1,4,0.0,0.0,-0.03369577017431763,0.10453272122328633,0.04938779670631177,-0.0096316895027284,0.030559288312443384,-0.001276354930845365,-0.003369577017431763,False,none,False,False
TFMN4.exp2.ACN3788.concY_largeLib_PCR_DpnI_cleanup.3,concY_largeLib_PCR_DpnI_cleanup,3,A20-B101,A20,B101,1,1,1,4,0.0,0.0,-0.03369577017431763,0.10453272122328633,0.04938779670631177,-0.0096316895027284,0.030559288312443384,-0.001276354930845365,-0.003369577017431763,False,none,False,False
TFMN4.exp2.ACN3788.concY_largeLib_PCR_DpnI_cleanup.3,concY_largeLib_PCR_DpnI_cleanup,3,A63-B147,A63,B147,1,1,1,4,0.0,0.0,-0.03369577017431763,0.10453272122328633,0.04938779670631177,-0.0096316895027284,0.030559288312443384,-0.001276354930845365,-0.003369577017431763,False,none,False,False
TFMN4.exp2.ACN3788.concY_largeLib_PCR_DpnI_cleanup.3,concY_largeLib_PCR_DpnI_cleanup,3,A81-B11,A81,B11,1,1,1,4,0.0,0.0,-0.03369577017431763,0.10453272122328633,0.04938779670631177,-0.0096316895027284,0.030559288312443384,-0.001276354930845365,-0.003369577017431763,False,none,False,False
TFMN4.exp2.ACN3788.concY_largeLib_PCR_DpnI_cleanup.3,concY_largeLib_PCR_DpnI_cleanup,3,A196-B136,A196,B136,3,17,8,"3,4,6",0.02531645569620253,0.0,-0.03478635882028899,0.16347010146691718,0.022140515937221106,-0.007261394839227137,0.04654861711706337,-0.0013176651068291286,-0.0034786358820288995,True,fair,True,False
TFMN4.exp2.ACN3788.concY_largeLib_PCR_DpnI_cleanup.3,concY_largeLib_PCR_DpnI_cleanup,3,A196-B79,A196,B79,4,32,12,"3,4,6,13",0.05063291139240506,0.024844720496894408,-0.040768267818479,0.042964324073125094,0.31043652094781204,-0.01165800694761262,0.012576055163540508,-0.0015442525688817803,-0.004076826781847899,False,fair,True,False
TFMN4.exp2.ACN3788.concY_largeLib_PCR_DpnI_cleanup.3,concY_largeLib_PCR_DpnI_cleanup,3,A21-B6,A21,B6,4,28,9,"3,4,6,13",0.05063291139240506,0.018633540372670808,-0.04921340518241965,0.01933724075129087,0.7640691063458823,-0.014063148616471486,0.005857931485300223,-0.0018641441356977142,-0.004921340518241965,True,good,True,False
TFMN4.exp2.ACN3788.concY_largeLib_PCR_DpnI_cleanup.3,concY_largeLib_PCR_DpnI_cleanup,3,A81-B132,A81,B132,3,7,4,"3,6,13",0.02531645569620253,0.006211180124223602,-0.053623266170512586,0.09597433887700228,0.13501307135507323,-0.016051870846888295,0.027578545964937324,-0.0020311843246406283,-0.005362326617051259,True,fair,True,False
TFMN4.exp2.ACN3788.concY_largeLib_PCR_DpnI_cleanup.3,concY_largeLib_PCR_DpnI_cleanup,3,A196-B51,A196,B51,4,30,16,"3,4,6,13",0.0189873417721519,0.024844720496894408,-0.05412735883801001,0.11858977974367438,0.09433576373610819,-0.015411900659832884,0.034757303190891854,-0.0020502787438640155,-0.005412735883801001,False,fair,True,False
TFMN4.exp2.ACN3788.concY_largeLib_PCR_DpnI_cleanup.3,concY_largeLib_PCR_DpnI_cleanup,3,A196-B93,A196,B93,1,1,1,3,0.006329113924050633,0.0,-0.05470564417229031,0.08792242911863905,0.1621763544055551,-0.016659972256988752,0.02519132467682105,-0.0020721834913746333,-0.0054705644172290315,False,none,False,False
TFMN4.exp2.ACN3788.concY_largeLib_PCR_DpnI_cleanup.3,concY_largeLib_PCR_DpnI_cleanup,3,A20-B34,A20,B34,1,1,1,3,0.006329113924050633,0.0,-0.05470564417229031,0.08792242911863905,0.1621763544055551,-0.016659972256988752,0.02519132467682105,-0.0020721834913746333,-0.0054705644172290315,False,none,False,False
TFMN4.exp2.ACN3788.concY_largeLib_PCR_DpnI_cleanup.3,concY_largeLib_PCR_DpnI_cleanup,3,A83-B50,A83,B50,1,1,1,3,0.006329113924050633,0.0,-0.05470564417229031,0.08792242911863905,0.1621763544055551,-0.016659972256988752,0.02519132467682105,-0.0020721834913746333,-0.0054705644172290315,False,none,False,False
TFMN4.exp2.ACN3788.concY_largeLib_PCR_DpnI_cleanup.3,concY_largeLib_PCR_DpnI_cleanup,3,A96-B12,A96,B12,1,1,1,3,0.006329113924050633,0.0,-0.05470564417229031,0.08792242911863905,0.1621763544055551,-0.016659972256988752,0.02519132467682105,-0.0020721834913746333,-0.0054705644172290315,False,none,False,False
TFMN4.exp2.ACN3788.concY_largeLib_PCR_DpnI_cleanup.3,concY_largeLib_PCR_DpnI_cleanup,3,A196-B171,A196,B171,3,27,11,"3,4,6",0.04430379746835443,0.0,-0.058047563868463554,0.15167554149508947,0.068235891460243,-0.013845364661989648,0.043065101877691005,-0.0021987713586539225,-0.005804756386846356,True,fair,True,False
TFMN4.exp2.ACN3788.concY_largeLib_PCR_DpnI_cleanup.3,concY_largeLib_PCR_DpnI_cleanup,3,A196-B15,A196,B15,2,4,2,"4,6",0.0,0.0,-0.0654107760467299,0.14301140677547844,0.09469403689169253,-0.01758206527373346,0.041984833767987534,-0.002477680910860981,-0.00654107760467299,True,fair,True,False
TFMN4.exp2.ACN3788.concY_largeLib_PCR_DpnI_cleanup.3,concY_largeLib_PCR_DpnI_cleanup,3,A90-B6,A90,B6,3,7,5,"4,6,13",0.0,0.006211180124223602,-0.0664201713834539,0.14314725199359338,0.0971857040113504,-0.019365132038236473,0.042000753120334515,-0.002515915582706587,-0.006642017138345389,False,fair,True,False
TFMN4.exp2.ACN3788.concY_largeLib_PCR_DpnI_cleanup.3,concY_largeLib_PCR_DpnI_cleanup,3,A16-B117,A16,B117,3,8,4,"3,4,6",0.0189873417721519,0.0,-0.0690542030575466,0.1409168304821948,0.10719645260529753,-0.018460004652031688,0.040458922753103206,-0.0026156895097555533,-0.00690542030575466,False,fair,True,False
TFMN4.exp2.ACN3788.concY_largeLib_PCR_DpnI_cleanup.3,concY_largeLib_PCR_DpnI_cleanup,3,A186-B3,A186,B3,4,17,8,"3,4,6,13",0.012658227848101266,0.006211180124223602,-0.08013701751367486,0.12546794341404305,0.16941597828432142,-0.022031905172993593,0.036828760316407534,-0.0030354930876391995,-0.008013701751367485,False,fair,True,False
TFMN4.exp2.ACN3788.concY_largeLib_PCR_DpnI_cleanup.3,concY_largeLib_PCR_DpnI_cleanup,3,A12-B60,A12,B60,1,2,2,4,0.0,0.0,-0.09197571122478333,0.15891362406827425,0.14346307632490252,-0.026488702649730633,0.0465493206363891,-0.0034839284554842175,-0.009197571122478333,False,none,False,False
TFMN4.exp2.ACN3788.concY_largeLib_PCR_DpnI_cleanup.3,concY_largeLib_PCR_DpnI_cleanup,3,A16-B65,A16,B65,1,2,2,4,0.0,0.0,-0.09197571122478333,0.15891362406827425,0.14346307632490252,-0.026488702649730633,0.0465493206363891,-0.0034839284554842175,-0.009197571122478333,False,none,False,False
TFMN4.exp2.ACN3788.concY_largeLib_PCR_DpnI_cleanup.3,concY_largeLib_PCR_DpnI_cleanup,3,A159-B69,A159,B69,1,2,2,3,0.012658227848101266,0.0,-0.1208124832275923,0.1274294670136584,0.3100695929359305,-0.03607137645694575,0.03622802655552404,-0.004576230425287588,-0.01208124832275923,False,none,False,False
TFMN4.exp2.ACN3788.concY_largeLib_PCR_DpnI_cleanup.3,concY_largeLib_PCR_DpnI_cleanup,3,A16-B3,A16,B3,1,2,2,3,0.012658227848101266,0.0,-0.1208124832275923,0.1274294670136584,0.3100695929359305,-0.03607137645694575,0.03622802655552404,-0.004576230425287588,-0.01208124832275923,False,none,False,False
TFMN4.exp2.ACN3788.concY_largeLib_PCR_DpnI_cleanup.3,concY_largeLib_PCR_DpnI_cleanup,3,A186-B13,A186,B13,1,2,2,3,0.012658227848101266,0.0,-0.1208124832275923,0.1274294670136584,0.3100695929359305,-0.03607137645694575,0.03622802655552404,-0.004576230425287588,-0.01208124832275923,False,none,False,False
TFMN4.exp2.ACN3788.concY_largeLib_PCR_DpnI_cleanup.3,concY_largeLib_PCR_DpnI_cleanup,3,A81-B165,A81,B165,1,2,2,3,0.012658227848101266,0.0,-0.1208124832275923,0.1274294670136584,0.3100695929359305,-0.03607137645694575,0.03622802655552404,-0.004576230425287588,-0.01208124832275923,False,none,False,False
TFMN4.exp2.ACN3788.concY_largeLib_PCR_DpnI_cleanup.3,concY_largeLib_PCR_DpnI_cleanup,3,A143-B117,A143,B117,2,3,2,"3,4",0.012658227848101266,0.0,-0.12816124629875297,0.09031798302313371,0.5016895082735267,-0.03795425294460662,0.025466719274123563,-0.004854592662831552,-0.012816124629875298,True,fair,True,False
TFMN4.exp2.ACN3788.concY_largeLib_PCR_DpnI_cleanup.3,concY_largeLib_PCR_DpnI_cleanup,3,A196-B152,A196,B152,2,3,2,"3,4",0.012658227848101266,0.0,-0.12816124629875297,0.09031798302313371,0.5016895082735267,-0.03795425294460662,0.025466719274123563,-0.004854592662831552,-0.012816124629875298,True,fair,True,False
TFMN4.exp2.ACN3788.concY_largeLib_PCR_DpnI_cleanup.3,concY_largeLib_PCR_DpnI_cleanup,3,A63-B75,A63,B75,2,3,2,"3,4",0.012658227848101266,0.0,-0.12816124629875297,0.09031798302313371,0.5016895082735267,-0.03795425294460662,0.025466719274123563,-0.004854592662831552,-0.012816124629875298,True,fair,True,False
TFMN4.exp2.ACN3788.concY_largeLib_PCR_DpnI_cleanup.3,concY_largeLib_PCR_DpnI_cleanup,3,A16-B79,A16,B79,1,3,3,4,0.0,0.0,-0.13470300507675562,0.1955121808420784,0.19181683923007165,-0.03886539670171687,0.05732873963918555,-0.005102386555937713,-0.013470300507675562,False,none,False,False
TFMN4.exp2.ACN3788.concY_largeLib_PCR_DpnI_cleanup.3,concY_largeLib_PCR_DpnI_cleanup,3,A186-B147,A186,B147,2,4,2,"3,4",0.012658227848101266,0.0,-0.1413409866451562,0.09674887752573047,0.5162357878153367,-0.04130352422831571,0.027705924889966243,-0.005353825251710463,-0.01413409866451562,True,fair,True,False
TFMN4.exp2.ACN3788.concY_largeLib_PCR_DpnI_cleanup.3,concY_largeLib_PCR_DpnI_cleanup,3,A196-B75,A196,B75,3,8,5,"3,4,6",0.006329113924050633,0.0,-0.15298847868440094,0.17284745167245466,0.28145802584442525,-0.042784546354238256,0.050596244404956955,-0.005795018131984884,-0.015298847868440093,False,fair,True,False
TFMN4.exp2.ACN3788.concY_largeLib_PCR_DpnI_cleanup.3,concY_largeLib_PCR_DpnI_cleanup,3,A81-B91,A81,B91,2,4,3,"3,6",0.0189873417721519,0.0,-0.15317862983377362,0.1223006188985739,0.43957135349336307,-0.04485411060649037,0.034523511800032755,-0.005802220827036879,-0.015317862983377362,True,fair,True,False
TFMN4.exp2.ACN3788.concY_largeLib_PCR_DpnI_cleanup.3,concY_largeLib_PCR_DpnI_cleanup,3,A90-B117,A90,B117,1,3,3,3,0.0189873417721519,0.0,-0.1674863508297686,0.15298950938347164,0.37470554427752245,-0.04971618812877887,0.04333889401530548,-0.006344179955673053,-0.01674863508297686,False,none,False,False
TFMN4.exp2.ACN3788.concY_largeLib_PCR_DpnI_cleanup.3,concY_largeLib_PCR_DpnI_cleanup,3,A96-B87,A96,B87,1,4,4,4,0.0,0.0,-0.16787718479690647,0.22290973089730068,0.2209367744607622,-0.0484818406276307,0.06540393108022306,-0.006358984272610094,-0.01678771847969065,False,none,False,False
TFMN4.exp2.ACN3788.concY_largeLib_PCR_DpnI_cleanup.3,concY_largeLib_PCR_DpnI_cleanup,3,A196-B27,A196,B27,3,16,8,"3,4,6",0.05063291139240506,0.0,-0.18882079419777095,0.10669905977704985,0.6102646744694811,-0.053207009748029784,0.030155771691350995,-0.007152302810521627,-0.018882079419777095,False,good,True,False
TFMN4.exp2.ACN3788.concY_largeLib_PCR_DpnI_cleanup.3,concY_largeLib_PCR_DpnI_cleanup,3,A16-B4,A16,B4,1,4,4,3,0.02531645569620253,0.0,-0.20310689072282723,0.17183051418004636,0.41127439113266495,-0.06010985996132621,0.04857323459956096,-0.007693442830410123,-0.02031068907228272,False,none,False,False
TFMN4.exp2.ACN3788.concY_largeLib_PCR_DpnI_cleanup.3,concY_largeLib_PCR_DpnI_cleanup,3,A196-B4,A196,B4,3,11,6,"3,4,6",0.02531645569620253,0.0,-0.2214823730480077,0.13822998456065355,0.5621029366072472,-0.06306425984010135,0.04012165623035235,-0.008389483827576049,-0.02214823730480077,False,fair,True,False
TFMN4.exp2.ACN3788.concY_largeLib_PCR_DpnI_cleanup.3,concY_largeLib_PCR_DpnI_cleanup,3,A196-B52,A196,B52,3,12,9,"3,4,6",0.006329113924050633,0.0,-0.2340389447142799,0.2636272760157889,0.28267226794701183,-0.06600996535985075,0.07698950165633188,-0.008865111542207572,-0.023403894471427992,False,fair,True,False
TFMN4.exp2.ACN3788.concY_largeLib_PCR_DpnI_cleanup.3,concY_largeLib_PCR_DpnI_cleanup,3,A152-B151,A152,B151,2,9,6,"3,4",0.0379746835443038,0.0,-0.2543140332541361,0.13485452550868665,0.6400541806606626,-0.07460082115985228,0.03739953928867683,-0.00963310732023243,-0.02543140332541361,True,fair,True,False
TFMN4.exp2.ACN3788.concY_largeLib_PCR_DpnI_cleanup.4,concY_largeLib_PCR_DpnI_cleanup,4,A81-B12,A81,B12,1,2,2,13,0.0,0.00819672131147541,0.28696744735008367,0.018370733758634603,0.9918703352912526,0.08399161035649003,0.005285186469127241,0.01086997906629105,0.028696744735008366,False,none,False,False
TFMN4.exp2.ACN3788.concY_largeLib_PCR_DpnI_cleanup.4,concY_largeLib_PCR_DpnI_cleanup,4,A196-B4,A196,B4,4,474,240,"3,4,6,13",0.04666666666666667,0.9836065573770492,0.1976724139670392,0.10112251980814449,0.6564264605285539,0.05899462329614865,0.029378189493229498,0.0074875914381454245,0.019767241396703918,True,good,True,True
TFMN4.exp2.ACN3788.concY_largeLib_PCR_DpnI_cleanup.4,concY_largeLib_PCR_DpnI_cleanup,4,A176-B30,A176,B30,3,7,4,"3,4,13",0.006666666666666667,0.00819672131147541,0.10420379201203528,0.07473976602419907,0.492881799214951,0.0306579663083534,0.02173080166172999,0.003947113333789215,0.010420379201203528,False,fair,True,False
TFMN4.exp2.ACN3788.concY_largeLib_PCR_DpnI_cleanup.4,concY_largeLib_PCR_DpnI_cleanup,4,A196-B52,A196,B52,1,1,1,6,0.0,0.0,0.09514167983716143,0.19626479395321292,0.10514302264217923,0.029790274710673942,0.05677943444058403,0.003603851508983388,0.009514167983716144,False,none,False,False
TFMN4.exp2.ACN3788.concY_largeLib_PCR_DpnI_cleanup.4,concY_largeLib_PCR_DpnI_cleanup,4,A63-B26,A63,B26,1,1,1,6,0.0,0.0,0.09514167983716143,0.19626479395321292,0.10514302264217923,0.029790274710673942,0.05677943444058403,0.003603851508983388,0.009514167983716144,False,none,False,False
TFMN4.exp2.ACN3788.concY_largeLib_PCR_DpnI_cleanup.4,concY_largeLib_PCR_DpnI_cleanup,4,A96-B6,A96,B6,1,1,1,6,0.0,0.0,0.09514167983716143,0.19626479395321292,0.10514302264217923,0.029790274710673942,0.05677943444058403,0.003603851508983388,0.009514167983716144,False,none,False,False
TFMN4.exp2.ACN3788.concY_largeLib_PCR_DpnI_cleanup.4,concY_largeLib_PCR_DpnI_cleanup,4,A196-B117,A196,B117,2,3,2,"4,6",0.0,0.0,0.07565230741353068,0.23869651654500973,0.047823321862373924,0.024931101071180378,0.06911344516458522,0.0028656177050579807,0.007565230741353068,True,fair,True,False
TFMN4.exp2.ACN3788.concY_largeLib_PCR_DpnI_cleanup.4,concY_largeLib_PCR_DpnI_cleanup,4,A152-B2,A152,B2,1,1,1,4,0.0,0.0,0.051734980963880746,0.07677313490043229,0.1850367762236701,0.015644613473536694,0.022234796103169963,0.001959658369843968,0.005173498096388075,False,none,False,False
TFMN4.exp2.ACN3788.concY_largeLib_PCR_DpnI_cleanup.4,concY_largeLib_PCR_DpnI_cleanup,4,A63-B18,A63,B18,1,1,1,4,0.0,0.0,0.051734980963880746,0.07677313490043229,0.1850367762236701,0.015644613473536694,0.022234796103169963,0.001959658369843968,0.005173498096388075,False,none,False,False
TFMN4.exp2.ACN3788.concY_largeLib_PCR_DpnI_cleanup.4,concY_largeLib_PCR_DpnI_cleanup,4,A78-B144,A78,B144,1,1,1,4,0.0,0.0,0.051734980963880746,0.07677313490043229,0.1850367762236701,0.015644613473536694,0.022234796103169963,0.001959658369843968,0.005173498096388075,False,none,False,False
TFMN4.exp2.ACN3788.concY_largeLib_PCR_DpnI_cleanup.4,concY_largeLib_PCR_DpnI_cleanup,4,A81-B87,A81,B87,1,1,1,4,0.0,0.0,0.051734980963880746,0.07677313490043229,0.1850367762236701,0.015644613473536694,0.022234796103169963,0.001959658369843968,0.005173498096388075,False,none,False,False
TFMN4.exp2.ACN3788.concY_largeLib_PCR_DpnI_cleanup.4,concY_largeLib_PCR_DpnI_cleanup,4,A83-B101,A83,B101,2,6,3,"3,6",0.02,0.0,0.028106177079249797,0.224830918485315,0.007753203740766601,0.010105036927518308,0.06400326816068364,0.001064627919668553,0.0028106177079249796,True,fair,True,False
TFMN4.exp2.ACN3788.concY_largeLib_PCR_DpnI_cleanup.4,concY_largeLib_PCR_DpnI_cleanup,4,A152-B9,A152,B9,1,1,1,3,0.006666666666666667,0.0,0.026750660513727355,0.07979335073778833,0.053206058660190014,0.007327412409430324,0.023169454327968197,0.0010132825952169453,0.0026750660513727353,False,none,False,False
TFMN4.exp2.ACN3788.concY_largeLib_PCR_DpnI_cleanup.4,concY_largeLib_PCR_DpnI_cleanup,4,A16-B101,A16,B101,1,1,1,3,0.006666666666666667,0.0,0.026750660513727355,0.07979335073778833,0.053206058660190014,0.007327412409430324,0.023169454327968197,0.0010132825952169453,0.0026750660513727353,False,none,False,False
TFMN4.exp2.ACN3788.concY_largeLib_PCR_DpnI_cleanup.4,concY_largeLib_PCR_DpnI_cleanup,4,A16-B12,A16,B12,1,1,1,3,0.006666666666666667,0.0,0.026750660513727355,0.07979335073778833,0.053206058660190014,0.007327412409430324,0.023169454327968197,0.0010132825952169453,0.0026750660513727353,False,none,False,False
TFMN4.exp2.ACN3788.concY_largeLib_PCR_DpnI_cleanup.4,concY_largeLib_PCR_DpnI_cleanup,4,A176-B103,A176,B103,1,1,1,3,0.006666666666666667,0.0,0.026750660513727355,0.07979335073778833,0.053206058660190014,0.007327412409430324,0.023169454327968197,0.0010132825952169453,0.0026750660513727353,False,none,False,False
TFMN4.exp2.ACN3788.concY_largeLib_PCR_DpnI_cleanup.4,concY_largeLib_PCR_DpnI_cleanup,4,A186-B137,A186,B137,1,1,1,3,0.006666666666666667,0.0,0.026750660513727355,0.07979335073778833,0.053206058660190014,0.007327412409430324,0.023169454327968197,0.0010132825952169453,0.0026750660513727353,False,none,False,False
TFMN4.exp2.ACN3788.concY_largeLib_PCR_DpnI_cleanup.4,concY_largeLib_PCR_DpnI_cleanup,4,A196-B165,A196,B165,1,1,1,3,0.006666666666666667,0.0,0.026750660513727355,0.07979335073778833,0.053206058660190014,0.007327412409430324,0.023169454327968197,0.0010132825952169453,0.0026750660513727353,False,none,False,False
TFMN4.exp2.ACN3788.concY_largeLib_PCR_DpnI_cleanup.4,concY_largeLib_PCR_DpnI_cleanup,4,A78-B143,A78,B143,1,1,1,3,0.006666666666666667,0.0,0.026750660513727355,0.07979335073778833,0.053206058660190014,0.007327412409430324,0.023169454327968197,0.0010132825952169453,0.0026750660513727353,False,none,False,False
TFMN4.exp2.ACN3788.concY_largeLib_PCR_DpnI_cleanup.4,concY_largeLib_PCR_DpnI_cleanup,4,A81-B42,A81,B42,1,1,1,3,0.006666666666666667,0.0,0.026750660513727355,0.07979335073778833,0.053206058660190014,0.007327412409430324,0.023169454327968197,0.0010132825952169453,0.0026750660513727353,False,none,False,False
TFMN4.exp2.ACN3788.concY_largeLib_PCR_DpnI_cleanup.4,concY_largeLib_PCR_DpnI_cleanup,4,A90-B123,A90,B123,1,1,1,3,0.006666666666666667,0.0,0.026750660513727355,0.07979335073778833,0.053206058660190014,0.007327412409430324,0.023169454327968197,0.0010132825952169453,0.0026750660513727353,False,none,False,False
TFMN4.exp2.ACN3788.concY_largeLib_PCR_DpnI_cleanup.4,concY_largeLib_PCR_DpnI_cleanup,4,A152-B171,A152,B171,2,2,1,"3,4",0.006666666666666667,0.0,0.007726157325913224,0.00936000263475594,0.2541092081144726,0.0021606551128219376,0.0027476797595234657,0.00029265747446641005,0.0007726157325913224,True,fair,True,False
TFMN4.exp2.ACN3788.concY_largeLib_PCR_DpnI_cleanup.4,concY_largeLib_PCR_DpnI_cleanup,4,A176-B101,A176,B101,2,2,1,"3,4",0.006666666666666667,0.0,0.007726157325913224,0.00936000263475594,0.2541092081144726,0.0021606551128219376,0.0027476797595234657,0.00029265747446641005,0.0007726157325913224,True,fair,True,False
TFMN4.exp2.ACN3788.concY_largeLib_PCR_DpnI_cleanup.4,concY_largeLib_PCR_DpnI_cleanup,4,A81-B117,A81,B117,2,2,1,"3,4",0.006666666666666667,0.0,0.007726157325913224,0.00936000263475594,0.2541092081144726,0.0021606551128219376,0.0027476797595234657,0.00029265747446641005,0.0007726157325913224,True,fair,True,False
TFMN4.exp2.ACN3788.concY_largeLib_PCR_DpnI_cleanup.4,concY_largeLib_PCR_DpnI_cleanup,4,A153-B101,A153,B101,1,2,2,4,0.0,0.0,-0.0007657486060286751,0.12320393282019633,1.9314563747596658e-05,0.00045587313110580403,0.03600163592830352,-2.9005629016237694e-05,-7.657486060286751e-05,False,none,False,False
TFMN4.exp2.ACN3788.concY_largeLib_PCR_DpnI_cleanup.4,concY_largeLib_PCR_DpnI_cleanup,4,A153-B165,A153,B165,1,2,2,4,0.0,0.0,-0.0007657486060286751,0.12320393282019633,1.9314563747596658e-05,0.00045587313110580403,0.03600163592830352,-2.9005629016237694e-05,-7.657486060286751e-05,False,none,False,False
TFMN4.exp2.ACN3788.concY_largeLib_PCR_DpnI_cleanup.4,concY_largeLib_PCR_DpnI_cleanup,4,A78-B101,A78,B101,1,2,2,4,0.0,0.0,-0.0007657486060286751,0.12320393282019633,1.9314563747596658e-05,0.00045587313110580403,0.03600163592830352,-2.9005629016237694e-05,-7.657486060286751e-05,False,none,False,False
TFMN4.exp2.ACN3788.concY_largeLib_PCR_DpnI_cleanup.4,concY_largeLib_PCR_DpnI_cleanup,4,A78-B70,A78,B70,2,3,2,"3,4",0.006666666666666667,0.0,-0.017361460468744264,0.06187688209874695,0.037872023917847386,-0.004700027754339192,0.018016060571445072,-0.0006576310783615252,-0.0017361460468744265,True,fair,True,False
TFMN4.exp2.ACN3788.concY_largeLib_PCR_DpnI_cleanup.4,concY_largeLib_PCR_DpnI_cleanup,4,A143-B130,A143,B130,1,2,2,3,0.013333333333333334,0.0,-0.03580586945351173,0.11332403105897308,0.047542292933101304,-0.011134387687140583,0.03259755790984278,-0.0013562829338451415,-0.0035805869453511734,False,none,False,False
TFMN4.exp2.ACN3788.concY_largeLib_PCR_DpnI_cleanup.4,concY_largeLib_PCR_DpnI_cleanup,4,A16-B75,A16,B75,1,2,2,3,0.013333333333333334,0.0,-0.03580586945351173,0.11332403105897308,0.047542292933101304,-0.011134387687140583,0.03259755790984278,-0.0013562829338451415,-0.0035805869453511734,False,none,False,False
TFMN4.exp2.ACN3788.concY_largeLib_PCR_DpnI_cleanup.4,concY_largeLib_PCR_DpnI_cleanup,4,A63-B2,A63,B2,1,2,2,3,0.013333333333333334,0.0,-0.03580586945351173,0.11332403105897308,0.047542292933101304,-0.011134387687140583,0.03259755790984278,-0.0013562829338451415,-0.0035805869453511734,False,none,False,False
TFMN4.exp2.ACN3788.concY_largeLib_PCR_DpnI_cleanup.4,concY_largeLib_PCR_DpnI_cleanup,4,A78-B155,A78,B155,1,2,2,3,0.013333333333333334,0.0,-0.03580586945351173,0.11332403105897308,0.047542292933101304,-0.011134387687140583,0.03259755790984278,-0.0013562829338451415,-0.0035805869453511734,False,none,False,False
TFMN4.exp2.ACN3788.concY_largeLib_PCR_DpnI_cleanup.4,concY_largeLib_PCR_DpnI_cleanup,4,A83-B130,A83,B130,1,2,2,3,0.013333333333333334,0.0,-0.03580586945351173,0.11332403105897308,0.047542292933101304,-0.011134387687140583,0.03259755790984278,-0.0013562829338451415,-0.0035805869453511734,False,none,False,False
TFMN4.exp2.ACN3788.concY_largeLib_PCR_DpnI_cleanup.4,concY_largeLib_PCR_DpnI_cleanup,4,A96-B101,A96,B101,1,2,2,3,0.013333333333333334,0.0,-0.03580586945351173,0.11332403105897308,0.047542292933101304,-0.011134387687140583,0.03259755790984278,-0.0013562829338451415,-0.0035805869453511734,False,none,False,False
TFMN4.exp2.ACN3788.concY_largeLib_PCR_DpnI_cleanup.4,concY_largeLib_PCR_DpnI_cleanup,4,A153-B117,A153,B117,2,4,3,"3,4",0.006666666666666667,0.0,-0.040182736344737145,0.10824537528571072,0.06446033030991094,-0.01096096416346541,0.03158726901209178,-0.0015220733463915585,-0.004018273634473714,True,fair,True,False
TFMN4.exp2.ACN3788.concY_largeLib_PCR_DpnI_cleanup.4,concY_largeLib_PCR_DpnI_cleanup,4,A81-B18,A81,B18,2,4,3,"3,4",0.006666666666666667,0.0,-0.040182736344737145,0.10824537528571072,0.06446033030991094,-0.01096096416346541,0.03158726901209178,-0.0015220733463915585,-0.004018273634473714,True,fair,True,False
TFMN4.exp2.ACN3788.concY_largeLib_PCR_DpnI_cleanup.4,concY_largeLib_PCR_DpnI_cleanup,4,A83-B18,A83,B18,2,4,3,"3,4",0.006666666666666667,0.0,-0.040182736344737145,0.10824537528571072,0.06446033030991094,-0.01096096416346541,0.03158726901209178,-0.0015220733463915585,-0.004018273634473714,True,fair,True,False
TFMN4.exp2.ACN3788.concY_largeLib_PCR_DpnI_cleanup.4,concY_largeLib_PCR_DpnI_cleanup,4,A196-B65,A196,B65,1,3,3,4,0.0,0.0,-0.04032968459495961,0.15702044553421218,0.031931073894291506,-0.011005758661931526,0.04599872050133023,-0.0015276395679908942,-0.004032968459495961,False,none,False,False
TFMN4.exp2.ACN3788.concY_largeLib_PCR_DpnI_cleanup.4,concY_largeLib_PCR_DpnI_cleanup,4,A81-B30,A81,B30,2,7,5,"4,6",0.0,0.0,-0.04470004689894764,0.20189997294951248,0.023922025731703545,-0.010996871895005172,0.0589494011686341,-0.0016931835946571076,-0.004470004689894764,True,fair,True,False
TFMN4.exp2.ACN3788.concY_largeLib_PCR_DpnI_cleanup.4,concY_largeLib_PCR_DpnI_cleanup,4,A176-B6,A176,B6,2,5,4,"3,4",0.006666666666666667,0.0,-0.06009533093907526,0.14559322654144075,0.07849913521067364,-0.0164345096075967,0.04254173536328634,-0.00227633829314679,-0.006009533093907526,True,fair,True,False
TFMN4.exp2.ACN3788.concY_largeLib_PCR_DpnI_cleanup.4,concY_largeLib_PCR_DpnI_cleanup,4,A196-B6,A196,B6,2,22,15,"4,6",0.0,0.0,-0.06415156225682532,0.27855520940796213,0.025834186674553727,-0.015505247496457408,0.08058271143733095,-0.002429983418819141,-0.006415156225682532,True,fair,True,False
TFMN4.exp2.ACN3788.concY_largeLib_PCR_DpnI_cleanup.4,concY_largeLib_PCR_DpnI_cleanup,4,A63-B117,A63,B117,2,6,5,"3,4",0.006666666666666667,0.0,-0.0774604403546422,0.17663869182190023,0.08771774812213928,-0.021213933739328384,0.051660144579238856,-0.0029341075891909925,-0.00774604403546422,True,fair,True,False
TFMN4.exp2.ACN3788.concY_largeLib_PCR_DpnI_cleanup.4,concY_largeLib_PCR_DpnI_cleanup,4,A152-B15,A152,B15,1,3,3,3,0.02,0.0,-0.0806574545149124,0.13688978212346847,0.1479114205585862,-0.02429542707681434,0.0391720636059786,-0.0030552066104133483,-0.00806574545149124,False,none,False,False
TFMN4.exp2.ACN3788.concY_largeLib_PCR_DpnI_cleanup.4,concY_largeLib_PCR_DpnI_cleanup,4,A81-B70,A81,B70,1,3,3,3,0.02,0.0,-0.0806574545149124,0.13688978212346847,0.1479114205585862,-0.02429542707681434,0.0391720636059786,-0.0030552066104133483,-0.00806574545149124,False,none,False,False
TFMN4.exp2.ACN3788.concY_largeLib_PCR_DpnI_cleanup.4,concY_largeLib_PCR_DpnI_cleanup,4,A90-B11,A90,B11,1,3,3,3,0.02,0.0,-0.0806574545149124,0.13688978212346847,0.1479114205585862,-0.02429542707681434,0.0391720636059786,-0.0030552066104133483,-0.00806574545149124,False,none,False,False
TFMN4.exp2.ACN3788.concY_largeLib_PCR_DpnI_cleanup.4,concY_largeLib_PCR_DpnI_cleanup,4,A196-B70,A196,B70,3,7,4,"3,4,6",0.02666666666666667,0.0,-0.08309868743363162,0.07510134652818912,0.3797130532287917,-0.02409543004796149,0.021397680037778467,-0.003147677554304228,-0.008309868743363162,True,fair,True,False
TFMN4.exp2.ACN3788.concY_largeLib_PCR_DpnI_cleanup.4,concY_largeLib_PCR_DpnI_cleanup,4,A196-B136,A196,B136,2,6,3,"3,4",0.02,0.0,-0.09131862066283193,0.053896386557924,0.5893878550560623,-0.026588649974400483,0.01539027825505025,-0.0034590386614709065,-0.009131862066283193,True,fair,True,False
TFMN4.exp2.ACN3788.concY_largeLib_PCR_DpnI_cleanup.4,concY_largeLib_PCR_DpnI_cleanup,4,A196-B103,A196,B103,2,8,6,"3,4",0.013333333333333334,0.0,-0.09551190084648738,0.16878487290018973,0.1380126326049227,-0.02626491890396629,0.04931809440811449,-0.003617875032063916,-0.009551190084648737,True,fair,True,False
TFMN4.exp2.ACN3788.concY_largeLib_PCR_DpnI_cleanup.4,concY_largeLib_PCR_DpnI_cleanup,4,A196-B85,A196,B85,3,15,8,"3,4,6",0.03333333333333333,0.0,-0.09562911830649264,0.10157968616110244,0.3070643899586917,-0.025650627457398226,0.029777342701523088,-0.0036223150873671453,-0.009562911830649263,True,fair,True,False
TFMN4.exp2.ACN3788.concY_largeLib_PCR_DpnI_cleanup.4,concY_largeLib_PCR_DpnI_cleanup,4,A96-B79,A96,B79,2,7,4,"3,4",0.02,0.0,-0.09721211900751399,0.0787816557350177,0.43224025639317276,-0.027848628757801384,0.022911932023208022,-0.003682277235133106,-0.0097212119007514,True,fair,True,False
TFMN4.exp2.ACN3788.concY_largeLib_PCR_DpnI_cleanup.4,concY_largeLib_PCR_DpnI_cleanup,4,A78-B117,A78,B117,2,8,5,"3,4",0.02,0.0,-0.10289942174782452,0.10885464117914508,0.3088139625563484,-0.02906460993328749,0.03177491407104498,-0.0038977053692357774,-0.010289942174782452,True,fair,True,False
TFMN4.exp2.ACN3788.concY_largeLib_PCR_DpnI_cleanup.4,concY_largeLib_PCR_DpnI_cleanup,4,A96-B75,A96,B75,2,8,5,"3,4",0.02,0.0,-0.10289942174782452,0.10885464117914508,0.3088139625563484,-0.02906460993328749,0.03177491407104498,-0.0038977053692357774,-0.010289942174782452,True,fair,True,False
TFMN4.exp2.ACN3788.concY_largeLib_PCR_DpnI_cleanup.4,concY_largeLib_PCR_DpnI_cleanup,4,A152-B154,A152,B154,2,5,4,"3,4",0.02666666666666667,0.0,-0.11452215945177122,0.1211839089300014,0.3086946315516914,-0.034337446966313606,0.03429097109084947,-0.004337960585294364,-0.011452215945177122,True,fair,True,False
TFMN4.exp2.ACN3788.concY_largeLib_PCR_DpnI_cleanup.4,concY_largeLib_PCR_DpnI_cleanup,4,A152-B32,A152,B32,2,5,4,"3,4",0.02666666666666667,0.0,-0.11452215945177122,0.1211839089300014,0.3086946315516914,-0.034337446966313606,0.03429097109084947,-0.004337960585294364,-0.011452215945177122,True,fair,True,False
TFMN4.exp2.ACN3788.concY_largeLib_PCR_DpnI_cleanup.4,concY_largeLib_PCR_DpnI_cleanup,4,A78-B18,A78,B18,1,4,4,3,0.02666666666666667,0.0,-0.11516906090450967,0.15474301931459838,0.2168910808154858,-0.034395899742743194,0.04414093513784602,-0.004362464428201124,-0.011516906090450967,False,none,False,False
TFMN4.exp2.ACN3788.concY_largeLib_PCR_DpnI_cleanup.4,concY_largeLib_PCR_DpnI_cleanup,4,A152-B151,A152,B151,2,7,4,"3,4",0.02666666666666667,0.0,-0.11808465140970514,0.06281866087966909,0.6385674735035414,-0.034684691894129274,0.01750370330803188,-0.004472903462488831,-0.011808465140970514,True,fair,True,False
TFMN4.exp2.ACN3788.concY_largeLib_PCR_DpnI_cleanup.4,concY_largeLib_PCR_DpnI_cleanup,4,A196-B147,A196,B147,1,6,6,4,0.0,0.0,-0.11853896726275057,0.22144888706994972,0.12531346024564394,-0.033684642176690496,0.06502822376160558,-0.00449011239631631,-0.011853896726275057,False,none,False,False
TFMN4.exp2.ACN3788.concY_largeLib_PCR_DpnI_cleanup.4,concY_largeLib_PCR_DpnI_cleanup,4,A16-B51,A16,B51,2,11,7,"3,4",0.02666666666666667,0.0,-0.12711932605494244,0.13892274000443536,0.29510229334407856,-0.035559002624741945,0.04057033449604202,-0.004815125986929639,-0.012711932605494244,True,fair,True,False
TFMN4.exp2.ACN3788.concY_largeLib_PCR_DpnI_cleanup.4,concY_largeLib_PCR_DpnI_cleanup,4,A196-B9,A196,B9,3,22,14,"3,4,6",0.04,0.0,-0.13044406306071665,0.19093108986959303,0.1892204682617964,-0.034390851046778144,0.055406866838316665,-0.004941062994724116,-0.013044406306071666,False,fair,True,False
TFMN4.exp2.ACN3788.concY_largeLib_PCR_DpnI_cleanup.4,concY_largeLib_PCR_DpnI_cleanup,4,A196-B75,A196,B75,2,14,12,"3,4",0.013333333333333334,0.0,-0.13895008630324746,0.29392596652697633,0.10050975073290636,-0.03731157097277581,0.08596146997598912,-0.005263260844819979,-0.013895008630324746,True,fair,True,False
TFMN4.exp2.ACN3788.concY_largeLib_PCR_DpnI_cleanup.4,concY_largeLib_PCR_DpnI_cleanup,4,A196-B79,A196,B79,2,18,14,"3,4",0.02666666666666667,0.0,-0.13943355504913024,0.28200517537726416,0.10891989083941012,-0.03674858621727639,0.08218701674853882,-0.005281574054891297,-0.013943355504913024,True,fair,True,False
TFMN4.exp2.ACN3788.concY_largeLib_PCR_DpnI_cleanup.4,concY_largeLib_PCR_DpnI_cleanup,4,A196-B174,A196,B174,2,16,11,"3,4",0.03333333333333333,0.0,-0.1430507315189727,0.2052054543676799,0.1954824930777329,-0.0388900941264107,0.05984990453935103,-0.005418588315112603,-0.01430507315189727,True,fair,True,False
TFMN4.exp2.ACN3788.concY_largeLib_PCR_DpnI_cleanup.4,concY_largeLib_PCR_DpnI_cleanup,4,A196-B98,A196,B98,2,9,5,"3,4",0.03333333333333333,0.0,-0.14305073151897274,0.07062139529767855,0.6722953901232622,-0.041779263365223425,0.019729824770592833,-0.005418588315112604,-0.014305073151897274,True,fair,True,False
TFMN4.exp2.ACN3788.concY_largeLib_PCR_DpnI_cleanup.4,concY_largeLib_PCR_DpnI_cleanup,4,A153-B6,A153,B6,3,15,8,"3,4,6",0.04,0.0,-0.1450801470128388,0.08110184793054763,0.6153870656280405,-0.04060416122674571,0.024005054151813882,-0.005495460114122682,-0.014508014701283881,True,good,True,False
TFMN4.exp2.ACN3788.concY_largeLib_PCR_DpnI_cleanup.4,concY_largeLib_PCR_DpnI_cleanup,4,A196-B150,A196,B150,2,19,10,"3,4",0.06,0.0,-0.19616621134100165,0.12184753004155432,0.5644485812357329,-0.0555927108717455,0.03532668286737599,-0.007430538308371275,-0.019616621134100166,True,fair,True,False
TFMN4.exp2.ACN3788.concY_largeLib_PCR_DpnI_cleanup.4,concY_largeLib_PCR_DpnI_cleanup,4,A196-B171,A196,B171,2,14,9,"3,4",0.06,0.0,-0.2177532151498923,0.11009708676628593,0.6616940027542354,-0.0639335629128593,0.030045601188362074,-0.00824822784658683,-0.02177532151498923,True,fair,True,False
TFMN4.exp2.ACN3788.concY_largeLib_PCR_DpnI_cleanup.4,concY_largeLib_PCR_DpnI_cleanup,4,A16-B117,A16,B117,1,11,11,3,0.07333333333333333,0.0,-0.2458411971881408,0.22202994303568593,0.3800348970605265,-0.07254180744755728,0.06284878194394626,-0.009312166560156848,-0.02458411971881408,False,none,False,False
